ISO-10303-21;
HEADER;
FILE_DESCRIPTION (( 'STEP AP214' ),
    '1' );
FILE_NAME ('5-5530843-0.STEP',
    '2024-08-01T23:07:43',
    ( '' ),
    ( '' ),
    'SwSTEP 2.0',
    'SolidWorks 2021',
    '' );
FILE_SCHEMA (( 'AUTOMOTIVE_DESIGN' ));
ENDSEC;

DATA;
#1 = CARTESIAN_POINT ( 'NONE',  ( 13.97000000000000242, 13.96999999999999886, -0.9905999999999994809 ) ) ;
#2 = AXIS2_PLACEMENT_3D ( 'NONE', #5693, #2023, #4256 ) ;
#3 = SURFACE_STYLE_USAGE ( .BOTH. , #5174 ) ;
#4 = DIRECTION ( 'NONE',  ( 0.000000000000000000, -1.000000000000000000, 0.000000000000000000 ) ) ;
#5 = CARTESIAN_POINT ( 'NONE',  ( 4.114800000000001567, 1.523999999999999355, 2.226310000000002010 ) ) ;
#6 = EDGE_CURVE ( 'NONE', #6615, #9263, #5773, .T. ) ;
#7 = DIRECTION ( 'NONE',  ( -0.000000000000000000, 1.000000000000000000, -0.000000000000000000 ) ) ;
#8 = EDGE_CURVE ( 'NONE', #2224, #8688, #4664, .T. ) ;
#9 = PLANE ( 'NONE',  #3647 ) ;
#10 = ADVANCED_FACE ( 'NONE', ( #1709 ), #3981, .F. ) ;
#11 = CARTESIAN_POINT ( 'NONE',  ( 1.574800000000001088, -3.175000000000000711, -2.226310000000000233 ) ) ;
#12 = VECTOR ( 'NONE', #1576, 1000.000000000000000 ) ;
#13 = CARTESIAN_POINT ( 'NONE',  ( -16.00200000000000244, -3.175000000000000711, 2.226310000000002010 ) ) ;
#14 = CARTESIAN_POINT ( 'NONE',  ( 8.159750000000000725, 13.53961048947610912, -0.9905999999999682837 ) ) ;
#15 = DIRECTION ( 'NONE',  ( -0.000000000000000000, -0.000000000000000000, 1.000000000000000000 ) ) ;
#16 = UNCERTAINTY_MEASURE_WITH_UNIT (LENGTH_MEASURE( 1.000000000000000082E-05 ), #8424, 'distance_accuracy_value', 'NONE');
#17 = VERTEX_POINT ( 'NONE', #7683 ) ;
#18 = DIRECTION ( 'NONE',  ( 0.000000000000000000, 1.000000000000000000, 0.000000000000000000 ) ) ;
#19 = ORIENTED_EDGE ( 'NONE', *, *, #3436, .F. ) ;
#20 = DIRECTION ( 'NONE',  ( -0.2567226118398958090, -0.9664851269264842504, 0.000000000000000000 ) ) ;
#21 = ORIENTED_EDGE ( 'NONE', *, *, #6765, .F. ) ;
#22 =( GEOMETRIC_REPRESENTATION_CONTEXT ( 3 ) GLOBAL_UNCERTAINTY_ASSIGNED_CONTEXT ( ( #2033 ) ) GLOBAL_UNIT_ASSIGNED_CONTEXT ( ( #3513, #1498, #5218 ) ) REPRESENTATION_CONTEXT ( 'NONE', 'WORKASPACE' ) );
#23 = ORIENTED_EDGE ( 'NONE', *, *, #880, .F. ) ;
#24 = CARTESIAN_POINT ( 'NONE',  ( -8.585200000000000387, -3.175000000000000711, 2.625090000000000146 ) ) ;
#25 = EDGE_CURVE ( 'NONE', #1670, #7916, #1030, .T. ) ;
#26 = DIRECTION ( 'NONE',  ( 0.000000000000000000, 1.000000000000000000, 0.000000000000000000 ) ) ;
#27 = VECTOR ( 'NONE', #1681, 1000.000000000000000 ) ;
#28 =( GEOMETRIC_REPRESENTATION_CONTEXT ( 3 ) GLOBAL_UNCERTAINTY_ASSIGNED_CONTEXT ( ( #1557 ) ) GLOBAL_UNIT_ASSIGNED_CONTEXT ( ( #7834, #560, #7750 ) ) REPRESENTATION_CONTEXT ( 'NONE', 'WORKASPACE' ) );
#29 = ADVANCED_FACE ( 'NONE', ( #3876 ), #8356, .T. ) ;
#30 = ORIENTED_EDGE ( 'NONE', *, *, #3394, .T. ) ;
#31 = ORIENTED_EDGE ( 'NONE', *, *, #8818, .F. ) ;
#32 = CARTESIAN_POINT ( 'NONE',  ( -12.70000000000000284, 1.523999999999999355, -1.540677576214998235 ) ) ;
#33 = VECTOR ( 'NONE', #3787, 1000.000000000000000 ) ;
#34 = ORIENTED_EDGE ( 'NONE', *, *, #3333, .F. ) ;
#35 = CARTESIAN_POINT ( 'NONE',  ( -15.23999999999999666, 15.49400000000000155, 4.673600000000000421 ) ) ;
#36 = CIRCLE ( 'NONE', #4815, 0.7619999999999987894 ) ;
#37 = AXIS2_PLACEMENT_3D ( 'NONE', #4198, #3465, #6992 ) ;
#38 = ORIENTED_EDGE ( 'NONE', *, *, #8642, .T. ) ;
#39 = FACE_OUTER_BOUND ( 'NONE', #1660, .T. ) ;
#40 = VERTEX_POINT ( 'NONE', #6907 ) ;
#41 = LINE ( 'NONE', #7449, #4557 ) ;
#42 = FACE_OUTER_BOUND ( 'NONE', #1468, .T. ) ;
#43 =( LENGTH_UNIT ( ) NAMED_UNIT ( * ) SI_UNIT ( .MILLI., .METRE. ) );
#44 = VECTOR ( 'NONE', #8611, 1000.000000000000000 ) ;
#45 = DIRECTION ( 'NONE',  ( -0.000000000000000000, -0.000000000000000000, 1.000000000000000000 ) ) ;
#46 = VECTOR ( 'NONE', #5025, 1000.000000000000000 ) ;
#47 = CARTESIAN_POINT ( 'NONE',  ( -11.73480000000000345, 1.523999999999999355, 2.625090000000000146 ) ) ;
#48 =( NAMED_UNIT ( * ) SI_UNIT ( $, .STERADIAN. ) SOLID_ANGLE_UNIT ( ) );
#49 = ORIENTED_EDGE ( 'NONE', *, *, #8403, .F. ) ;
#50 = DIRECTION ( 'NONE',  ( 1.000000000000000000, -0.000000000000000000, -0.000000000000000000 ) ) ;
#51 = CIRCLE ( 'NONE', #3425, 2.158999999999999364 ) ;
#52 = VERTEX_POINT ( 'NONE', #6094 ) ;
#53 = SURFACE_SIDE_STYLE ('',( #6689 ) ) ;
#54 = ORIENTED_EDGE ( 'NONE', *, *, #5260, .F. ) ;
#55 = PLANE ( 'NONE',  #3452 ) ;
#56 = EDGE_CURVE ( 'NONE', #2063, #6817, #5527, .T. ) ;
#57 = DIRECTION ( 'NONE',  ( 0.000000000000000000, -0.000000000000000000, 1.000000000000000000 ) ) ;
#58 = VECTOR ( 'NONE', #187, 1000.000000000000000 ) ;
#59 = CARTESIAN_POINT ( 'NONE',  ( 3.505199999999999871, 0.000000000000000000, -2.625089999999998369 ) ) ;
#60 = PRESENTATION_LAYER_ASSIGNMENT (  '', '', ( #6348 ) ) ;
#61 = LINE ( 'NONE', #5265, #9003 ) ;
#62 = DIRECTION ( 'NONE',  ( 0.000000000000000000, -1.000000000000000000, 0.000000000000000000 ) ) ;
#63 = CARTESIAN_POINT ( 'NONE',  ( 0.5397499999999986198, 13.53961048947607893, 0.9905999999999317573 ) ) ;
#64 = VECTOR ( 'NONE', #5060, 1000.000000000000000 ) ;
#65 = CARTESIAN_POINT ( 'NONE',  ( 0.5603874999999258755, 1.523999999999980259, -2.625089999999998369 ) ) ;
#66 = MECHANICAL_DESIGN_GEOMETRIC_PRESENTATION_REPRESENTATION (  '', ( #7756 ), #3441 ) ;
#67 = EDGE_CURVE ( 'NONE', #7200, #3542, #279, .T. ) ;
#68 = EDGE_CURVE ( 'NONE', #9178, #6181, #6948, .T. ) ;
#69 = DIRECTION ( 'NONE',  ( 0.000000000000000000, 0.000000000000000000, -1.000000000000000000 ) ) ;
#70 = CARTESIAN_POINT ( 'NONE',  ( -3.100387499999933461, 1.523999999999980259, 2.625090000000000146 ) ) ;
#71 = CARTESIAN_POINT ( 'NONE',  ( 11.12520000000000131, 1.523999999999999355, 2.226310000000002010 ) ) ;
#72 = EDGE_CURVE ( 'NONE', #8903, #5487, #6185, .T. ) ;
#73 = VECTOR ( 'NONE', #1122, 1000.000000000000000 ) ;
#74 = LINE ( 'NONE', #8973, #8945 ) ;
#75 = AXIS2_PLACEMENT_3D ( 'NONE', #3984, #1669, #3205 ) ;
#76 = EDGE_LOOP ( 'NONE', ( #2597, #4448, #9155, #2911, #2963 ) ) ;
#77 = DIRECTION ( 'NONE',  ( -0.000000000000000000, -0.000000000000000000, 1.000000000000000000 ) ) ;
#78 = VERTEX_POINT ( 'NONE', #6860 ) ;
#79 = ORIENTED_EDGE ( 'NONE', *, *, #7978, .F. ) ;
#80 = CARTESIAN_POINT ( 'NONE',  ( -10.72038750000008100, 1.524000000000020227, 2.625090000000000146 ) ) ;
#81 = EDGE_CURVE ( 'NONE', #7620, #8754, #8410, .T. ) ;
#82 = AXIS2_PLACEMENT_3D ( 'NONE', #6484, #7880, #5632 ) ;
#83 = EDGE_CURVE ( 'NONE', #363, #5800, #7535, .T. ) ;
#84 = VECTOR ( 'NONE', #3283, 1000.000000000000114 ) ;
#85 = LINE ( 'NONE', #3009, #675 ) ;
#86 = ORIENTED_EDGE ( 'NONE', *, *, #3595, .T. ) ;
#87 = ORIENTED_EDGE ( 'NONE', *, *, #1029, .T. ) ;
#88 = VECTOR ( 'NONE', #8756, 1000.000000000000000 ) ;
#89 = FACE_OUTER_BOUND ( 'NONE', #879, .T. ) ;
#90 = ORIENTED_EDGE ( 'NONE', *, *, #1863, .T. ) ;
#91 = CLOSED_SHELL ( 'NONE', ( #7098, #2351, #538, #4814, #7109, #8870, #3472, #1235 ) ) ;
#92 = LINE ( 'NONE', #3015, #6649 ) ;
#93 = ORIENTED_EDGE ( 'NONE', *, *, #8368, .T. ) ;
#94 = CARTESIAN_POINT ( 'NONE',  ( -14.60500000000000043, 0.8890000000000009006, 1.540677576215000011 ) ) ;
#95 = EDGE_LOOP ( 'NONE', ( #3072, #5437, #8787, #2410 ) ) ;
#96 = CARTESIAN_POINT ( 'NONE',  ( -12.13961250000007652, 1.523999999999990695, -2.226310000000000233 ) ) ;
#97 = CARTESIAN_POINT ( 'NONE',  ( -11.73480000000000345, 1.523999999999999355, -2.625089999999998369 ) ) ;
#98 =( LENGTH_UNIT ( ) NAMED_UNIT ( * ) SI_UNIT ( .MILLI., .METRE. ) );
#99 = DIRECTION ( 'NONE',  ( 0.9895240333172653502, 0.000000000000000000, 0.1443682357290949625 ) ) ;
#100 = CARTESIAN_POINT ( 'NONE',  ( 9.620249999999996859, 10.33638951052389210, 0.9905999999999665073 ) ) ;
#101 = PLANE ( 'NONE',  #5813 ) ;
#102 = EDGE_CURVE ( 'NONE', #7916, #1416, #5011, .T. ) ;
#103 = EDGE_LOOP ( 'NONE', ( #1961, #6564, #1349, #6841 ) ) ;
#104 = LINE ( 'NONE', #6828, #7104 ) ;
#105 = ORIENTED_EDGE ( 'NONE', *, *, #1584, .T. ) ;
#106 = EDGE_LOOP ( 'NONE', ( #1233, #139 ) ) ;
#107 = ADVANCED_FACE ( 'NONE', ( #4572 ), #175, .T. ) ;
#108 = CARTESIAN_POINT ( 'NONE',  ( -0.9651999999999993918, 1.523999999999999355, -2.625089999999998369 ) ) ;
#109 = DIRECTION ( 'NONE',  ( -0.9797707055353557237, 0.000000000000000000, 0.2001233733843976736 ) ) ;
#110 = FACE_OUTER_BOUND ( 'NONE', #5187, .T. ) ;
#111 = CARTESIAN_POINT ( 'NONE',  ( 13.97000000000000242, 13.96999999999999886, -0.9905999999999994809 ) ) ;
#112 = LINE ( 'NONE', #4698, #2576 ) ;
#113 = CARTESIAN_POINT ( 'NONE',  ( 0.5397499999999986198, 11.93800000000000061, 2.438400000000000123 ) ) ;
#114 = CARTESIAN_POINT ( 'NONE',  ( -3.079749999999999321, 10.33638951052389210, -0.9905999999999682837 ) ) ;
#115 = AXIS2_PLACEMENT_3D ( 'NONE', #6970, #4212, #5659 ) ;
#116 = DIRECTION ( 'NONE',  ( 1.000000000000000000, 0.000000000000000000, 0.000000000000000000 ) ) ;
#117 = DIRECTION ( 'NONE',  ( 0.000000000000000000, 0.000000000000000000, -1.000000000000000000 ) ) ;
#118 = CARTESIAN_POINT ( 'NONE',  ( 3.505199999999999871, -3.175000000000000711, 2.226310000000002010 ) ) ;
#119 = DIRECTION ( 'NONE',  ( 0.000000000000000000, -1.000000000000000000, 0.000000000000000000 ) ) ;
#120 = PLANE ( 'NONE',  #3611 ) ;
#121 = LINE ( 'NONE', #8055, #3962 ) ;
#122 = VECTOR ( 'NONE', #6393, 1000.000000000000000 ) ;
#123 = DIRECTION ( 'NONE',  ( -0.000000000000000000, -1.000000000000000000, -0.000000000000000000 ) ) ;
#124 = ORIENTED_EDGE ( 'NONE', *, *, #4750, .F. ) ;
#125 = ADVANCED_FACE ( 'NONE', ( #2525 ), #7635, .T. ) ;
#126 = VECTOR ( 'NONE', #2336, 1000.000000000000000 ) ;
#127 = ORIENTED_EDGE ( 'NONE', *, *, #6171, .F. ) ;
#128 = CIRCLE ( 'NONE', #5520, 2.158999999999999364 ) ;
#129 = VERTEX_POINT ( 'NONE', #2374 ) ;
#130 = DIRECTION ( 'NONE',  ( 0.000000000000000000, 1.000000000000000000, 0.000000000000000000 ) ) ;
#131 = EDGE_CURVE ( 'NONE', #1481, #1591, #8257, .T. ) ;
#132 = VECTOR ( 'NONE', #1536, 1000.000000000000000 ) ;
#133 = LINE ( 'NONE', #2277, #4395 ) ;
#134 = ORIENTED_EDGE ( 'NONE', *, *, #3126, .T. ) ;
#135 = EDGE_LOOP ( 'NONE', ( #7480, #9313, #1140, #2330 ) ) ;
#136 = CARTESIAN_POINT ( 'NONE',  ( -9.620250000000003965, 15.49400000000000155, 0.000000000000000000 ) ) ;
#137 = VECTOR ( 'NONE', #386, 1000.000000000000000 ) ;
#138 = EDGE_CURVE ( 'NONE', #7745, #7389, #7906, .T. ) ;
#139 = ORIENTED_EDGE ( 'NONE', *, *, #5052, .F. ) ;
#140 = EDGE_CURVE ( 'NONE', #5660, #7560, #7772, .T. ) ;
#141 = DIRECTION ( 'NONE',  ( 0.000000000000000000, 1.000000000000000000, 0.000000000000000000 ) ) ;
#142 = COLOUR_RGB ( '',0.7921568627450980005, 0.8196078431372548767, 0.9333333333333333481 ) ;
#143 = ORIENTED_EDGE ( 'NONE', *, *, #7216, .T. ) ;
#144 = DIRECTION ( 'NONE',  ( -1.000000000000000000, 0.000000000000000000, 0.000000000000000000 ) ) ;
#145 = ORIENTED_EDGE ( 'NONE', *, *, #3715, .T. ) ;
#146 = EDGE_CURVE ( 'NONE', #2630, #2672, #1213, .T. ) ;
#147 = DIRECTION ( 'NONE',  ( 0.000000000000000000, 1.000000000000000000, 0.000000000000000000 ) ) ;
#148 = LINE ( 'NONE', #2337, #1276 ) ;
#149 = PLANE ( 'NONE',  #3433 ) ;
#150 = EDGE_CURVE ( 'NONE', #7942, #8490, #8624, .T. ) ;
#151 = CARTESIAN_POINT ( 'NONE',  ( 15.24000000000000021, 6.598346893384999134, -3.911600000000003075 ) ) ;
#152 = DIRECTION ( 'NONE',  ( 0.000000000000000000, -0.000000000000000000, -1.000000000000000000 ) ) ;
#153 = EDGE_LOOP ( 'NONE', ( #1080, #9033, #6575, #7060 ) ) ;
#154 = LINE ( 'NONE', #3073, #8804 ) ;
#155 = ORIENTED_EDGE ( 'NONE', *, *, #7722, .F. ) ;
#156 = CARTESIAN_POINT ( 'NONE',  ( -11.34110000000000618, 1.523999999999999355, -1.092199999999999838 ) ) ;
#157 = ORIENTED_EDGE ( 'NONE', *, *, #426, .T. ) ;
#158 = PLANE ( 'NONE',  #1781 ) ;
#159 = DIRECTION ( 'NONE',  ( 0.000000000000000000, 1.000000000000000000, 0.000000000000000000 ) ) ;
#160 = DIRECTION ( 'NONE',  ( 0.000000000000000000, -1.000000000000000000, 0.000000000000000000 ) ) ;
#161 = CARTESIAN_POINT ( 'NONE',  ( -15.23999999999999666, 15.51387510473823994, 3.048000000000002263 ) ) ;
#162 = LINE ( 'NONE', #1015, #6570 ) ;
#163 = EDGE_CURVE ( 'NONE', #3318, #8884, #3427, .T. ) ;
#164 = LINE ( 'NONE', #8192, #294 ) ;
#165 = PLANE ( 'NONE',  #1033 ) ;
#166 = LINE ( 'NONE', #6029, #3934 ) ;
#167 = DIRECTION ( 'NONE',  ( 0.000000000000000000, 1.000000000000000000, 0.000000000000000000 ) ) ;
#168 = DIRECTION ( 'NONE',  ( -1.000000000000000000, 0.000000000000000000, 0.000000000000000000 ) ) ;
#169 = CARTESIAN_POINT ( 'NONE',  ( -8.585200000000000387, 1.523999999999999355, -2.226310000000000233 ) ) ;
#170 = DIRECTION ( 'NONE',  ( -1.000000000000000000, 0.000000000000000000, 0.000000000000000000 ) ) ;
#171 = CARTESIAN_POINT ( 'NONE',  ( -12.70000000000000284, 0.000000000000000000, -2.540000000000002256 ) ) ;
#172 = LINE ( 'NONE', #7380, #2783 ) ;
#173 = EDGE_LOOP ( 'NONE', ( #6567, #2394, #93, #6378 ) ) ;
#174 = ORIENTED_EDGE ( 'NONE', *, *, #8999, .F. ) ;
#175 = PLANE ( 'NONE',  #8219 ) ;
#176 = DIRECTION ( 'NONE',  ( -0.9664851269265090083, -0.2567226118398023837, 0.000000000000000000 ) ) ;
#177 = EDGE_CURVE ( 'NONE', #303, #4852, #1459, .T. ) ;
#178 = ORIENTED_EDGE ( 'NONE', *, *, #8254, .T. ) ;
#179 = ORIENTED_EDGE ( 'NONE', *, *, #3540, .F. ) ;
#180 = DIRECTION ( 'NONE',  ( -0.000000000000000000, -0.000000000000000000, 1.000000000000000000 ) ) ;
#181 = VERTEX_POINT ( 'NONE', #9300 ) ;
#182 = DIRECTION ( 'NONE',  ( 0.000000000000000000, -1.000000000000000000, 0.000000000000000000 ) ) ;
#183 = ORIENTED_EDGE ( 'NONE', *, *, #5429, .T. ) ;
#184 = CARTESIAN_POINT ( 'NONE',  ( 0.9651999999999993918, 1.523999999999999355, -2.226310000000000233 ) ) ;
#185 = EDGE_LOOP ( 'NONE', ( #738, #699 ) ) ;
#186 = DIRECTION ( 'NONE',  ( -1.000000000000000000, 0.000000000000000000, 0.000000000000000000 ) ) ;
#187 = DIRECTION ( 'NONE',  ( -0.9797707111493118015, 0.000000000000000000, -0.2001233458994023939 ) ) ;
#188 = AXIS2_PLACEMENT_3D ( 'NONE', #151, #5302, #3116 ) ;
#189 = AXIS2_PLACEMENT_3D ( 'NONE', #3270, #9147, #6163 ) ;
#190 = EDGE_CURVE ( 'NONE', #5630, #5814, #4801, .T. ) ;
#191 = VECTOR ( 'NONE', #2411, 1000.000000000000114 ) ;
#192 = CARTESIAN_POINT ( 'NONE',  ( -3.079750000000005983, 15.49400000000000155, 0.9906000000000012573 ) ) ;
#193 = ORIENTED_EDGE ( 'NONE', *, *, #131, .T. ) ;
#194 = CARTESIAN_POINT ( 'NONE',  ( 8.585200000000000387, 1.523999999999999355, 2.625090000000000146 ) ) ;
#195 = LINE ( 'NONE', #4540, #7502 ) ;
#196 = EDGE_CURVE ( 'NONE', #8936, #7241, #9389, .T. ) ;
#197 = EDGE_LOOP ( 'NONE', ( #6158, #1689, #608, #4672 ) ) ;
#198 = VECTOR ( 'NONE', #3370, 1000.000000000000000 ) ;
#199 = DIRECTION ( 'NONE',  ( -1.000000000000000000, 0.000000000000000000, 0.000000000000000000 ) ) ;
#200 = ORIENTED_EDGE ( 'NONE', *, *, #6183, .F. ) ;
#201 = SURFACE_SIDE_STYLE ('',( #6781 ) ) ;
#202 = ORIENTED_EDGE ( 'NONE', *, *, #2125, .F. ) ;
#203 = AXIS2_PLACEMENT_3D ( 'NONE', #8110, #6932, #7621 ) ;
#204 = DIRECTION ( 'NONE',  ( -0.5466227294004906145, 0.000000000000000000, 0.8373790012310782238 ) ) ;
#205 = PRESENTATION_LAYER_ASSIGNMENT (  '', '', ( #4521 ) ) ;
#206 = EDGE_CURVE ( 'NONE', #5533, #1216, #2027, .T. ) ;
#207 = LINE ( 'NONE', #7518, #9252 ) ;
#208 = SURFACE_STYLE_USAGE ( .BOTH. , #4600 ) ;
#209 = DIRECTION ( 'NONE',  ( -0.2567226118398958090, 0.9664851269264842504, 0.000000000000000000 ) ) ;
#210 = DIRECTION ( 'NONE',  ( 0.6996248298645898478, 0.000000000000000000, 0.7145103900132898644 ) ) ;
#211 = AXIS2_PLACEMENT_3D ( 'NONE', #6307, #8523, #9237 ) ;
#212 = ORIENTED_EDGE ( 'NONE', *, *, #541, .F. ) ;
#213 = CARTESIAN_POINT ( 'NONE',  ( 0.5603874999999605144, 1.523999999999994026, -2.625089999999998369 ) ) ;
#214 = DIRECTION ( 'NONE',  ( -1.000000000000000000, 0.000000000000000000, 0.000000000000000000 ) ) ;
#215 = VECTOR ( 'NONE', #1873, 1000.000000000000000 ) ;
#216 = DIRECTION ( 'NONE',  ( 0.000000000000000000, 0.000000000000000000, -1.000000000000000000 ) ) ;
#217 = EDGE_CURVE ( 'NONE', #5581, #5850, #3522, .T. ) ;
#218 = DIRECTION ( 'NONE',  ( 0.000000000000000000, 1.000000000000000000, 0.000000000000000000 ) ) ;
#219 = DIRECTION ( 'NONE',  ( 0.9664851269264842504, -0.2567226118398958090, -0.000000000000000000 ) ) ;
#220 = LINE ( 'NONE', #1514, #1463 ) ;
#221 = DIRECTION ( 'NONE',  ( -0.2567226118398505119, -0.9664851269264961298, 0.000000000000000000 ) ) ;
#222 = UNCERTAINTY_MEASURE_WITH_UNIT (LENGTH_MEASURE( 1.000000000000000082E-05 ), #7028, 'distance_accuracy_value', 'NONE');
#223 = DIRECTION ( 'NONE',  ( 0.000000000000000000, 0.000000000000000000, -1.000000000000000000 ) ) ;
#224 = VERTEX_POINT ( 'NONE', #1165 ) ;
#225 = VECTOR ( 'NONE', #8128, 1000.000000000000000 ) ;
#226 = EDGE_LOOP ( 'NONE', ( #2089, #5234, #7151, #9190 ) ) ;
#227 =( GEOMETRIC_REPRESENTATION_CONTEXT ( 3 ) GLOBAL_UNCERTAINTY_ASSIGNED_CONTEXT ( ( #7145 ) ) GLOBAL_UNIT_ASSIGNED_CONTEXT ( ( #1369, #9448, #1983 ) ) REPRESENTATION_CONTEXT ( 'NONE', 'WORKASPACE' ) );
#228 = CARTESIAN_POINT ( 'NONE',  ( -16.00200000000000244, 1.523999999999999355, -2.625089999999998369 ) ) ;
#229 = DIRECTION ( 'NONE',  ( 0.000000000000000000, 1.000000000000000000, 0.000000000000000000 ) ) ;
#230 = ADVANCED_FACE ( 'NONE', ( #6455 ), #3338, .F. ) ;
#231 = DIRECTION ( 'NONE',  ( 0.000000000000000000, -1.000000000000000000, 0.000000000000000000 ) ) ;
#232 = VECTOR ( 'NONE', #6758, 1000.000000000000000 ) ;
#233 = ORIENTED_EDGE ( 'NONE', *, *, #4334, .T. ) ;
#234 = ORIENTED_EDGE ( 'NONE', *, *, #426, .F. ) ;
#235 = ORIENTED_EDGE ( 'NONE', *, *, #9304, .F. ) ;
#236 = DIRECTION ( 'NONE',  ( -1.000000000000000000, 0.000000000000000000, 0.000000000000000000 ) ) ;
#237 = AXIS2_PLACEMENT_3D ( 'NONE', #8456, #1980, #5610 ) ;
#238 = VERTEX_POINT ( 'NONE', #5564 ) ;
#239 = VECTOR ( 'NONE', #3381, 1000.000000000000000 ) ;
#240 = LINE ( 'NONE', #6965, #3633 ) ;
#241 = ORIENTED_EDGE ( 'NONE', *, *, #2246, .F. ) ;
#242 = DIRECTION ( 'NONE',  ( -0.2567226118398958090, -0.9664851269264842504, 0.000000000000000000 ) ) ;
#243 = DIRECTION ( 'NONE',  ( 0.000000000000000000, 0.000000000000000000, -1.000000000000000000 ) ) ;
#244 = DIRECTION ( 'NONE',  ( 0.000000000000000000, -1.000000000000000000, 0.000000000000000000 ) ) ;
#245 = ORIENTED_EDGE ( 'NONE', *, *, #6300, .T. ) ;
#246 = FACE_OUTER_BOUND ( 'NONE', #6604, .T. ) ;
#247 = DIRECTION ( 'NONE',  ( 1.000000000000000000, 0.000000000000000000, 0.000000000000000000 ) ) ;
#248 = ORIENTED_EDGE ( 'NONE', *, *, #8316, .T. ) ;
#249 = DIRECTION ( 'NONE',  ( 0.2567226118398505119, 0.9664851269264961298, 0.000000000000000000 ) ) ;
#250 = ADVANCED_FACE ( 'NONE', ( #4113 ), #2794, .T. ) ;
#251 = EDGE_LOOP ( 'NONE', ( #2389, #31, #292, #6097 ) ) ;
#252 = LINE ( 'NONE', #2502, #6308 ) ;
#253 = VECTOR ( 'NONE', #4601, 1000.000000000000000 ) ;
#254 = VERTEX_POINT ( 'NONE', #6279 ) ;
#255 = VECTOR ( 'NONE', #881, 1000.000000000000000 ) ;
#256 = CARTESIAN_POINT ( 'NONE',  ( -11.73480000000000345, 0.000000000000000000, -2.226310000000000233 ) ) ;
#257 = EDGE_CURVE ( 'NONE', #5789, #4124, #9348, .T. ) ;
#258 = DIRECTION ( 'NONE',  ( -1.000000000000000000, 0.000000000000000000, 0.000000000000000000 ) ) ;
#259 = LINE ( 'NONE', #9056, #970 ) ;
#260 = DIRECTION ( 'NONE',  ( 0.000000000000000000, 0.000000000000000000, -1.000000000000000000 ) ) ;
#261 = EDGE_LOOP ( 'NONE', ( #5827, #4571, #8107, #6762 ) ) ;
#262 = CARTESIAN_POINT ( 'NONE',  ( -11.73480000000000345, -3.175000000000000711, -2.226310000000000233 ) ) ;
#263 = PLANE ( 'NONE',  #1113 ) ;
#264 = EDGE_CURVE ( 'NONE', #4760, #4907, #9211, .T. ) ;
#265 = EDGE_CURVE ( 'NONE', #6755, #8711, #9253, .T. ) ;
#266 = DIRECTION ( 'NONE',  ( -0.000000000000000000, -0.000000000000000000, 1.000000000000000000 ) ) ;
#267 = CARTESIAN_POINT ( 'NONE',  ( -12.16025000000000489, 15.49400000000000155, -0.9905999999999994809 ) ) ;
#268 = CARTESIAN_POINT ( 'NONE',  ( 12.69999999999999574, 0.000000000000000000, -3.810000000000002718 ) ) ;
#269 = VECTOR ( 'NONE', #6520, 1000.000000000000000 ) ;
#270 = CARTESIAN_POINT ( 'NONE',  ( -9.620250000000003965, 10.33638951052389210, 0.9905999999999665073 ) ) ;
#271 = EDGE_CURVE ( 'NONE', #4806, #551, #4207, .T. ) ;
#272 = LINE ( 'NONE', #9114, #4401 ) ;
#273 = DIRECTION ( 'NONE',  ( 1.000000000000000000, -0.000000000000000000, -0.000000000000000000 ) ) ;
#274 = DIRECTION ( 'NONE',  ( -0.000000000000000000, -1.000000000000000000, -0.000000000000000000 ) ) ;
#275 = ORIENTED_EDGE ( 'NONE', *, *, #1794, .F. ) ;
#276 = VECTOR ( 'NONE', #1855, 1000.000000000000000 ) ;
#277 = ORIENTED_EDGE ( 'NONE', *, *, #3604, .F. ) ;
#278 = AXIS2_PLACEMENT_3D ( 'NONE', #4301, #7225, #7273 ) ;
#279 = LINE ( 'NONE', #3827, #5484 ) ;
#280 = DIRECTION ( 'NONE',  ( 0.000000000000000000, 1.000000000000000000, 0.000000000000000000 ) ) ;
#281 = CARTESIAN_POINT ( 'NONE',  ( -13.97000000000000242, 13.97000000000000064, 0.9906000000000012573 ) ) ;
#282 = VECTOR ( 'NONE', #15, 1000.000000000000000 ) ;
#283 = ORIENTED_EDGE ( 'NONE', *, *, #6382, .F. ) ;
#284 = ORIENTED_EDGE ( 'NONE', *, *, #5876, .T. ) ;
#285 = CARTESIAN_POINT ( 'NONE',  ( -6.045200000000000351, -3.175000000000000711, -2.226310000000000233 ) ) ;
#286 = ADVANCED_FACE ( 'NONE', ( #4844 ), #7043, .T. ) ;
#287 = ORIENTED_EDGE ( 'NONE', *, *, #7233, .F. ) ;
#288 = DIRECTION ( 'NONE',  ( -1.000000000000000000, 0.000000000000000000, -0.000000000000000000 ) ) ;
#289 = CIRCLE ( 'NONE', #1817, 2.158999999999999364 ) ;
#290 = VERTEX_POINT ( 'NONE', #7139 ) ;
#291 = DIRECTION ( 'NONE',  ( 0.000000000000000000, 1.000000000000000000, 0.000000000000000000 ) ) ;
#292 = ORIENTED_EDGE ( 'NONE', *, *, #1208, .F. ) ;
#293 = DIRECTION ( 'NONE',  ( 0.000000000000000000, 1.000000000000000000, 0.000000000000000000 ) ) ;
#294 = VECTOR ( 'NONE', #7, 1000.000000000000000 ) ;
#295 = VECTOR ( 'NONE', #8942, 1000.000000000000000 ) ;
#297 = CARTESIAN_POINT ( 'NONE',  ( -11.12520000000000131, 0.000000000000000000, 2.625090000000000146 ) ) ;
#296 = STYLED_ITEM ( 'NONE', ( #7402 ), #7510 ) ;
#298 = VERTEX_POINT ( 'NONE', #2750 ) ;
#299 = DIRECTION ( 'NONE',  ( -1.000000000000000000, 0.000000000000000000, 0.000000000000000000 ) ) ;
#300 = LINE ( 'NONE', #900, #132 ) ;
#301 = ORIENTED_EDGE ( 'NONE', *, *, #8259, .T. ) ;
#302 = DIRECTION ( 'NONE',  ( 1.000000000000000000, -0.000000000000000000, -0.000000000000000000 ) ) ;
#303 = VERTEX_POINT ( 'NONE', #2267 ) ;
#304 = CARTESIAN_POINT ( 'NONE',  ( 12.69999999999999574, 0.000000000000000000, 2.540000000000000480 ) ) ;
#305 = VERTEX_POINT ( 'NONE', #3623 ) ;
#306 = CARTESIAN_POINT ( 'NONE',  ( -11.02360000000000184, 1.523999999999999355, -1.373221303654000414 ) ) ;
#307 = EDGE_CURVE ( 'NONE', #6149, #8695, #8066, .T. ) ;
#308 = DIRECTION ( 'NONE',  ( 0.2377711385310060377, 0.000000000000000000, -0.9713212062349246834 ) ) ;
#309 = ORIENTED_EDGE ( 'NONE', *, *, #425, .F. ) ;
#310 = LINE ( 'NONE', #6843, #8191 ) ;
#311 = DIRECTION ( 'NONE',  ( 0.000000000000000000, 1.000000000000000000, 0.000000000000000000 ) ) ;
#312 = PLANE ( 'NONE',  #8996 ) ;
#313 = DIRECTION ( 'NONE',  ( 0.000000000000000000, -1.000000000000000000, 0.000000000000000000 ) ) ;
#314 = DIRECTION ( 'NONE',  ( 1.000000000000000000, -0.000000000000000000, -0.000000000000000000 ) ) ;
#315 = EDGE_CURVE ( 'NONE', #8063, #5346, #8102, .T. ) ;
#316 = LINE ( 'NONE', #3772, #4370 ) ;
#317 = ADVANCED_FACE ( 'NONE', ( #8051 ), #7281, .F. ) ;
#318 = CARTESIAN_POINT ( 'NONE',  ( 16.00199999999999889, 6.604000000000000092, 4.673600000000000421 ) ) ;
#319 = DIRECTION ( 'NONE',  ( 0.000000000000000000, 1.000000000000000000, 0.000000000000000000 ) ) ;
#320 = CARTESIAN_POINT ( 'NONE',  ( -4.114799999999981139, 6.938893903907228378E-15, 2.226310000000002010 ) ) ;
#321 = ORIENTED_EDGE ( 'NONE', *, *, #7384, .F. ) ;
#322 = ADVANCED_FACE ( 'NONE', ( #5791 ), #7375, .T. ) ;
#323 = VERTEX_POINT ( 'NONE', #5080 ) ;
#324 = DIRECTION ( 'NONE',  ( 1.000000000000000000, 0.000000000000000000, 0.000000000000000000 ) ) ;
#325 = PLANE ( 'NONE',  #5034 ) ;
#326 = LINE ( 'NONE', #6235, #1145 ) ;
#327 = EDGE_CURVE ( 'NONE', #6755, #8522, #4464, .T. ) ;
#328 = EDGE_LOOP ( 'NONE', ( #6525, #2174, #1333, #4903 ) ) ;
#329 = ORIENTED_EDGE ( 'NONE', *, *, #378, .F. ) ;
#330 = CARTESIAN_POINT ( 'NONE',  ( 15.24000000000000021, 6.604000000000000092, 4.673600000000000421 ) ) ;
#331 = ORIENTED_EDGE ( 'NONE', *, *, #8248, .T. ) ;
#332 = CARTESIAN_POINT ( 'NONE',  ( -8.585200000000000387, -3.175000000000000711, 2.226310000000002010 ) ) ;
#333 = ORIENTED_EDGE ( 'NONE', *, *, #2938, .F. ) ;
#334 = DIRECTION ( 'NONE',  ( -0.000000000000000000, -1.000000000000000000, -0.000000000000000000 ) ) ;
#335 = ORIENTED_EDGE ( 'NONE', *, *, #1261, .F. ) ;
#336 = EDGE_CURVE ( 'NONE', #5195, #9192, #2897, .T. ) ;
#337 = LINE ( 'NONE', #297, #8261 ) ;
#338 = ORIENTED_EDGE ( 'NONE', *, *, #5258, .T. ) ;
#339 = FACE_OUTER_BOUND ( 'NONE', #4843, .T. ) ;
#340 = DIRECTION ( 'NONE',  ( 0.7389229549020032151, 0.000000000000000000, 0.6737899277363029737 ) ) ;
#341 = ORIENTED_EDGE ( 'NONE', *, *, #2624, .F. ) ;
#342 = LINE ( 'NONE', #9144, #5138 ) ;
#343 = PRESENTATION_LAYER_ASSIGNMENT (  '', '', ( #6182 ) ) ;
#344 = ORIENTED_EDGE ( 'NONE', *, *, #884, .T. ) ;
#345 = DIRECTION ( 'NONE',  ( 0.000000000000000000, -0.000000000000000000, 1.000000000000000000 ) ) ;
#346 = ORIENTED_EDGE ( 'NONE', *, *, #83, .F. ) ;
#347 = CARTESIAN_POINT ( 'NONE',  ( -11.61626666162000276, 1.397000000000000686, -1.265136149596999715 ) ) ;
#348 = LINE ( 'NONE', #5591, #2168 ) ;
#349 = AXIS2_PLACEMENT_3D ( 'NONE', #2303, #1642, #3177 ) ;
#350 = VERTEX_POINT ( 'NONE', #11 ) ;
#351 = PLANE ( 'NONE',  #955 ) ;
#352 = PRESENTATION_LAYER_ASSIGNMENT (  '', '', ( #6332 ) ) ;
#353 = ADVANCED_FACE ( 'NONE', ( #4507 ), #6701, .T. ) ;
#354 = VECTOR ( 'NONE', #2934, 1000.000000000000000 ) ;
#355 = DIRECTION ( 'NONE',  ( -1.000000000000000000, -0.000000000000000000, -0.000000000000000000 ) ) ;
#356 = CARTESIAN_POINT ( 'NONE',  ( 12.69999999999999574, 6.604000000000000092, -3.810000000000002718 ) ) ;
#357 = VECTOR ( 'NONE', #6586, 1000.000000000000000 ) ;
#358 = CARTESIAN_POINT ( 'NONE',  ( 4.519612499999999145, 1.523999999999999355, 2.226310000000002010 ) ) ;
#359 = CARTESIAN_POINT ( 'NONE',  ( -4.114800000000001567, 1.523999999999999355, 2.625090000000000146 ) ) ;
#360 = CARTESIAN_POINT ( 'NONE',  ( 1.979612499999998443, 1.523999999999999355, 2.226310000000002010 ) ) ;
#362 = CARTESIAN_POINT ( 'NONE',  ( 5.619749999999999801, 15.49400000000000155, 0.000000000000000000 ) ) ;
#361 = AXIS2_PLACEMENT_3D ( 'NONE', #1342, #2055, #3507 ) ;
#363 = VERTEX_POINT ( 'NONE', #8676 ) ;
#364 = EDGE_CURVE ( 'NONE', #8707, #7661, #818, .T. ) ;
#365 = VECTOR ( 'NONE', #2819, 1000.000000000000000 ) ;
#366 = MECHANICAL_DESIGN_GEOMETRIC_PRESENTATION_REPRESENTATION (  '', ( #3584 ), #9420 ) ;
#367 = CARTESIAN_POINT ( 'NONE',  ( 7.059612499999999180, 1.523999999999999355, -2.625089999999998369 ) ) ;
#368 = PLANE ( 'NONE',  #278 ) ;
#369 = CARTESIAN_POINT ( 'NONE',  ( -11.32840000000000202, 1.523999999999999355, 1.092200000000001392 ) ) ;
#370 = ADVANCED_FACE ( 'NONE', ( #8768, #7422 ), #2994, .T. ) ;
#371 = VECTOR ( 'NONE', #8796, 1000.000000000000000 ) ;
#372 = ORIENTED_EDGE ( 'NONE', *, *, #3879, .F. ) ;
#373 = ORIENTED_EDGE ( 'NONE', *, *, #4705, .T. ) ;
#374 = CARTESIAN_POINT ( 'NONE',  ( -11.74326666540999931, 1.523999999999999355, -1.243519130898000924 ) ) ;
#375 = ORIENTED_EDGE ( 'NONE', *, *, #2290, .F. ) ;
#376 = DIRECTION ( 'NONE',  ( 0.000000000000000000, 0.000000000000000000, 1.000000000000000000 ) ) ;
#377 = EDGE_CURVE ( 'NONE', #993, #1670, #6555, .T. ) ;
#378 = EDGE_CURVE ( 'NONE', #3873, #9368, #5180, .T. ) ;
#379 = ORIENTED_EDGE ( 'NONE', *, *, #2529, .F. ) ;
#380 = CARTESIAN_POINT ( 'NONE',  ( 14.60500000000000043, 1.106182791010910327, -2.137382390414022559 ) ) ;
#381 = ORIENTED_EDGE ( 'NONE', *, *, #5606, .T. ) ;
#382 =( NAMED_UNIT ( * ) SI_UNIT ( $, .STERADIAN. ) SOLID_ANGLE_UNIT ( ) );
#383 = STYLED_ITEM ( 'NONE', ( #1680 ), #4388 ) ;
#384 = DIRECTION ( 'NONE',  ( -0.2567226118398958090, 0.9664851269264842504, 0.000000000000000000 ) ) ;
#385 = ORIENTED_EDGE ( 'NONE', *, *, #5525, .T. ) ;
#386 = DIRECTION ( 'NONE',  ( 1.000000000000000000, 0.000000000000000000, 0.000000000000000000 ) ) ;
#387 = PLANE ( 'NONE',  #6729 ) ;
#388 = CARTESIAN_POINT ( 'NONE',  ( -11.04476664647999939, 1.523999999999999355, -1.243519130898000924 ) ) ;
#389 = VECTOR ( 'NONE', #3878, 1000.000000000000000 ) ;
#390 = EDGE_LOOP ( 'NONE', ( #3207, #2189, #7161, #212 ) ) ;
#391 = SURFACE_STYLE_USAGE ( .BOTH. , #3317 ) ;
#392 = ORIENTED_EDGE ( 'NONE', *, *, #4608, .F. ) ;
#393 = CIRCLE ( 'NONE', #4858, 0.7620000000000005658 ) ;
#394 = VECTOR ( 'NONE', #8991, 1000.000000000000000 ) ;
#395 = CARTESIAN_POINT ( 'NONE',  ( -8.585200000000000387, 1.523999999999999355, -2.226310000000000233 ) ) ;
#396 = CARTESIAN_POINT ( 'NONE',  ( -12.70000000000000284, 1.523999999999999355, -1.540677576214998235 ) ) ;
#397 = LINE ( 'NONE', #9199, #566 ) ;
#398 = ORIENTED_EDGE ( 'NONE', *, *, #7431, .F. ) ;
#399 = CARTESIAN_POINT ( 'NONE',  ( 16.00199999999999889, 15.49400000000000155, -4.673600000000001309 ) ) ;
#400 = EDGE_CURVE ( 'NONE', #570, #4049, #2167, .T. ) ;
#401 = CLOSED_SHELL ( 'NONE', ( #7515, #5686, #9067, #7549 ) ) ;
#402 = SURFACE_STYLE_USAGE ( .BOTH. , #4060 ) ;
#403 = FACE_OUTER_BOUND ( 'NONE', #9298, .T. ) ;
#404 = CARTESIAN_POINT ( 'NONE',  ( 14.60500000000000043, 6.604000000000000092, 3.048000000000002263 ) ) ;
#405 = DIRECTION ( 'NONE',  ( 0.000000000000000000, -1.000000000000000000, 0.000000000000000000 ) ) ;
#406 = FACE_OUTER_BOUND ( 'NONE', #76, .T. ) ;
#407 = CARTESIAN_POINT ( 'NONE',  ( -9.194800000000002527, 1.523999999999999355, 2.226310000000002010 ) ) ;
#408 = ORIENTED_EDGE ( 'NONE', *, *, #4959, .F. ) ;
#409 = DIRECTION ( 'NONE',  ( 1.000000000000000000, -0.000000000000000000, -0.000000000000000000 ) ) ;
#410 = VECTOR ( 'NONE', #9039, 1000.000000000000000 ) ;
#411 = CARTESIAN_POINT ( 'NONE',  ( 4.519612499999999145, 1.523999999999999355, -2.625089999999998369 ) ) ;
#412 = EDGE_CURVE ( 'NONE', #7381, #6388, #5887, .T. ) ;
#413 = ORIENTED_EDGE ( 'NONE', *, *, #4836, .T. ) ;
#414 = ORIENTED_EDGE ( 'NONE', *, *, #5238, .T. ) ;
#415 = VECTOR ( 'NONE', #619, 1000.000000000000227 ) ;
#416 = DIRECTION ( 'NONE',  ( 0.000000000000000000, 1.000000000000000000, 0.000000000000000000 ) ) ;
#417 = ORIENTED_EDGE ( 'NONE', *, *, #5556, .F. ) ;
#418 = DIRECTION ( 'NONE',  ( 0.000000000000000000, -1.000000000000000000, 0.000000000000000000 ) ) ;
#419 = ORIENTED_EDGE ( 'NONE', *, *, #9044, .F. ) ;
#420 = CARTESIAN_POINT ( 'NONE',  ( -11.76443333270000480, 1.397000000000000686, -1.329987205696001373 ) ) ;
#421 = EDGE_LOOP ( 'NONE', ( #1759, #6980, #3295, #3383 ) ) ;
#422 = VECTOR ( 'NONE', #6705, 1000.000000000000000 ) ;
#423 = LINE ( 'NONE', #1138, #1761 ) ;
#424 = MECHANICAL_DESIGN_GEOMETRIC_PRESENTATION_REPRESENTATION (  '', ( #8738 ), #2595 ) ;
#425 = EDGE_CURVE ( 'NONE', #3599, #6336, #7958, .T. ) ;
#426 = EDGE_CURVE ( 'NONE', #4901, #6674, #1408, .T. ) ;
#427 = ORIENTED_EDGE ( 'NONE', *, *, #4761, .F. ) ;
#428 = PLANE ( 'NONE',  #1039 ) ;
#429 = DIRECTION ( 'NONE',  ( -0.000000000000000000, -1.000000000000000000, -0.000000000000000000 ) ) ;
#430 = ADVANCED_FACE ( 'NONE', ( #3572 ), #6509, .F. ) ;
#431 = VERTEX_POINT ( 'NONE', #7470 ) ;
#432 = FACE_OUTER_BOUND ( 'NONE', #9250, .T. ) ;
#433 = ORIENTED_EDGE ( 'NONE', *, *, #8359, .F. ) ;
#434 = VECTOR ( 'NONE', #1025, 1000.000000000000000 ) ;
#435 = AXIS2_PLACEMENT_3D ( 'NONE', #7254, #2912, #5097 ) ;
#436 = FACE_OUTER_BOUND ( 'NONE', #6104, .T. ) ;
#437 = PLANE ( 'NONE',  #3095 ) ;
#438 = DIRECTION ( 'NONE',  ( 0.5627909312417228582, 0.000000000000000000, -0.8265992787996335744 ) ) ;
#439 = ORIENTED_EDGE ( 'NONE', *, *, #1794, .T. ) ;
#440 = LINE ( 'NONE', #1295, #7113 ) ;
#441 = DIRECTION ( 'NONE',  ( 1.000000000000000000, 0.000000000000000000, 0.000000000000000000 ) ) ;
#442 = ADVANCED_FACE ( 'NONE', ( #867 ), #1750, .T. ) ;
#443 = DIRECTION ( 'NONE',  ( -1.000000000000000000, -0.000000000000000000, -0.000000000000000000 ) ) ;
#444 = DIRECTION ( 'NONE',  ( -1.000000000000000000, 0.000000000000000000, 0.000000000000000000 ) ) ;
#445 = CARTESIAN_POINT ( 'NONE',  ( 4.540249999999995900, 13.53961048947610912, 0.9905999999999665073 ) ) ;
#446 = LINE ( 'NONE', #5605, #8276 ) ;
#447 = ORIENTED_EDGE ( 'NONE', *, *, #724, .T. ) ;
#448 = DIRECTION ( 'NONE',  ( 0.000000000000000000, -1.000000000000000000, 0.000000000000000000 ) ) ;
#449 = DIRECTION ( 'NONE',  ( -0.2567226118398023837, 0.9664851269265090083, 0.000000000000000000 ) ) ;
#450 = ORIENTED_EDGE ( 'NONE', *, *, #8388, .F. ) ;
#451 = ORIENTED_EDGE ( 'NONE', *, *, #994, .F. ) ;
#452 = CARTESIAN_POINT ( 'NONE',  ( 7.059612500000069346, 1.523999999999980259, 2.625090000000000146 ) ) ;
#453 = EDGE_LOOP ( 'NONE', ( #2451, #8089, #498, #6048 ) ) ;
#454 = ORIENTED_EDGE ( 'NONE', *, *, #8526, .T. ) ;
#455 = DIRECTION ( 'NONE',  ( -0.2567226118398505119, -0.9664851269264961298, 0.000000000000000000 ) ) ;
#456 = ORIENTED_EDGE ( 'NONE', *, *, #4846, .F. ) ;
#457 = EDGE_CURVE ( 'NONE', #6453, #5916, #6934, .T. ) ;
#458 = DIRECTION ( 'NONE',  ( 0.2377713591533101856, 0.000000000000000000, 0.9713211522284416199 ) ) ;
#459 = CARTESIAN_POINT ( 'NONE',  ( 7.080249999999995936, 11.93800000000000061, -2.438400000000001899 ) ) ;
#460 = VECTOR ( 'NONE', #7812, 1000.000000000000000 ) ;
#461 = ORIENTED_EDGE ( 'NONE', *, *, #6247, .F. ) ;
#462 = CARTESIAN_POINT ( 'NONE',  ( -13.97000000000000242, 8.001000000000001222, 0.9906000000000012573 ) ) ;
#463 = PLANE ( 'NONE',  #2806 ) ;
#464 = ORIENTED_EDGE ( 'NONE', *, *, #6794, .F. ) ;
#465 = CARTESIAN_POINT ( 'NONE',  ( -11.61626666162000276, 1.397000000000000686, -2.000114891362000602 ) ) ;
#466 = ORIENTED_EDGE ( 'NONE', *, *, #7297, .T. ) ;
#467 = CARTESIAN_POINT ( 'NONE',  ( -11.25643335352000207, 1.523999999999999355, -1.221902112197999601 ) ) ;
#468 = ADVANCED_FACE ( 'NONE', ( #967 ), #312, .T. ) ;
#469 = LINE ( 'NONE', #4182, #4667 ) ;
#470 = EDGE_CURVE ( 'NONE', #2438, #6756, #1063, .T. ) ;
#471 = CARTESIAN_POINT ( 'NONE',  ( -15.23999999999999666, 4.572000000000000064, -3.810000000000002718 ) ) ;
#472 = PLANE ( 'NONE',  #5594 ) ;
#473 = LINE ( 'NONE', #1882, #5048 ) ;
#474 = EDGE_LOOP ( 'NONE', ( #9276, #6387, #5837, #1274 ) ) ;
#475 = DIRECTION ( 'NONE',  ( 0.000000000000000000, -1.000000000000000000, 0.000000000000000000 ) ) ;
#476 = ORIENTED_EDGE ( 'NONE', *, *, #9468, .F. ) ;
#477 = FILL_AREA_STYLE ('',( #6398 ) ) ;
#478 = EDGE_CURVE ( 'NONE', #9178, #4483, #3232, .T. ) ;
#479 = ADVANCED_FACE ( 'NONE', ( #3815 ), #3041, .T. ) ;
#480 = VECTOR ( 'NONE', #6772, 1000.000000000000000 ) ;
#481 = LINE ( 'NONE', #4793, #4186 ) ;
#482 = LINE ( 'NONE', #7847, #3274 ) ;
#483 = DIRECTION ( 'NONE',  ( 0.000000000000000000, -1.000000000000000000, 0.000000000000000000 ) ) ;
#484 = LINE ( 'NONE', #1359, #6872 ) ;
#485 = AXIS2_PLACEMENT_3D ( 'NONE', #7341, #1518, #5418 ) ;
#486 = CARTESIAN_POINT ( 'NONE',  ( -0.9652000000000271474, 6.938893903907228378E-15, -2.226310000000000233 ) ) ;
#487 = EDGE_LOOP ( 'NONE', ( #9505, #1625 ) ) ;
#488 = VECTOR ( 'NONE', #5331, 1000.000000000000000 ) ;
#489 = AXIS2_PLACEMENT_3D ( 'NONE', #4241, #2688, #3401 ) ;
#490 = CARTESIAN_POINT ( 'NONE',  ( 11.73479999999999634, -3.175000000000000711, -2.226310000000000233 ) ) ;
#491 = DIRECTION ( 'NONE',  ( -0.000000000000000000, 1.000000000000000000, -0.000000000000000000 ) ) ;
#492 = AXIS2_PLACEMENT_3D ( 'NONE', #7199, #596, #8589 ) ;
#493 = CARTESIAN_POINT ( 'NONE',  ( -6.045200000000000351, -3.175000000000000711, 2.226310000000002010 ) ) ;
#494 = AXIS2_PLACEMENT_3D ( 'NONE', #7166, #6390, #6341 ) ;
#495 = DIRECTION ( 'NONE',  ( 0.000000000000000000, -0.000000000000000000, -1.000000000000000000 ) ) ;
#496 = UNCERTAINTY_MEASURE_WITH_UNIT (LENGTH_MEASURE( 1.000000000000000082E-05 ), #43, 'distance_accuracy_value', 'NONE');
#497 = ORIENTED_EDGE ( 'NONE', *, *, #6019, .T. ) ;
#498 = ORIENTED_EDGE ( 'NONE', *, *, #2913, .T. ) ;
#499 = CARTESIAN_POINT ( 'NONE',  ( -14.60500000000000043, 0.000000000000000000, 2.540000000000000480 ) ) ;
#500 = AXIS2_PLACEMENT_3D ( 'NONE', #8947, #302, #3902 ) ;
#501 = ORIENTED_EDGE ( 'NONE', *, *, #5456, .T. ) ;
#502 = ADVANCED_FACE ( 'NONE', ( #3919 ), #9108, .F. ) ;
#503 = EDGE_LOOP ( 'NONE', ( #7592, #8534, #5281, #5416, #3303, #3849 ) ) ;
#504 = LINE ( 'NONE', #9312, #855 ) ;
#505 = ORIENTED_EDGE ( 'NONE', *, *, #637, .F. ) ;
#506 = VECTOR ( 'NONE', #7210, 1000.000000000000000 ) ;
#507 = VECTOR ( 'NONE', #5464, 1000.000000000000000 ) ;
#508 = MECHANICAL_DESIGN_GEOMETRIC_PRESENTATION_REPRESENTATION (  '', ( #5301 ), #6510 ) ;
#509 = ORIENTED_EDGE ( 'NONE', *, *, #5804, .T. ) ;
#510 = LINE ( 'NONE', #388, #6194 ) ;
#511 = EDGE_LOOP ( 'NONE', ( #1822, #6433, #1497, #6924 ) ) ;
#512 = DIRECTION ( 'NONE',  ( 0.000000000000000000, 1.000000000000000000, 0.000000000000000000 ) ) ;
#513 = EDGE_LOOP ( 'NONE', ( #4166, #2953, #8163, #385 ) ) ;
#514 = DIRECTION ( 'NONE',  ( -0.2567226118398510670, 0.9664851269264960187, 0.000000000000000000 ) ) ;
#515 = DIRECTION ( 'NONE',  ( -1.000000000000000000, 0.000000000000000000, 0.000000000000000000 ) ) ;
#516 = DIRECTION ( 'NONE',  ( 0.000000000000000000, -1.000000000000000000, 0.000000000000000000 ) ) ;
#517 = CARTESIAN_POINT ( 'NONE',  ( -16.00200000000000244, 1.523999999999999355, 2.625090000000000146 ) ) ;
#518 = SURFACE_SIDE_STYLE ('',( #1346 ) ) ;
#519 = EDGE_CURVE ( 'NONE', #2001, #6202, #8242, .T. ) ;
#520 = DIRECTION ( 'NONE',  ( -0.000000000000000000, -0.000000000000000000, 1.000000000000000000 ) ) ;
#521 = ORIENTED_EDGE ( 'NONE', *, *, #4950, .T. ) ;
#522 = CARTESIAN_POINT ( 'NONE',  ( 8.159750000000000725, 13.53961048947607893, 0.9905999999999317573 ) ) ;
#523 = EDGE_LOOP ( 'NONE', ( #8208, #476 ) ) ;
#524 = DIRECTION ( 'NONE',  ( 0.000000000000000000, -0.000000000000000000, -1.000000000000000000 ) ) ;
#525 = EDGE_CURVE ( 'NONE', #3312, #8329, #1602, .T. ) ;
#526 = CARTESIAN_POINT ( 'NONE',  ( -8.585200000000000387, 0.000000000000000000, -2.625089999999998369 ) ) ;
#527 = AXIS2_PLACEMENT_3D ( 'NONE', #9444, #5131, #7425 ) ;
#528 = DIRECTION ( 'NONE',  ( -1.000000000000000000, 0.000000000000000000, 0.000000000000000000 ) ) ;
#529 = LINE ( 'NONE', #7035, #5725 ) ;
#530 = CARTESIAN_POINT ( 'NONE',  ( -16.00200000000000244, -3.175000000000000711, 0.000000000000000000 ) ) ;
#531 = PLANE ( 'NONE',  #3188 ) ;
#532 = EDGE_CURVE ( 'NONE', #8331, #8454, #6796, .T. ) ;
#533 = VECTOR ( 'NONE', #5745, 1000.000000000000000 ) ;
#534 = CARTESIAN_POINT ( 'NONE',  ( 3.100387499999995633, 1.523999999999999355, 2.226309999999998901 ) ) ;
#535 = EDGE_CURVE ( 'NONE', #3936, #1730, #6746, .T. ) ;
#536 = ORIENTED_EDGE ( 'NONE', *, *, #6537, .T. ) ;
#537 = FACE_OUTER_BOUND ( 'NONE', #8135, .T. ) ;
#538 = ADVANCED_FACE ( 'NONE', ( #4609 ), #5470, .T. ) ;
#539 = DIRECTION ( 'NONE',  ( -1.000000000000000000, 0.000000000000000000, 0.000000000000000000 ) ) ;
#540 = CARTESIAN_POINT ( 'NONE',  ( 14.60500000000000043, 0.000000000000000000, 2.540000000000000480 ) ) ;
#541 = EDGE_CURVE ( 'NONE', #606, #2630, #3085, .T. ) ;
#542 = FILL_AREA_STYLE ('',( #1941 ) ) ;
#543 = CARTESIAN_POINT ( 'NONE',  ( -3.100387500000002738, 1.523999999999999355, -2.226310000000000233 ) ) ;
#544 = ORIENTED_EDGE ( 'NONE', *, *, #1550, .F. ) ;
#545 = DIRECTION ( 'NONE',  ( -0.000000000000000000, -0.000000000000000000, 1.000000000000000000 ) ) ;
#546 = VERTEX_POINT ( 'NONE', #5421 ) ;
#547 = CARTESIAN_POINT ( 'NONE',  ( -14.86273853094340325, 14.86273853094340325, 0.9905999999999981487 ) ) ;
#548 = ORIENTED_EDGE ( 'NONE', *, *, #6300, .F. ) ;
#549 = EDGE_LOOP ( 'NONE', ( #2808, #7445, #1959, #8461 ) ) ;
#550 = DIRECTION ( 'NONE',  ( 0.000000000000000000, 0.000000000000000000, 1.000000000000000000 ) ) ;
#551 = VERTEX_POINT ( 'NONE', #1699 ) ;
#552 = FACE_OUTER_BOUND ( 'NONE', #9320, .T. ) ;
#553 = VECTOR ( 'NONE', #4944, 1000.000000000000000 ) ;
#554 = EDGE_CURVE ( 'NONE', #8473, #4855, #5376, .T. ) ;
#555 = ORIENTED_EDGE ( 'NONE', *, *, #4868, .T. ) ;
#556 = ORIENTED_EDGE ( 'NONE', *, *, #68, .F. ) ;
#557 = LINE ( 'NONE', #2048, #1751 ) ;
#558 = VECTOR ( 'NONE', #3481, 1000.000000000000000 ) ;
#559 = ORIENTED_EDGE ( 'NONE', *, *, #5783, .F. ) ;
#560 =( NAMED_UNIT ( * ) PLANE_ANGLE_UNIT ( ) SI_UNIT ( $, .RADIAN. ) );
#561 = ORIENTED_EDGE ( 'NONE', *, *, #5834, .T. ) ;
#562 = LINE ( 'NONE', #8559, #5763 ) ;
#563 = CARTESIAN_POINT ( 'NONE',  ( 0.9651999999999993918, -3.175000000000000711, 2.226310000000002010 ) ) ;
#564 = DIRECTION ( 'NONE',  ( -0.000000000000000000, -1.000000000000000000, -0.000000000000000000 ) ) ;
#565 = CARTESIAN_POINT ( 'NONE',  ( -1.574800000000001088, 1.523999999999999355, -2.625089999999998369 ) ) ;
#567 = CARTESIAN_POINT ( 'NONE',  ( -10.72038750000000462, 1.523999999999999355, -2.226310000000000233 ) ) ;
#566 = VECTOR ( 'NONE', #9284, 1000.000000000000000 ) ;
#568 = CARTESIAN_POINT ( 'NONE',  ( -1.574800000000001088, -3.175000000000000711, 2.625090000000000146 ) ) ;
#569 = VECTOR ( 'NONE', #1935, 1000.000000000000114 ) ;
#570 = VERTEX_POINT ( 'NONE', #7624 ) ;
#571 = LINE ( 'NONE', #4921, #7270 ) ;
#572 = VERTEX_POINT ( 'NONE', #1018 ) ;
#573 = VECTOR ( 'NONE', #1347, 1000.000000000000000 ) ;
#574 = LINE ( 'NONE', #7684, #415 ) ;
#575 = ADVANCED_FACE ( 'NONE', ( #3969 ), #5270, .F. ) ;
#576 = FACE_OUTER_BOUND ( 'NONE', #7162, .T. ) ;
#577 = SURFACE_STYLE_FILL_AREA ( #9435 ) ;
#578 = CARTESIAN_POINT ( 'NONE',  ( 7.080249999999995936, 10.33638951052389210, 0.9905999999999665073 ) ) ;
#579 = CARTESIAN_POINT ( 'NONE',  ( 11.73479999999999990, 1.523999999999999355, -2.226310000000000233 ) ) ;
#580 = AXIS2_PLACEMENT_3D ( 'NONE', #3847, #8379, #4778 ) ;
#581 = PRESENTATION_LAYER_ASSIGNMENT (  '', '', ( #5220 ) ) ;
#582 = CARTESIAN_POINT ( 'NONE',  ( 0.5603875000000022588, 1.523999999999999355, 2.625090000000000146 ) ) ;
#583 = ORIENTED_EDGE ( 'NONE', *, *, #4654, .T. ) ;
#584 = DIRECTION ( 'NONE',  ( -1.000000000000000000, 0.000000000000000000, 0.000000000000000000 ) ) ;
#585 = CARTESIAN_POINT ( 'NONE',  ( -8.585200000000000387, 0.000000000000000000, 2.625090000000000146 ) ) ;
#586 = EDGE_CURVE ( 'NONE', #9322, #8087, #166, .T. ) ;
#587 = ADVANCED_FACE ( 'NONE', ( #6389 ), #7163, .T. ) ;
#588 = LINE ( 'NONE', #4985, #239 ) ;
#589 = DIRECTION ( 'NONE',  ( 0.000000000000000000, -1.000000000000000000, 0.000000000000000000 ) ) ;
#590 = DIRECTION ( 'NONE',  ( 0.000000000000000000, 1.000000000000000000, 0.000000000000000000 ) ) ;
#591 = UNCERTAINTY_MEASURE_WITH_UNIT (LENGTH_MEASURE( 1.000000000000000082E-05 ), #3075, 'distance_accuracy_value', 'NONE');
#592 = EDGE_CURVE ( 'NONE', #7508, #7062, #562, .T. ) ;
#593 = ORIENTED_EDGE ( 'NONE', *, *, #884, .F. ) ;
#594 = DIRECTION ( 'NONE',  ( 0.000000000000000000, -1.000000000000000000, 0.000000000000000000 ) ) ;
#595 = EDGE_LOOP ( 'NONE', ( #4090, #4309 ) ) ;
#596 = DIRECTION ( 'NONE',  ( 0.9664851269265090083, -0.2567226118398023837, -0.000000000000000000 ) ) ;
#597 = ORIENTED_EDGE ( 'NONE', *, *, #3783, .T. ) ;
#598 = ORIENTED_EDGE ( 'NONE', *, *, #6247, .T. ) ;
#599 = CARTESIAN_POINT ( 'NONE',  ( -4.540250000000003006, 13.53961048947610912, 0.9905999999999665073 ) ) ;
#600 = ORIENTED_EDGE ( 'NONE', *, *, #2944, .T. ) ;
#601 = ADVANCED_FACE ( 'NONE', ( #9469 ), #5818, .T. ) ;
#602 = ORIENTED_EDGE ( 'NONE', *, *, #6951, .F. ) ;
#603 = CARTESIAN_POINT ( 'NONE',  ( 1.979612499999998443, 1.523999999999999355, -2.625089999999998369 ) ) ;
#604 = EDGE_LOOP ( 'NONE', ( #6620, #5436, #3201, #759, #5661, #8353 ) ) ;
#605 = CARTESIAN_POINT ( 'NONE',  ( -4.114800000000001567, 0.000000000000000000, -2.625089999999998369 ) ) ;
#606 = VERTEX_POINT ( 'NONE', #8027 ) ;
#607 = FILL_AREA_STYLE_COLOUR ( '', #1725 ) ;
#608 = ORIENTED_EDGE ( 'NONE', *, *, #6361, .T. ) ;
#609 = EDGE_CURVE ( 'NONE', #2759, #2024, #8228, .T. ) ;
#610 = DIRECTION ( 'NONE',  ( -1.000000000000000000, 0.000000000000000000, 0.000000000000000000 ) ) ;
#611 = LINE ( 'NONE', #5863, #371 ) ;
#612 = DIRECTION ( 'NONE',  ( 1.000000000000000000, 0.000000000000000000, 0.000000000000000000 ) ) ;
#613 = CARTESIAN_POINT ( 'NONE',  ( 8.159750000000000725, 10.33638951052389210, -0.9905999999999682837 ) ) ;
#614 = VERTEX_POINT ( 'NONE', #2824 ) ;
#615 = DIRECTION ( 'NONE',  ( 1.000000000000000000, 0.000000000000000000, 0.000000000000000000 ) ) ;
#616 = AXIS2_PLACEMENT_3D ( 'NONE', #7259, #144, #792 ) ;
#617 = EDGE_LOOP ( 'NONE', ( #8215, #8592, #1449, #4718 ) ) ;
#618 = DIRECTION ( 'NONE',  ( 0.000000000000000000, 0.000000000000000000, -1.000000000000000000 ) ) ;
#619 = DIRECTION ( 'NONE',  ( -0.2567226118398505119, 0.9664851269264961298, 0.000000000000000000 ) ) ;
#620 = CARTESIAN_POINT ( 'NONE',  ( 3.505199999999999871, 1.523999999999999355, 2.226310000000002010 ) ) ;
#621 = CARTESIAN_POINT ( 'NONE',  ( -15.23999999999999666, 6.595969447502000982, 3.911600000000001298 ) ) ;
#622 = CARTESIAN_POINT ( 'NONE',  ( 3.100387499999995633, 1.523999999999999355, 2.625090000000000146 ) ) ;
#623 = DIRECTION ( 'NONE',  ( -1.000000000000000000, -0.000000000000000000, -0.000000000000000000 ) ) ;
#624 = CARTESIAN_POINT ( 'NONE',  ( -3.505199999999999871, -3.175000000000000711, 2.226310000000002010 ) ) ;
#625 = ORIENTED_EDGE ( 'NONE', *, *, #6475, .T. ) ;
#626 = DIRECTION ( 'NONE',  ( -1.000000000000000000, 0.000000000000000000, 0.000000000000000000 ) ) ;
#627 = DIRECTION ( 'NONE',  ( 0.2567226118398506785, 0.9664851269264961298, 0.000000000000000000 ) ) ;
#628 = VECTOR ( 'NONE', #8656, 1000.000000000000000 ) ;
#629 = LINE ( 'NONE', #6558, #7137 ) ;
#630 = SURFACE_STYLE_USAGE ( .BOTH. , #2799 ) ;
#631 = CARTESIAN_POINT ( 'NONE',  ( -2.000250000000002082, 15.49400000000000155, 0.000000000000000000 ) ) ;
#632 = VECTOR ( 'NONE', #5186, 1000.000000000000000 ) ;
#633 = ORIENTED_EDGE ( 'NONE', *, *, #5396, .T. ) ;
#635 = CARTESIAN_POINT ( 'NONE',  ( 3.079749999999999321, 15.49400000000000155, -0.9905999999999994809 ) ) ;
#634 = CIRCLE ( 'NONE', #4038, 0.7620000000000005658 ) ;
#636 = ORIENTED_EDGE ( 'NONE', *, *, #9504, .T. ) ;
#637 = EDGE_CURVE ( 'NONE', #5630, #6553, #2731, .T. ) ;
#638 = LINE ( 'NONE', #5704, #8030 ) ;
#639 = VERTEX_POINT ( 'NONE', #2772 ) ;
#640 = ORIENTED_EDGE ( 'NONE', *, *, #7379, .F. ) ;
#641 = LINE ( 'NONE', #2809, #6865 ) ;
#642 = EDGE_LOOP ( 'NONE', ( #9364, #1575, #5607, #8856, #4939, #6288 ) ) ;
#643 = EDGE_CURVE ( 'NONE', #5487, #3109, #8652, .T. ) ;
#644 = VECTOR ( 'NONE', #1249, 1000.000000000000000 ) ;
#645 = DIRECTION ( 'NONE',  ( 0.000000000000000000, 1.000000000000000000, 0.000000000000000000 ) ) ;
#646 = AXIS2_PLACEMENT_3D ( 'NONE', #6632, #4343, #6491 ) ;
#647 = VERTEX_POINT ( 'NONE', #5720 ) ;
#648 = FACE_OUTER_BOUND ( 'NONE', #7640, .T. ) ;
#649 = EDGE_CURVE ( 'NONE', #6630, #8837, #5007, .T. ) ;
#650 = VERTEX_POINT ( 'NONE', #5059 ) ;
#651 = EDGE_CURVE ( 'NONE', #7867, #3312, #1962, .T. ) ;
#652 = FACE_OUTER_BOUND ( 'NONE', #6192, .T. ) ;
#653 = ORIENTED_EDGE ( 'NONE', *, *, #2206, .T. ) ;
#654 = CARTESIAN_POINT ( 'NONE',  ( 9.599612500000000992, 1.523999999999999355, -2.625089999999998369 ) ) ;
#655 = ORIENTED_EDGE ( 'NONE', *, *, #4429, .T. ) ;
#656 = AXIS2_PLACEMENT_3D ( 'NONE', #6961, #376, #8462 ) ;
#657 = CARTESIAN_POINT ( 'NONE',  ( 9.194800000000002527, 0.000000000000000000, 2.625090000000000146 ) ) ;
#658 = VECTOR ( 'NONE', #3509, 1000.000000000000000 ) ;
#659 = CARTESIAN_POINT ( 'NONE',  ( -12.70000000000000284, 1.106182791011101063, 2.137382390413951505 ) ) ;
#660 = FACE_OUTER_BOUND ( 'NONE', #5397, .T. ) ;
#661 = SURFACE_STYLE_USAGE ( .BOTH. , #7267 ) ;
#662 = VECTOR ( 'NONE', #4125, 1000.000000000000000 ) ;
#663 = ORIENTED_EDGE ( 'NONE', *, *, #67, .F. ) ;
#664 = CARTESIAN_POINT ( 'NONE',  ( -9.194800000000002527, 1.523999999999999355, 2.226310000000002010 ) ) ;
#665 = ORIENTED_EDGE ( 'NONE', *, *, #4213, .T. ) ;
#666 = CARTESIAN_POINT ( 'NONE',  ( 13.97000000000000242, 8.001000000000001222, 0.9906000000000012573 ) ) ;
#667 = CARTESIAN_POINT ( 'NONE',  ( -11.61626666162002230, 1.523999999999999355, -1.265136149596992832 ) ) ;
#668 = CARTESIAN_POINT ( 'NONE',  ( -13.97000000000000242, 13.97000000000000064, 0.9906000000000012573 ) ) ;
#669 = CARTESIAN_POINT ( 'NONE',  ( -4.114800000000001567, 0.000000000000000000, 2.625090000000000146 ) ) ;
#670 = CARTESIAN_POINT ( 'NONE',  ( -11.58240000000022896, 1.523999999999999355, 1.956880869102194165 ) ) ;
#671 = PLANE ( 'NONE',  #6407 ) ;
#672 = ADVANCED_FACE ( 'NONE', ( #4290 ), #7213, .T. ) ;
#673 = DIRECTION ( 'NONE',  ( 0.000000000000000000, -0.000000000000000000, -1.000000000000000000 ) ) ;
#674 = ORIENTED_EDGE ( 'NONE', *, *, #770, .T. ) ;
#675 = VECTOR ( 'NONE', #5853, 1000.000000000000000 ) ;
#676 = DIRECTION ( 'NONE',  ( 0.000000000000000000, 1.000000000000000000, 0.000000000000000000 ) ) ;
#677 = DIRECTION ( 'NONE',  ( 0.000000000000000000, -0.000000000000000000, -1.000000000000000000 ) ) ;
#678 = CARTESIAN_POINT ( 'NONE',  ( 3.505199999999999871, -3.175000000000000711, -2.226310000000000233 ) ) ;
#679 = VECTOR ( 'NONE', #9020, 1000.000000000000000 ) ;
#680 = VECTOR ( 'NONE', #5033, 1000.000000000000000 ) ;
#681 = CARTESIAN_POINT ( 'NONE',  ( -12.16025000000000489, 13.53961048947607893, -0.9905999999999335337 ) ) ;
#682 = LINE ( 'NONE', #3577, #3642 ) ;
#683 = UNCERTAINTY_MEASURE_WITH_UNIT (LENGTH_MEASURE( 1.000000000000000082E-05 ), #8928, 'distance_accuracy_value', 'NONE');
#684 = ORIENTED_EDGE ( 'NONE', *, *, #5836, .T. ) ;
#685 = DIRECTION ( 'NONE',  ( -0.000000000000000000, -0.000000000000000000, 1.000000000000000000 ) ) ;
#686 = ORIENTED_EDGE ( 'NONE', *, *, #2128, .T. ) ;
#687 = FACE_OUTER_BOUND ( 'NONE', #2318, .T. ) ;
#688 = ORIENTED_EDGE ( 'NONE', *, *, #6189, .F. ) ;
#689 = AXIS2_PLACEMENT_3D ( 'NONE', #4976, #4352, #8718 ) ;
#690 = CLOSED_SHELL ( 'NONE', ( #829, #9194, #2614, #746, #1198, #5529, #2242, #6072 ) ) ;
#691 = ORIENTED_EDGE ( 'NONE', *, *, #8130, .F. ) ;
#692 = PLANE ( 'NONE',  #7788 ) ;
#693 = FACE_OUTER_BOUND ( 'NONE', #7171, .T. ) ;
#694 = EDGE_CURVE ( 'NONE', #1768, #6761, #3400, .T. ) ;
#695 = ORIENTED_EDGE ( 'NONE', *, *, #6759, .F. ) ;
#696 =( NAMED_UNIT ( * ) SI_UNIT ( $, .STERADIAN. ) SOLID_ANGLE_UNIT ( ) );
#697 = ORIENTED_EDGE ( 'NONE', *, *, #7367, .F. ) ;
#698 = DIRECTION ( 'NONE',  ( -0.2567226118398958090, 0.9664851269264842504, 0.000000000000000000 ) ) ;
#699 = ORIENTED_EDGE ( 'NONE', *, *, #5212, .F. ) ;
#700 = CARTESIAN_POINT ( 'NONE',  ( -4.114800000000001567, 1.523999999999999355, 2.226310000000002010 ) ) ;
#701 = ORIENTED_EDGE ( 'NONE', *, *, #8758, .F. ) ;
#702 = CARTESIAN_POINT ( 'NONE',  ( -3.505199999999999871, 0.000000000000000000, 2.625090000000000146 ) ) ;
#703 = CARTESIAN_POINT ( 'NONE',  ( 6.654799999999995386, -3.175000000000000711, -2.625089999999998369 ) ) ;
#704 = PRESENTATION_STYLE_ASSIGNMENT (( #3695 ) ) ;
#705 = EDGE_CURVE ( 'NONE', #9038, #1905, #4956, .T. ) ;
#706 = EDGE_CURVE ( 'NONE', #1895, #2872, #6228, .T. ) ;
#707 = CARTESIAN_POINT ( 'NONE',  ( 9.194800000000002527, 0.000000000000000000, 2.625090000000000146 ) ) ;
#708 = FACE_OUTER_BOUND ( 'NONE', #3826, .T. ) ;
#709 =( NAMED_UNIT ( * ) PLANE_ANGLE_UNIT ( ) SI_UNIT ( $, .RADIAN. ) );
#710 = EDGE_CURVE ( 'NONE', #6336, #5955, #3547, .T. ) ;
#711 = ORIENTED_EDGE ( 'NONE', *, *, #8489, .F. ) ;
#712 = FACE_OUTER_BOUND ( 'NONE', #3361, .T. ) ;
#713 = VECTOR ( 'NONE', #5733, 1000.000000000000000 ) ;
#714 = ORIENTED_EDGE ( 'NONE', *, *, #1850, .F. ) ;
#715 = ADVANCED_FACE ( 'NONE', ( #2685 ), #4236, .T. ) ;
#716 = ORIENTED_EDGE ( 'NONE', *, *, #4213, .F. ) ;
#717 = DIRECTION ( 'NONE',  ( 0.000000000000000000, -1.000000000000000000, 0.000000000000000000 ) ) ;
#718 = AXIS2_PLACEMENT_3D ( 'NONE', #9294, #3470, #2021 ) ;
#719 = LINE ( 'NONE', #7368, #8640 ) ;
#720 = CARTESIAN_POINT ( 'NONE',  ( -8.159750000000000725, 15.49400000000000155, 0.9906000000000012573 ) ) ;
#721 = CARTESIAN_POINT ( 'NONE',  ( -2.000250000000002082, 13.53961048947610912, 0.9905999999999665073 ) ) ;
#722 = FACE_OUTER_BOUND ( 'NONE', #197, .T. ) ;
#723 = PLANE ( 'NONE',  #5810 ) ;
#724 = EDGE_CURVE ( 'NONE', #7306, #4327, #8389, .T. ) ;
#725 = VECTOR ( 'NONE', #7567, 1000.000000000000000 ) ;
#726 = DIRECTION ( 'NONE',  ( 0.000000000000000000, -1.000000000000000000, 0.000000000000000000 ) ) ;
#727 = ADVANCED_FACE ( 'NONE', ( #9419 ), #8701, .T. ) ;
#728 = VECTOR ( 'NONE', #8816, 1000.000000000000000 ) ;
#729 = CARTESIAN_POINT ( 'NONE',  ( -1.574800000000001088, 1.523999999999999355, 2.226310000000002010 ) ) ;
#730 = VECTOR ( 'NONE', #340, 999.9999999999998863 ) ;
#731 = CARTESIAN_POINT ( 'NONE',  ( 9.599612500000000992, 1.523999999999999355, -2.625089999999998369 ) ) ;
#732 = DIRECTION ( 'NONE',  ( 1.000000000000000000, 0.000000000000000000, 0.000000000000000000 ) ) ;
#733 = EDGE_LOOP ( 'NONE', ( #8974, #7704, #4943, #3462, #521, #5871 ) ) ;
#734 = CARTESIAN_POINT ( 'NONE',  ( -11.25643335351994523, 1.397000000000000686, -1.221902112197735812 ) ) ;
#735 = ORIENTED_EDGE ( 'NONE', *, *, #2768, .T. ) ;
#736 = LINE ( 'NONE', #3680, #2329 ) ;
#737 = VERTEX_POINT ( 'NONE', #3693 ) ;
#738 = ORIENTED_EDGE ( 'NONE', *, *, #6475, .F. ) ;
#739 = DIRECTION ( 'NONE',  ( 1.000000000000000000, 0.000000000000000000, 0.000000000000000000 ) ) ;
#740 = DIRECTION ( 'NONE',  ( -0.000000000000000000, -0.000000000000000000, 1.000000000000000000 ) ) ;
#741 = ORIENTED_EDGE ( 'NONE', *, *, #3955, .F. ) ;
#742 = ORIENTED_EDGE ( 'NONE', *, *, #2086, .T. ) ;
#743 = LINE ( 'NONE', #6616, #2493 ) ;
#744 = ORIENTED_EDGE ( 'NONE', *, *, #3538, .T. ) ;
#745 = DIRECTION ( 'NONE',  ( -0.2567226118398505119, -0.9664851269264961298, 0.000000000000000000 ) ) ;
#746 = ADVANCED_FACE ( 'NONE', ( #3744 ), #5920, .T. ) ;
#747 = ORIENTED_EDGE ( 'NONE', *, *, #6557, .F. ) ;
#748 = DIRECTION ( 'NONE',  ( 1.000000000000000000, -0.000000000000000000, -0.000000000000000000 ) ) ;
#749 = ORIENTED_EDGE ( 'NONE', *, *, #4375, .T. ) ;
#750 = DIRECTION ( 'NONE',  ( 0.9664851269264842504, -0.2567226118398958090, -0.000000000000000000 ) ) ;
#751 = FACE_OUTER_BOUND ( 'NONE', #8780, .T. ) ;
#752 = PLANE ( 'NONE',  #8171 ) ;
#753 = FACE_OUTER_BOUND ( 'NONE', #4517, .T. ) ;
#754 =( NAMED_UNIT ( * ) SI_UNIT ( $, .STERADIAN. ) SOLID_ANGLE_UNIT ( ) );
#755 = VERTEX_POINT ( 'NONE', #5207 ) ;
#756 = DIRECTION ( 'NONE',  ( 1.000000000000000000, -0.000000000000000000, -0.000000000000000000 ) ) ;
#757 = EDGE_CURVE ( 'NONE', #7318, #9322, #5966, .T. ) ;
#758 = ADVANCED_FACE ( 'NONE', ( #5862 ), #6056, .T. ) ;
#759 = ORIENTED_EDGE ( 'NONE', *, *, #6800, .T. ) ;
#760 = PLANE ( 'NONE',  #8482 ) ;
#761 = CARTESIAN_POINT ( 'NONE',  ( 6.654799999999995386, 0.000000000000000000, -2.625089999999998369 ) ) ;
#762 = EDGE_CURVE ( 'NONE', #7389, #9004, #9149, .T. ) ;
#763 = DIRECTION ( 'NONE',  ( 0.000000000000000000, 0.000000000000000000, -1.000000000000000000 ) ) ;
#764 = FACE_OUTER_BOUND ( 'NONE', #1627, .T. ) ;
#765 = CARTESIAN_POINT ( 'NONE',  ( 7.080249999999995936, 11.93800000000000061, 2.438400000000000123 ) ) ;
#766 = DIRECTION ( 'NONE',  ( 0.000000000000000000, 1.000000000000000000, 0.000000000000000000 ) ) ;
#767 = MECHANICAL_DESIGN_GEOMETRIC_PRESENTATION_REPRESENTATION (  '', ( #8769 ), #8612 ) ;
#768 = CARTESIAN_POINT ( 'NONE',  ( 11.12520000000000131, 1.523999999999999355, -2.226310000000000233 ) ) ;
#769 = EDGE_CURVE ( 'NONE', #2533, #3389, #8795, .T. ) ;
#770 = EDGE_CURVE ( 'NONE', #6960, #2833, #8169, .T. ) ;
#771 = DIRECTION ( 'NONE',  ( -0.000000000000000000, 1.000000000000000000, -0.000000000000000000 ) ) ;
#772 = DIRECTION ( 'NONE',  ( 0.000000000000000000, -0.000000000000000000, -1.000000000000000000 ) ) ;
#773 = LINE ( 'NONE', #6650, #4225 ) ;
#774 = PLANE ( 'NONE',  #5509 ) ;
#775 = CARTESIAN_POINT ( 'NONE',  ( -11.02360000000000184, 1.523999999999999355, -1.329987205696001373 ) ) ;
#776 = ORIENTED_EDGE ( 'NONE', *, *, #1912, .F. ) ;
#777 = CARTESIAN_POINT ( 'NONE',  ( -15.23999999999999666, 15.49400000000000155, -4.673600000000001309 ) ) ;
#778 = VERTEX_POINT ( 'NONE', #1628 ) ;
#779 = EDGE_LOOP ( 'NONE', ( #3683, #7013, #8878, #2051 ) ) ;
#780 = DIRECTION ( 'NONE',  ( 0.000000000000000000, 0.000000000000000000, 1.000000000000000000 ) ) ;
#781 = LINE ( 'NONE', #3733, #2675 ) ;
#782 = EDGE_CURVE ( 'NONE', #5857, #7760, #41, .T. ) ;
#783 = AXIS2_PLACEMENT_3D ( 'NONE', #8607, #3508, #1344 ) ;
#784 = ORIENTED_EDGE ( 'NONE', *, *, #3239, .T. ) ;
#785 = ORIENTED_EDGE ( 'NONE', *, *, #770, .F. ) ;
#786 = PLANE ( 'NONE',  #1419 ) ;
#787 = EDGE_CURVE ( 'NONE', #8838, #1570, #6769, .T. ) ;
#788 = ORIENTED_EDGE ( 'NONE', *, *, #4097, .F. ) ;
#789 = DIRECTION ( 'NONE',  ( -1.000000000000000000, 0.000000000000000000, -0.000000000000000000 ) ) ;
#790 = AXIS2_PLACEMENT_3D ( 'NONE', #6270, #2608, #9205 ) ;
#791 = ORIENTED_EDGE ( 'NONE', *, *, #5182, .T. ) ;
#792 = DIRECTION ( 'NONE',  ( 0.000000000000000000, 1.000000000000000000, 0.000000000000000000 ) ) ;
#793 = VERTEX_POINT ( 'NONE', #96 ) ;
#794 = CARTESIAN_POINT ( 'NONE',  ( 0.9651999999999993918, -3.175000000000000711, -2.226310000000000233 ) ) ;
#795 = CARTESIAN_POINT ( 'NONE',  ( 5.640387499999996557, 1.523999999999999355, 2.625090000000000146 ) ) ;
#796 = FILL_AREA_STYLE ('',( #8797 ) ) ;
#797 = EDGE_CURVE ( 'NONE', #290, #1998, #5157, .T. ) ;
#798 = CARTESIAN_POINT ( 'NONE',  ( -3.100387500000002738, 1.523999999999999355, -2.625089999999998369 ) ) ;
#799 = VECTOR ( 'NONE', #7947, 1000.000000000000000 ) ;
#800 = CARTESIAN_POINT ( 'NONE',  ( -14.60500000000000043, 1.106182791009999500, 2.137382390413999911 ) ) ;
#801 =( LENGTH_UNIT ( ) NAMED_UNIT ( * ) SI_UNIT ( .MILLI., .METRE. ) );
#802 = ORIENTED_EDGE ( 'NONE', *, *, #8653, .T. ) ;
#803 = DIRECTION ( 'NONE',  ( -1.000000000000000000, 0.000000000000000000, 0.000000000000000000 ) ) ;
#804 = VECTOR ( 'NONE', #5536, 1000.000000000000000 ) ;
#805 = VERTEX_POINT ( 'NONE', #2243 ) ;
#806 = ORIENTED_EDGE ( 'NONE', *, *, #8315, .T. ) ;
#807 = FACE_OUTER_BOUND ( 'NONE', #7751, .T. ) ;
#808 = CARTESIAN_POINT ( 'NONE',  ( -12.70000000000000284, 0.000000000000000000, -3.810000000000002718 ) ) ;
#809 = ADVANCED_FACE ( 'NONE', ( #2971 ), #5347, .T. ) ;
#810 = VECTOR ( 'NONE', #7551, 1000.000000000000000 ) ;
#811 = LINE ( 'NONE', #3320, #5431 ) ;
#812 = PRESENTATION_LAYER_ASSIGNMENT (  '', '', ( #7435 ) ) ;
#813 = DIRECTION ( 'NONE',  ( -1.000000000000000000, 0.000000000000000000, 0.000000000000000000 ) ) ;
#814 = DIRECTION ( 'NONE',  ( 0.000000000000000000, 0.000000000000000000, -1.000000000000000000 ) ) ;
#815 = DIRECTION ( 'NONE',  ( -1.000000000000000000, 0.000000000000000000, 0.000000000000000000 ) ) ;
#816 = EDGE_CURVE ( 'NONE', #5825, #9025, #8272, .T. ) ;
#817 = FACE_OUTER_BOUND ( 'NONE', #9387, .T. ) ;
#818 = LINE ( 'NONE', #2940, #2377 ) ;
#819 = COLOUR_RGB ( '',0.7921568627450980005, 0.8196078431372548767, 0.9333333333333333481 ) ;
#820 = CARTESIAN_POINT ( 'NONE',  ( 4.114800000000001567, -3.175000000000000711, -2.625089999999998369 ) ) ;
#821 = ADVANCED_FACE ( 'NONE', ( #8847 ), #2287, .T. ) ;
#822 = CARTESIAN_POINT ( 'NONE',  ( 6.654799999999995386, 0.000000000000000000, 2.625090000000000146 ) ) ;
#823 = EDGE_CURVE ( 'NONE', #6910, #3412, #6580, .T. ) ;
#824 = CARTESIAN_POINT ( 'NONE',  ( 12.69999999999999929, 0.000000000000000000, 2.540000000000000480 ) ) ;
#825 = DIRECTION ( 'NONE',  ( -1.000000000000000000, -0.000000000000000000, -0.000000000000000000 ) ) ;
#826 = CARTESIAN_POINT ( 'NONE',  ( 12.13961249999996284, 1.524000000000004462, 2.625090000000000146 ) ) ;
#827 = AXIS2_PLACEMENT_3D ( 'NONE', #8211, #1618, #3636 ) ;
#828 = ORIENTED_EDGE ( 'NONE', *, *, #6835, .T. ) ;
#829 = ADVANCED_FACE ( 'NONE', ( #3793 ), #2920, .F. ) ;
#830 = ORIENTED_EDGE ( 'NONE', *, *, #9414, .F. ) ;
#831 = EDGE_LOOP ( 'NONE', ( #2545, #3727, #8313, #8833 ) ) ;
#832 = CARTESIAN_POINT ( 'NONE',  ( 3.505199999999999871, 0.000000000000000000, -2.625089999999998369 ) ) ;
#833 = EDGE_CURVE ( 'NONE', #9104, #7241, #3065, .T. ) ;
#834 = VECTOR ( 'NONE', #3841, 1000.000000000000000 ) ;
#835 = CARTESIAN_POINT ( 'NONE',  ( 11.12520000000000131, 1.523999999999999355, 2.625090000000000146 ) ) ;
#836 = ORIENTED_EDGE ( 'NONE', *, *, #1657, .T. ) ;
#837 = ORIENTED_EDGE ( 'NONE', *, *, #7401, .F. ) ;
#838 =( NAMED_UNIT ( * ) PLANE_ANGLE_UNIT ( ) SI_UNIT ( $, .RADIAN. ) );
#839 = EDGE_LOOP ( 'NONE', ( #4912, #1352, #4164, #905, #1243, #8414 ) ) ;
#840 = AXIS2_PLACEMENT_3D ( 'NONE', #5387, #3930, #6143 ) ;
#841 = DIRECTION ( 'NONE',  ( 1.000000000000000000, 0.000000000000000000, 0.000000000000000000 ) ) ;
#842 = ORIENTED_EDGE ( 'NONE', *, *, #2043, .T. ) ;
#843 = PLANE ( 'NONE',  #2928 ) ;
#844 = ORIENTED_EDGE ( 'NONE', *, *, #1229, .F. ) ;
#845 = CARTESIAN_POINT ( 'NONE',  ( 8.585200000000000387, 1.523999999999999355, 2.226310000000002010 ) ) ;
#846 = FACE_OUTER_BOUND ( 'NONE', #5054, .T. ) ;
#847 =( NAMED_UNIT ( * ) SI_UNIT ( $, .STERADIAN. ) SOLID_ANGLE_UNIT ( ) );
#848 = ADVANCED_FACE ( 'NONE', ( #4440 ), #8224, .T. ) ;
#849 = FACE_OUTER_BOUND ( 'NONE', #1739, .T. ) ;
#850 = CARTESIAN_POINT ( 'NONE',  ( -14.60500000000000043, 1.523999999999999355, 0.000000000000000000 ) ) ;
#851 = LINE ( 'NONE', #4044, #9336 ) ;
#852 = ORIENTED_EDGE ( 'NONE', *, *, #3908, .F. ) ;
#853 = LINE ( 'NONE', #3850, #3728 ) ;
#854 = ORIENTED_EDGE ( 'NONE', *, *, #8422, .F. ) ;
#855 = VECTOR ( 'NONE', #1176, 1000.000000000000000 ) ;
#856 = ORIENTED_EDGE ( 'NONE', *, *, #7263, .F. ) ;
#857 = CARTESIAN_POINT ( 'NONE',  ( -9.194800000000002527, 1.523999999999999355, -2.226310000000000233 ) ) ;
#858 = CARTESIAN_POINT ( 'NONE',  ( 14.60500000000000043, 6.604000000000000092, -3.047999999999996934 ) ) ;
#859 = PLANE ( 'NONE',  #6496 ) ;
#860 = CIRCLE ( 'NONE', #2091, 0.6350000000000001199 ) ;
#861 = LINE ( 'NONE', #8959, #4562 ) ;
#862 = DIRECTION ( 'NONE',  ( -0.000000000000000000, -0.000000000000000000, 1.000000000000000000 ) ) ;
#863 = CARTESIAN_POINT ( 'NONE',  ( -11.76443333270461800, 1.397000000000000686, -1.329987205694870278 ) ) ;
#864 = LINE ( 'NONE', #8866, #7517 ) ;
#865 = EDGE_CURVE ( 'NONE', #4483, #2599, #5400, .T. ) ;
#866 = VECTOR ( 'NONE', #1656, 1000.000000000000114 ) ;
#867 = FACE_OUTER_BOUND ( 'NONE', #3578, .T. ) ;
#868 = CARTESIAN_POINT ( 'NONE',  ( -11.12520000000000131, -3.175000000000000711, -2.226310000000000233 ) ) ;
#869 = MECHANICAL_DESIGN_GEOMETRIC_PRESENTATION_REPRESENTATION (  '', ( #9486 ), #9507 ) ;
#870 = CARTESIAN_POINT ( 'NONE',  ( -2.000250000000002082, 15.49400000000000155, -0.9905999999999994809 ) ) ;
#871 = DIRECTION ( 'NONE',  ( 0.000000000000000000, -1.000000000000000000, 0.000000000000000000 ) ) ;
#872 = DIRECTION ( 'NONE',  ( 0.000000000000000000, -1.000000000000000000, 0.000000000000000000 ) ) ;
#873 = CARTESIAN_POINT ( 'NONE',  ( -4.114800000000001567, 1.523999999999999355, 2.226310000000002010 ) ) ;
#874 = UNCERTAINTY_MEASURE_WITH_UNIT (LENGTH_MEASURE( 1.000000000000000082E-05 ), #4905, 'distance_accuracy_value', 'NONE');
#875 = VECTOR ( 'NONE', #814, 1000.000000000000000 ) ;
#876 = CARTESIAN_POINT ( 'NONE',  ( -16.00200000000000244, 1.523999999999999355, 2.625090000000000146 ) ) ;
#877 = VERTEX_POINT ( 'NONE', #8320 ) ;
#878 = CIRCLE ( 'NONE', #3971, 0.7620000000000005658 ) ;
#879 = EDGE_LOOP ( 'NONE', ( #3241, #3155 ) ) ;
#880 = EDGE_CURVE ( 'NONE', #1220, #181, #878, .T. ) ;
#881 = DIRECTION ( 'NONE',  ( -0.000000000000000000, -0.000000000000000000, 1.000000000000000000 ) ) ;
#882 = CARTESIAN_POINT ( 'NONE',  ( -9.599612500000000992, 1.523999999999999355, 2.625090000000000146 ) ) ;
#883 = COLOUR_RGB ( '',0.7921568627450980005, 0.8196078431372548767, 0.9333333333333333481 ) ;
#884 = EDGE_CURVE ( 'NONE', #8876, #4387, #3892, .T. ) ;
#885 = ORIENTED_EDGE ( 'NONE', *, *, #1610, .F. ) ;
#886 = ORIENTED_EDGE ( 'NONE', *, *, #5633, .F. ) ;
#887 = DIRECTION ( 'NONE',  ( 0.8906052429498266809, 0.000000000000000000, -0.4547771995497136288 ) ) ;
#888 = ORIENTED_EDGE ( 'NONE', *, *, #7881, .F. ) ;
#889 = PLANE ( 'NONE',  #8198 ) ;
#890 = ADVANCED_FACE ( 'NONE', ( #2441 ), #4890, .F. ) ;
#891 = ORIENTED_EDGE ( 'NONE', *, *, #4462, .T. ) ;
#892 = PLANE ( 'NONE',  #8415 ) ;
#893 = VERTEX_POINT ( 'NONE', #2793 ) ;
#894 = DIRECTION ( 'NONE',  ( -0.000000000000000000, 1.000000000000000000, -0.000000000000000000 ) ) ;
#895 = DIRECTION ( 'NONE',  ( -1.000000000000000000, 0.000000000000000000, 0.000000000000000000 ) ) ;
#896 = SURFACE_STYLE_FILL_AREA ( #2392 ) ;
#897 = DIRECTION ( 'NONE',  ( -0.000000000000000000, -0.000000000000000000, 1.000000000000000000 ) ) ;
#898 = ORIENTED_EDGE ( 'NONE', *, *, #7783, .F. ) ;
#899 = CARTESIAN_POINT ( 'NONE',  ( -4.114800000000001567, 0.000000000000000000, -2.625089999999998369 ) ) ;
#900 = CARTESIAN_POINT ( 'NONE',  ( 6.045200000000000351, 1.523999999999999355, -2.625089999999998369 ) ) ;
#901 = ORIENTED_EDGE ( 'NONE', *, *, #3682, .T. ) ;
#902 = CARTESIAN_POINT ( 'NONE',  ( -12.16025000000000489, 11.93800000000000061, -2.438400000000001899 ) ) ;
#903 = ADVANCED_FACE ( 'NONE', ( #9388 ), #8675, .T. ) ;
#904 = ORIENTED_EDGE ( 'NONE', *, *, #5448, .T. ) ;
#905 = ORIENTED_EDGE ( 'NONE', *, *, #8131, .T. ) ;
#906 = DIRECTION ( 'NONE',  ( 0.000000000000000000, -1.000000000000000000, 0.000000000000000000 ) ) ;
#907 = DIRECTION ( 'NONE',  ( -1.000000000000000000, 0.000000000000000000, 0.000000000000000000 ) ) ;
#908 = DIRECTION ( 'NONE',  ( 0.000000000000000000, 0.000000000000000000, -1.000000000000000000 ) ) ;
#909 = FACE_OUTER_BOUND ( 'NONE', #8371, .T. ) ;
#910 = ORIENTED_EDGE ( 'NONE', *, *, #7193, .F. ) ;
#911 = LINE ( 'NONE', #6597, #1963 ) ;
#912 = EDGE_CURVE ( 'NONE', #8936, #1905, #8003, .T. ) ;
#913 = SURFACE_SIDE_STYLE ('',( #2939 ) ) ;
#914 = DIRECTION ( 'NONE',  ( 1.000000000000000000, 0.000000000000000000, 0.000000000000000000 ) ) ;
#915 = DIRECTION ( 'NONE',  ( -0.000000000000000000, -1.000000000000000000, -0.000000000000000000 ) ) ;
#916 = VECTOR ( 'NONE', #7278, 1000.000000000000000 ) ;
#917 = CARTESIAN_POINT ( 'NONE',  ( 8.585200000000000387, 1.523999999999999355, -2.226310000000000233 ) ) ;
#918 = DIRECTION ( 'NONE',  ( 1.000000000000000000, 0.000000000000000000, 0.000000000000000000 ) ) ;
#919 = CARTESIAN_POINT ( 'NONE',  ( -15.49400000000000510, 15.49399999999999977, -1.621861469056596672 ) ) ;
#920 = FACE_OUTER_BOUND ( 'NONE', #7290, .T. ) ;
#921 = CARTESIAN_POINT ( 'NONE',  ( -15.23999999999999666, 6.604000000000000092, 3.048000000000002263 ) ) ;
#922 = VERTEX_POINT ( 'NONE', #4155 ) ;
#923 = ORIENTED_EDGE ( 'NONE', *, *, #6537, .F. ) ;
#924 = VERTEX_POINT ( 'NONE', #2749 ) ;
#925 = CARTESIAN_POINT ( 'NONE',  ( -11.25643335351992569, 1.523999999999999355, -1.221902112197600587 ) ) ;
#926 = DIRECTION ( 'NONE',  ( 0.000000000000000000, 1.000000000000000000, 0.000000000000000000 ) ) ;
#927 = ADVANCED_FACE ( 'NONE', ( #2124 ), #7814, .T. ) ;
#928 = VERTEX_POINT ( 'NONE', #7232 ) ;
#929 = VERTEX_POINT ( 'NONE', #4259 ) ;
#930 = DIRECTION ( 'NONE',  ( 1.000000000000000000, -0.000000000000000000, -0.000000000000000000 ) ) ;
#931 = ORIENTED_EDGE ( 'NONE', *, *, #1949, .F. ) ;
#932 = LINE ( 'NONE', #6816, #3582 ) ;
#933 = EDGE_CURVE ( 'NONE', #945, #2728, #3622, .T. ) ;
#934 = VERTEX_POINT ( 'NONE', #5695 ) ;
#935 = PLANE ( 'NONE',  #6099 ) ;
#936 = ORIENTED_EDGE ( 'NONE', *, *, #9239, .T. ) ;
#937 = DIRECTION ( 'NONE',  ( -1.000000000000000000, 0.000000000000000000, 0.000000000000000000 ) ) ;
#938 = DIRECTION ( 'NONE',  ( -1.000000000000000000, 0.000000000000000000, 0.000000000000000000 ) ) ;
#939 = AXIS2_PLACEMENT_3D ( 'NONE', #2829, #2776, #3652 ) ;
#940 = COLOUR_RGB ( '',0.7921568627450980005, 0.8196078431372548767, 0.9333333333333333481 ) ;
#941 = SURFACE_SIDE_STYLE ('',( #9138 ) ) ;
#942 = CARTESIAN_POINT ( 'NONE',  ( -11.42576667676000568, 1.523999999999999355, -1.092199999999999838 ) ) ;
#943 = ADVANCED_FACE ( 'NONE', ( #537 ), #1211, .F. ) ;
#944 = ADVANCED_FACE ( 'NONE', ( #7187 ), #8723, .T. ) ;
#945 = VERTEX_POINT ( 'NONE', #490 ) ;
#946 = DIRECTION ( 'NONE',  ( 0.000000000000000000, 0.000000000000000000, -1.000000000000000000 ) ) ;
#947 = SURFACE_STYLE_USAGE ( .BOTH. , #3848 ) ;
#948 = ORIENTED_EDGE ( 'NONE', *, *, #3375, .F. ) ;
#949 = VECTOR ( 'NONE', #4215, 1000.000000000000000 ) ;
#950 = VECTOR ( 'NONE', #2733, 1000.000000000000000 ) ;
#951 = LINE ( 'NONE', #4046, #4968 ) ;
#952 = ORIENTED_EDGE ( 'NONE', *, *, #2938, .T. ) ;
#953 = CARTESIAN_POINT ( 'NONE',  ( -15.23999999999999666, 6.604000000000000092, -3.911600000000003075 ) ) ;
#954 = ORIENTED_EDGE ( 'NONE', *, *, #6079, .F. ) ;
#955 = AXIS2_PLACEMENT_3D ( 'NONE', #5137, #1697, #6607 ) ;
#956 = FACE_OUTER_BOUND ( 'NONE', #985, .T. ) ;
#957 = EDGE_CURVE ( 'NONE', #5857, #3494, #4932, .T. ) ;
#958 = DIRECTION ( 'NONE',  ( -1.000000000000000000, 0.000000000000000000, 0.000000000000000000 ) ) ;
#959 = PLANE ( 'NONE',  #4372 ) ;
#960 = CARTESIAN_POINT ( 'NONE',  ( -13.97000000000000242, 8.001000000000001222, -0.9905999999999994809 ) ) ;
#961 = VECTOR ( 'NONE', #7803, 1000.000000000000000 ) ;
#962 = ORIENTED_EDGE ( 'NONE', *, *, #6, .T. ) ;
#963 = LINE ( 'NONE', #8628, #3559 ) ;
#964 = CARTESIAN_POINT ( 'NONE',  ( -16.00200000000000244, 1.523999999999999355, 2.108200000000000962 ) ) ;
#965 = PLANE ( 'NONE',  #3357 ) ;
#966 = EDGE_CURVE ( 'NONE', #7916, #6230, #7853, .T. ) ;
#967 = FACE_OUTER_BOUND ( 'NONE', #2157, .T. ) ;
#968 = VECTOR ( 'NONE', #2680, 1000.000000000000000 ) ;
#969 = DIRECTION ( 'NONE',  ( 1.000000000000000000, 0.000000000000000000, 0.000000000000000000 ) ) ;
#970 = VECTOR ( 'NONE', #1196, 1000.000000000000000 ) ;
#971 = DIRECTION ( 'NONE',  ( -0.000000000000000000, -1.000000000000000000, -0.000000000000000000 ) ) ;
#972 = EDGE_CURVE ( 'NONE', #2781, #1026, #7956, .T. ) ;
#973 = PLANE ( 'NONE',  #5298 ) ;
#974 = FACE_OUTER_BOUND ( 'NONE', #2014, .T. ) ;
#975 = LINE ( 'NONE', #360, #1179 ) ;
#976 = DIRECTION ( 'NONE',  ( -1.000000000000000000, 0.000000000000000000, 0.000000000000000000 ) ) ;
#977 = ORIENTED_EDGE ( 'NONE', *, *, #400, .F. ) ;
#978 = MECHANICAL_DESIGN_GEOMETRIC_PRESENTATION_REPRESENTATION (  '', ( #2976 ), #2664 ) ;
#979 = ORIENTED_EDGE ( 'NONE', *, *, #1512, .T. ) ;
#980 = AXIS2_PLACEMENT_3D ( 'NONE', #5748, #5658, #3626 ) ;
#981 = DIRECTION ( 'NONE',  ( -0.000000000000000000, 1.000000000000000000, -0.000000000000000000 ) ) ;
#982 = FACE_OUTER_BOUND ( 'NONE', #2205, .T. ) ;
#983 = CARTESIAN_POINT ( 'NONE',  ( -11.02360000000000184, 1.523999999999999355, -2.000114891362000602 ) ) ;
#984 = MECHANICAL_DESIGN_GEOMETRIC_PRESENTATION_REPRESENTATION (  '', ( #383 ), #3597 ) ;
#985 = EDGE_LOOP ( 'NONE', ( #1376, #3384 ) ) ;
#986 = ORIENTED_EDGE ( 'NONE', *, *, #3974, .F. ) ;
#987 = DIRECTION ( 'NONE',  ( 0.000000000000000000, -0.9396926207856765023, -0.3420201433263056479 ) ) ;
#988 = ORIENTED_EDGE ( 'NONE', *, *, #7602, .T. ) ;
#989 = FACE_OUTER_BOUND ( 'NONE', #173, .T. ) ;
#990 = ORIENTED_EDGE ( 'NONE', *, *, #4482, .F. ) ;
#991 = VECTOR ( 'NONE', #2751, 1000.000000000000000 ) ;
#992 = FACE_OUTER_BOUND ( 'NONE', #1374, .T. ) ;
#993 = VERTEX_POINT ( 'NONE', #2026 ) ;
#994 = EDGE_CURVE ( 'NONE', #993, #8113, #4439, .T. ) ;
#995 = CARTESIAN_POINT ( 'NONE',  ( -3.079749999999999321, 11.93800000000000061, -2.438400000000001899 ) ) ;
#996 = CARTESIAN_POINT ( 'NONE',  ( -0.9651999999999993918, 0.000000000000000000, -2.625089999999998369 ) ) ;
#997 = AXIS2_PLACEMENT_3D ( 'NONE', #108, #1450, #9525 ) ;
#998 = CARTESIAN_POINT ( 'NONE',  ( -7.059612499999999180, 1.523999999999999355, 2.625090000000000146 ) ) ;
#999 = VECTOR ( 'NONE', #2516, 1000.000000000000000 ) ;
#1000 = ORIENTED_EDGE ( 'NONE', *, *, #9350, .F. ) ;
#1001 = PLANE ( 'NONE',  #3504 ) ;
#1002 = SURFACE_STYLE_USAGE ( .BOTH. , #1585 ) ;
#1003 = ORIENTED_EDGE ( 'NONE', *, *, #1407, .T. ) ;
#1004 = LINE ( 'NONE', #5254, #6492 ) ;
#1005 = ORIENTED_EDGE ( 'NONE', *, *, #2444, .T. ) ;
#1006 = AXIS2_PLACEMENT_3D ( 'NONE', #2786, #2988, #3036 ) ;
#1007 = VERTEX_POINT ( 'NONE', #9299 ) ;
#1008 = EDGE_CURVE ( 'NONE', #7922, #2343, #2724, .T. ) ;
#1009 = CLOSED_SHELL ( 'NONE', ( #5411, #6895, #3731, #4447 ) ) ;
#1010 = EDGE_CURVE ( 'NONE', #7532, #3448, #1364, .T. ) ;
#1011 = CARTESIAN_POINT ( 'NONE',  ( -12.70000000000000284, 1.523999999999999355, -3.810000000000002718 ) ) ;
#1012 = EDGE_CURVE ( 'NONE', #2317, #793, #3571, .T. ) ;
#1013 = CARTESIAN_POINT ( 'NONE',  ( -14.60500000000000043, 1.523999999999999355, -1.540677576214998235 ) ) ;
#1014 = CARTESIAN_POINT ( 'NONE',  ( 3.079749999999999321, 10.33638951052392230, -0.9905999999999335337 ) ) ;
#1015 = CARTESIAN_POINT ( 'NONE',  ( -12.13961250000000014, 1.523999999999999355, 2.625090000000000146 ) ) ;
#1016 = ORIENTED_EDGE ( 'NONE', *, *, #6904, .F. ) ;
#1017 = FACE_OUTER_BOUND ( 'NONE', #8285, .T. ) ;
#1018 = CARTESIAN_POINT ( 'NONE',  ( -3.505199999999999871, -3.175000000000000711, 2.625090000000000146 ) ) ;
#1019 = CARTESIAN_POINT ( 'NONE',  ( -3.505199999999999871, 0.000000000000000000, 2.625090000000000146 ) ) ;
#1020 = CARTESIAN_POINT ( 'NONE',  ( 2.000250000000002082, 11.93800000000000061, -2.438400000000001899 ) ) ;
#1021 = CIRCLE ( 'NONE', #2859, 2.158999999999999364 ) ;
#1022 = DIRECTION ( 'NONE',  ( -1.000000000000000000, 0.000000000000000000, 0.000000000000000000 ) ) ;
#1023 = DIRECTION ( 'NONE',  ( -1.000000000000000000, 0.000000000000000000, 0.000000000000000000 ) ) ;
#1024 = LINE ( 'NONE', #171, #866 ) ;
#1025 = DIRECTION ( 'NONE',  ( -0.000000000000000000, -0.000000000000000000, 1.000000000000000000 ) ) ;
#1026 = VERTEX_POINT ( 'NONE', #7138 ) ;
#1027 = AXIS2_PLACEMENT_3D ( 'NONE', #8097, #8671, #7999 ) ;
#1028 = ORIENTED_EDGE ( 'NONE', *, *, #4965, .T. ) ;
#1029 = EDGE_CURVE ( 'NONE', #4161, #3599, #3474, .T. ) ;
#1030 = LINE ( 'NONE', #3097, #8849 ) ;
#1031 = DIRECTION ( 'NONE',  ( -0.000000000000000000, -0.000000000000000000, 1.000000000000000000 ) ) ;
#1032 = CARTESIAN_POINT ( 'NONE',  ( -16.00200000000000244, 6.604000000000000092, -4.673600000000001309 ) ) ;
#1033 = AXIS2_PLACEMENT_3D ( 'NONE', #5179, #8147, #4414 ) ;
#1034 = ORIENTED_EDGE ( 'NONE', *, *, #4108, .F. ) ;
#1035 = VERTEX_POINT ( 'NONE', #8964 ) ;
#1036 = DIRECTION ( 'NONE',  ( 0.8906052758868173713, 0.000000000000000000, 0.4547771350481088493 ) ) ;
#1037 = VERTEX_POINT ( 'NONE', #7524 ) ;
#1038 = CYLINDRICAL_SURFACE ( 'NONE', #6969, 0.7620000000000005658 ) ;
#1039 = AXIS2_PLACEMENT_3D ( 'NONE', #2594, #9091, #7057 ) ;
#1040 = EDGE_LOOP ( 'NONE', ( #5310, #653, #6782, #4685 ) ) ;
#1041 = DIRECTION ( 'NONE',  ( 0.000000000000000000, -1.000000000000000000, 0.000000000000000000 ) ) ;
#1042 = ORIENTED_EDGE ( 'NONE', *, *, #525, .F. ) ;
#1043 = SURFACE_SIDE_STYLE ('',( #4168 ) ) ;
#1044 = VECTOR ( 'NONE', #2198, 999.9999999999998863 ) ;
#1045 = CARTESIAN_POINT ( 'NONE',  ( 11.12520000000000131, 1.734723475976807094E-15, -2.625089999999998369 ) ) ;
#1046 = VERTEX_POINT ( 'NONE', #6647 ) ;
#1047 = LINE ( 'NONE', #6877, #8445 ) ;
#1048 = ADVANCED_FACE ( 'NONE', ( #817 ), #165, .T. ) ;
#1049 = FACE_OUTER_BOUND ( 'NONE', #6476, .T. ) ;
#1050 = ORIENTED_EDGE ( 'NONE', *, *, #1142, .F. ) ;
#1051 = LINE ( 'NONE', #5629, #215 ) ;
#1052 = ORIENTED_EDGE ( 'NONE', *, *, #6839, .F. ) ;
#1053 = ORIENTED_EDGE ( 'NONE', *, *, #769, .T. ) ;
#1054 = DIRECTION ( 'NONE',  ( 0.000000000000000000, -0.000000000000000000, 1.000000000000000000 ) ) ;
#1055 = LINE ( 'NONE', #6929, #2491 ) ;
#1056 = MANIFOLD_SOLID_BREP ( 'Split1[8]', #6853 ) ;
#1057 = ADVANCED_FACE ( 'NONE', ( #3767 ), #9, .F. ) ;
#1058 = FILL_AREA_STYLE ('',( #6305 ) ) ;
#1059 = ORIENTED_EDGE ( 'NONE', *, *, #8193, .F. ) ;
#1060 = EDGE_CURVE ( 'NONE', #8443, #6572, #1600, .T. ) ;
#1061 = LINE ( 'NONE', #4423, #7726 ) ;
#1062 = EDGE_CURVE ( 'NONE', #8522, #922, #7330, .T. ) ;
#1063 = LINE ( 'NONE', #8965, #999 ) ;
#1064 = CARTESIAN_POINT ( 'NONE',  ( -3.079749999999999321, 15.49400000000000155, 0.000000000000000000 ) ) ;
#1065 = CARTESIAN_POINT ( 'NONE',  ( -11.58239999999999981, 1.397000000000000686, 1.783944658947000272 ) ) ;
#1066 = DIRECTION ( 'NONE',  ( -0.2567226118398510670, -0.9664851269264960187, 0.000000000000000000 ) ) ;
#1067 = CARTESIAN_POINT ( 'NONE',  ( -6.654800000000002491, -3.175000000000000711, -2.625089999999998369 ) ) ;
#1068 = DIRECTION ( 'NONE',  ( -0.9664851269265090083, -0.2567226118398023837, 0.000000000000000000 ) ) ;
#1069 = ADVANCED_FACE ( 'NONE', ( #4558 ), #3084, .T. ) ;
#1070 = DIRECTION ( 'NONE',  ( -1.000000000000000000, 0.000000000000000000, 0.000000000000000000 ) ) ;
#1071 = EDGE_CURVE ( 'NONE', #6562, #3109, #864, .T. ) ;
#1072 = VERTEX_POINT ( 'NONE', #114 ) ;
#1073 = MANIFOLD_SOLID_BREP ( 'Split2[12]', #4240 ) ;
#1074 = DIRECTION ( 'NONE',  ( 0.000000000000000000, 1.000000000000000000, 0.000000000000000000 ) ) ;
#1075 = DIRECTION ( 'NONE',  ( -0.000000000000000000, -0.000000000000000000, 1.000000000000000000 ) ) ;
#1076 = DIRECTION ( 'NONE',  ( 0.000000000000000000, -1.000000000000000000, 0.000000000000000000 ) ) ;
#1077 = ORIENTED_EDGE ( 'NONE', *, *, #1651, .T. ) ;
#1078 = ORIENTED_EDGE ( 'NONE', *, *, #9279, .T. ) ;
#1079 = CARTESIAN_POINT ( 'NONE',  ( -11.73480000000000345, -3.175000000000000711, -2.625089999999998369 ) ) ;
#1080 = ORIENTED_EDGE ( 'NONE', *, *, #8977, .F. ) ;
#1081 = DIRECTION ( 'NONE',  ( 0.000000000000000000, 1.000000000000000000, 0.000000000000000000 ) ) ;
#1082 = ORIENTED_EDGE ( 'NONE', *, *, #3479, .T. ) ;
#1083 = DIRECTION ( 'NONE',  ( -1.000000000000000000, 0.000000000000000000, 0.000000000000000000 ) ) ;
#1084 = VERTEX_POINT ( 'NONE', #7469 ) ;
#1085 = CARTESIAN_POINT ( 'NONE',  ( -11.04476664647999939, 1.397000000000000686, -1.459689378452000863 ) ) ;
#1086 = FACE_OUTER_BOUND ( 'NONE', #4217, .T. ) ;
#1087 = MANIFOLD_SOLID_BREP ( 'Split2[18]', #7003 ) ;
#1088 = ADVANCED_FACE ( 'NONE', ( #2413 ), #4791, .T. ) ;
#1089 = DIRECTION ( 'NONE',  ( -1.000000000000000000, 0.000000000000000000, 0.000000000000000000 ) ) ;
#1090 = ORIENTED_EDGE ( 'NONE', *, *, #1148, .T. ) ;
#1091 = DIRECTION ( 'NONE',  ( 0.9664851269264842504, -0.2567226118398958090, -0.000000000000000000 ) ) ;
#1092 = CARTESIAN_POINT ( 'NONE',  ( -10.69975000000000165, 11.93800000000000061, 2.438400000000000123 ) ) ;
#1093 = VECTOR ( 'NONE', #2445, 1000.000000000000114 ) ;
#1094 = ORIENTED_EDGE ( 'NONE', *, *, #8, .T. ) ;
#1095 = DIRECTION ( 'NONE',  ( 0.000000000000000000, -1.000000000000000000, 0.000000000000000000 ) ) ;
#1096 = ORIENTED_EDGE ( 'NONE', *, *, #8977, .T. ) ;
#1097 = EDGE_CURVE ( 'NONE', #7318, #7584, #3186, .T. ) ;
#1098 = CARTESIAN_POINT ( 'NONE',  ( 0.5397499999999986198, 15.49400000000000155, 0.9906000000000012573 ) ) ;
#1099 = FACE_OUTER_BOUND ( 'NONE', #8091, .T. ) ;
#1100 = VECTOR ( 'NONE', #7197, 999.9999999999998863 ) ;
#1101 = AXIS2_PLACEMENT_3D ( 'NONE', #620, #763, #2932 ) ;
#1102 = UNCERTAINTY_MEASURE_WITH_UNIT (LENGTH_MEASURE( 1.000000000000000082E-05 ), #4390, 'distance_accuracy_value', 'NONE');
#1103 = MANIFOLD_SOLID_BREP ( 'Split2[14]', #9005 ) ;
#1104 = CARTESIAN_POINT ( 'NONE',  ( -11.02360000000000184, 1.397000000000000686, -2.108199999999999186 ) ) ;
#1105 = ORIENTED_EDGE ( 'NONE', *, *, #2832, .T. ) ;
#1106 = DIRECTION ( 'NONE',  ( 0.9858211730930743766, 0.000000000000000000, -0.1677993286082956337 ) ) ;
#1107 = CIRCLE ( 'NONE', #4040, 2.158999999999999364 ) ;
#1108 = FILL_AREA_STYLE ('',( #3231 ) ) ;
#1109 = VECTOR ( 'NONE', #5519, 1000.000000000000000 ) ;
#1110 = EDGE_CURVE ( 'NONE', #4474, #2229, #5375, .T. ) ;
#1111 = PRESENTATION_STYLE_ASSIGNMENT (( #7713 ) ) ;
#1112 = CARTESIAN_POINT ( 'NONE',  ( -2.000250000000002082, 15.49400000000000155, 0.000000000000000000 ) ) ;
#1113 = AXIS2_PLACEMENT_3D ( 'NONE', #2226, #3230, #7382 ) ;
#1114 = DIRECTION ( 'NONE',  ( 0.000000000000000000, 0.000000000000000000, -1.000000000000000000 ) ) ;
#1115 = DIRECTION ( 'NONE',  ( -1.000000000000000000, -0.000000000000000000, -0.000000000000000000 ) ) ;
#1116 = FACE_OUTER_BOUND ( 'NONE', #6306, .T. ) ;
#1117 = CARTESIAN_POINT ( 'NONE',  ( -11.34110000000006302, 1.523999999999999355, -1.092200000000350224 ) ) ;
#1118 = ORIENTED_EDGE ( 'NONE', *, *, #5212, .T. ) ;
#1119 = MANIFOLD_SOLID_BREP ( 'Combine1', #8398 ) ;
#1120 = VECTOR ( 'NONE', #7020, 1000.000000000000000 ) ;
#1121 =( GEOMETRIC_REPRESENTATION_CONTEXT ( 3 ) GLOBAL_UNCERTAINTY_ASSIGNED_CONTEXT ( ( #3676 ) ) GLOBAL_UNIT_ASSIGNED_CONTEXT ( ( #6075, #2456, #6986 ) ) REPRESENTATION_CONTEXT ( 'NONE', 'WORKASPACE' ) );
#1122 = DIRECTION ( 'NONE',  ( 1.000000000000000000, 0.000000000000000000, 0.000000000000000000 ) ) ;
#1123 = ADVANCED_FACE ( 'NONE', ( #3558 ), #965, .F. ) ;
#1124 = ADVANCED_FACE ( 'NONE', ( #2697 ), #9334, .T. ) ;
#1125 = DIRECTION ( 'NONE',  ( 0.000000000000000000, 1.000000000000000000, 0.000000000000000000 ) ) ;
#1126 = COLOUR_RGB ( '',0.7921568627450980005, 0.8196078431372548767, 0.9333333333333333481 ) ;
#1127 = ADVANCED_FACE ( 'NONE', ( #9430 ), #2647, .T. ) ;
#1128 = ORIENTED_EDGE ( 'NONE', *, *, #6310, .F. ) ;
#1129 = VECTOR ( 'NONE', #1439, 1000.000000000000000 ) ;
#1130 = VERTEX_POINT ( 'NONE', #2015 ) ;
#1131 = DIRECTION ( 'NONE',  ( -0.4547771350481088493, 0.000000000000000000, 0.8906052758868173713 ) ) ;
#1132 = VERTEX_POINT ( 'NONE', #7126 ) ;
#1133 = DIRECTION ( 'NONE',  ( -1.000000000000000000, 0.000000000000000000, 0.000000000000000000 ) ) ;
#1134 = ADVANCED_FACE ( 'NONE', ( #5069 ), #4923, .F. ) ;
#1135 = ORIENTED_EDGE ( 'NONE', *, *, #7192, .F. ) ;
#1136 = CARTESIAN_POINT ( 'NONE',  ( -9.194800000000002527, 1.523999999999999355, -2.625089999999998369 ) ) ;
#1137 = ORIENTED_EDGE ( 'NONE', *, *, #8165, .F. ) ;
#1138 = CARTESIAN_POINT ( 'NONE',  ( 1.979612499999998443, 1.523999999999999355, -2.226309999999997125 ) ) ;
#1139 = MANIFOLD_SOLID_BREP ( 'Split1[19]', #4089 ) ;
#1140 = ORIENTED_EDGE ( 'NONE', *, *, #1601, .T. ) ;
#1141 = FACE_OUTER_BOUND ( 'NONE', #8283, .T. ) ;
#1142 = EDGE_CURVE ( 'NONE', #934, #2587, #6309, .T. ) ;
#1143 = VECTOR ( 'NONE', #6411, 1000.000000000000000 ) ;
#1144 = LINE ( 'NONE', #1958, #1120 ) ;
#1145 = VECTOR ( 'NONE', #9170, 1000.000000000000114 ) ;
#1146 = VERTEX_POINT ( 'NONE', #7805 ) ;
#1147 = ORIENTED_EDGE ( 'NONE', *, *, #8017, .F. ) ;
#1148 = EDGE_CURVE ( 'NONE', #6857, #9503, #2740, .T. ) ;
#1149 = AXIS2_PLACEMENT_3D ( 'NONE', #2100, #1388, #4335 ) ;
#1150 = CARTESIAN_POINT ( 'NONE',  ( 6.045200000000000351, 1.734723475976807094E-15, -2.625089999999998369 ) ) ;
#1151 = CARTESIAN_POINT ( 'NONE',  ( -3.505199999999999871, -3.175000000000000711, -2.625089999999998369 ) ) ;
#1152 = VERTEX_POINT ( 'NONE', #1244 ) ;
#1153 = DIRECTION ( 'NONE',  ( 0.000000000000000000, 0.000000000000000000, -1.000000000000000000 ) ) ;
#1154 = CIRCLE ( 'NONE', #6534, 2.158999999999999364 ) ;
#1155 = CLOSED_SHELL ( 'NONE', ( #2052, #7895, #468, #8438, #9434, #4851, #2231, #6344 ) ) ;
#1156 =( LENGTH_UNIT ( ) NAMED_UNIT ( * ) SI_UNIT ( .MILLI., .METRE. ) );
#1157 = DIRECTION ( 'NONE',  ( 0.000000000000000000, 0.000000000000000000, -1.000000000000000000 ) ) ;
#1158 = CARTESIAN_POINT ( 'NONE',  ( 7.059612499999999180, 1.523999999999999355, -2.625089999999998369 ) ) ;
#1159 = FACE_OUTER_BOUND ( 'NONE', #7498, .T. ) ;
#1160 = DIRECTION ( 'NONE',  ( 0.000000000000000000, -1.000000000000000000, 0.000000000000000000 ) ) ;
#1161 = CARTESIAN_POINT ( 'NONE',  ( -12.16025000000000489, 10.33638951052392230, -0.9905999999999335337 ) ) ;
#1162 = EDGE_CURVE ( 'NONE', #5994, #2438, #1202, .T. ) ;
#1163 = ORIENTED_EDGE ( 'NONE', *, *, #3410, .T. ) ;
#1164 = MANIFOLD_SOLID_BREP ( 'Split2[7]', #9456 ) ;
#1165 = CARTESIAN_POINT ( 'NONE',  ( -3.079749999999999321, 13.53961048947610912, 0.9905999999999665073 ) ) ;
#1166 = VECTOR ( 'NONE', #9084, 1000.000000000000000 ) ;
#1167 = PLANE ( 'NONE',  #8674 ) ;
#1168 = UNCERTAINTY_MEASURE_WITH_UNIT (LENGTH_MEASURE( 1.000000000000000082E-05 ), #4701, 'distance_accuracy_value', 'NONE');
#1169 = VERTEX_POINT ( 'NONE', #666 ) ;
#1170 = ORIENTED_EDGE ( 'NONE', *, *, #7783, .T. ) ;
#1171 = AXIS2_PLACEMENT_3D ( 'NONE', #5336, #3877, #229 ) ;
#1172 = CARTESIAN_POINT ( 'NONE',  ( -12.16025000000000489, 13.53961048947610912, 0.9905999999999665073 ) ) ;
#1173 = VERTEX_POINT ( 'NONE', #3030 ) ;
#1174 = ADVANCED_FACE ( 'NONE', ( #5309 ), #8664, .T. ) ;
#1175 = VERTEX_POINT ( 'NONE', #4452 ) ;
#1176 = DIRECTION ( 'NONE',  ( 0.6996250055046704386, 0.000000000000000000, -0.7145102180323175123 ) ) ;
#1177 = VERTEX_POINT ( 'NONE', #6634 ) ;
#1178 = EDGE_CURVE ( 'NONE', #5255, #7200, #8038, .T. ) ;
#1179 = VECTOR ( 'NONE', #8302, 1000.000000000000000 ) ;
#1180 = DIRECTION ( 'NONE',  ( -1.000000000000000000, 0.000000000000000000, 0.000000000000000000 ) ) ;
#1181 = SURFACE_STYLE_FILL_AREA ( #3588 ) ;
#1182 = MANIFOLD_SOLID_BREP ( 'Split2[20]', #2385 ) ;
#1183 = ORIENTED_EDGE ( 'NONE', *, *, #2430, .T. ) ;
#1184 = CYLINDRICAL_SURFACE ( 'NONE', #6574, 0.7620000000000005658 ) ;
#1185 = VECTOR ( 'NONE', #3517, 1000.000000000000000 ) ;
#1186 = EDGE_CURVE ( 'NONE', #6568, #3628, #7364, .T. ) ;
#1187 = CARTESIAN_POINT ( 'NONE',  ( -14.60500000000000043, 0.000000000000000000, -2.540000000000002256 ) ) ;
#1188 = EDGE_LOOP ( 'NONE', ( #2434, #6180, #9126, #9127 ) ) ;
#1189 = DIRECTION ( 'NONE',  ( 0.000000000000000000, 0.000000000000000000, -1.000000000000000000 ) ) ;
#1190 = ORIENTED_EDGE ( 'NONE', *, *, #7184, .T. ) ;
#1191 = VECTOR ( 'NONE', #2213, 1000.000000000000000 ) ;
#1192 = PRESENTATION_LAYER_ASSIGNMENT (  '', '', ( #5053 ) ) ;
#1193 = CARTESIAN_POINT ( 'NONE',  ( -0.9651999999999993918, 1.523999999999999355, 2.226310000000002010 ) ) ;
#1194 = PLANE ( 'NONE',  #4501 ) ;
#1195 = UNCERTAINTY_MEASURE_WITH_UNIT (LENGTH_MEASURE( 1.000000000000000082E-05 ), #2260, 'distance_accuracy_value', 'NONE');
#1196 = DIRECTION ( 'NONE',  ( 0.000000000000000000, 0.000000000000000000, -1.000000000000000000 ) ) ;
#1197 = CARTESIAN_POINT ( 'NONE',  ( 15.24000000000000021, 15.49400000000000155, 4.673600000000000421 ) ) ;
#1198 = ADVANCED_FACE ( 'NONE', ( #5168 ), #760, .T. ) ;
#1199 = ORIENTED_EDGE ( 'NONE', *, *, #412, .F. ) ;
#1200 = EDGE_LOOP ( 'NONE', ( #6971, #4234, #3700, #497 ) ) ;
#1201 = CARTESIAN_POINT ( 'NONE',  ( -14.60500000000000043, -2.602085213965210642E-13, 2.539999999999285940 ) ) ;
#1202 = LINE ( 'NONE', #3463, #6624 ) ;
#1203 = VECTOR ( 'NONE', #4880, 999.9999999999998863 ) ;
#1204 = DIRECTION ( 'NONE',  ( -0.8265992787996335744, 0.000000000000000000, 0.5627909312417228582 ) ) ;
#1205 = CARTESIAN_POINT ( 'NONE',  ( -16.00200000000000244, 6.604000000000000092, 3.810000000000000941 ) ) ;
#1206 = FACE_OUTER_BOUND ( 'NONE', #2498, .T. ) ;
#1207 = LINE ( 'NONE', #4152, #5193 ) ;
#1208 = EDGE_CURVE ( 'NONE', #6323, #793, #8949, .T. ) ;
#1209 = CARTESIAN_POINT ( 'NONE',  ( 7.059612499999999180, 1.523999999999999355, 2.226310000000002010 ) ) ;
#1210 = EDGE_LOOP ( 'NONE', ( #2280, #7795, #6531, #1640 ) ) ;
#1211 = PLANE ( 'NONE',  #2107 ) ;
#1212 = MANIFOLD_SOLID_BREP ( 'Split2[8]', #6536 ) ;
#1213 = LINE ( 'NONE', #2615, #5312 ) ;
#1214 = CARTESIAN_POINT ( 'NONE',  ( 8.585200000000000387, -3.175000000000000711, -2.625089999999998369 ) ) ;
#1215 = DIRECTION ( 'NONE',  ( -1.000000000000000000, 0.000000000000000000, 0.000000000000000000 ) ) ;
#1216 = VERTEX_POINT ( 'NONE', #7703 ) ;
#1217 = ORIENTED_EDGE ( 'NONE', *, *, #67, .T. ) ;
#1218 = DIRECTION ( 'NONE',  ( -0.000000000000000000, 1.000000000000000000, 0.000000000000000000 ) ) ;
#1219 = ORIENTED_EDGE ( 'NONE', *, *, #5506, .F. ) ;
#1220 = VERTEX_POINT ( 'NONE', #4782 ) ;
#1221 = DIRECTION ( 'NONE',  ( -1.000000000000000000, 0.000000000000000000, 0.000000000000000000 ) ) ;
#1222 = ORIENTED_EDGE ( 'NONE', *, *, #710, .T. ) ;
#1223 = DIRECTION ( 'NONE',  ( 0.000000000000000000, -1.000000000000000000, 0.000000000000000000 ) ) ;
#1224 =( NAMED_UNIT ( * ) PLANE_ANGLE_UNIT ( ) SI_UNIT ( $, .RADIAN. ) );
#1225 = ADVANCED_FACE ( 'NONE', ( #8090 ), #7559, .F. ) ;
#1226 = VECTOR ( 'NONE', #8764, 1000.000000000000000 ) ;
#1227 = VERTEX_POINT ( 'NONE', #4001 ) ;
#1228 = SURFACE_SIDE_STYLE ('',( #3392 ) ) ;
#1229 = EDGE_CURVE ( 'NONE', #9032, #350, #5409, .T. ) ;
#1230 = DIRECTION ( 'NONE',  ( 0.000000000000000000, 1.000000000000000000, 0.000000000000000000 ) ) ;
#1231 = VERTEX_POINT ( 'NONE', #1688 ) ;
#1232 = CARTESIAN_POINT ( 'NONE',  ( -2.000250000000002082, 10.33638951052389210, -0.9905999999999682837 ) ) ;
#1233 = ORIENTED_EDGE ( 'NONE', *, *, #2677, .T. ) ;
#1234 = CARTESIAN_POINT ( 'NONE',  ( -12.16025000000000489, 11.93800000000000061, -2.438400000000001899 ) ) ;
#1235 = ADVANCED_FACE ( 'NONE', ( #4644 ), #5460, .T. ) ;
#1236 = EDGE_CURVE ( 'NONE', #5547, #2253, #252, .T. ) ;
#1237 = LINE ( 'NONE', #1193, #2030 ) ;
#1238 = CARTESIAN_POINT ( 'NONE',  ( 13.97000000000000242, 13.96999999999999886, -0.9905999999999994809 ) ) ;
#1239 = CARTESIAN_POINT ( 'NONE',  ( -11.12520000000000131, 0.000000000000000000, -2.625089999999998369 ) ) ;
#1240 = ORIENTED_EDGE ( 'NONE', *, *, #3524, .F. ) ;
#1241 = VECTOR ( 'NONE', #2254, 1000.000000000000000 ) ;
#1242 = CARTESIAN_POINT ( 'NONE',  ( -4.114800000000001567, 1.523999999999999355, 2.625090000000000146 ) ) ;
#1243 = ORIENTED_EDGE ( 'NONE', *, *, #3908, .T. ) ;
#1244 = CARTESIAN_POINT ( 'NONE',  ( -11.12520000000002973, 6.938893903907228378E-15, -2.226310000000000233 ) ) ;
#1245 = ADVANCED_FACE ( 'NONE', ( #3224 ), #9191, .T. ) ;
#1246 = LINE ( 'NONE', #2067, #6556 ) ;
#1247 = MECHANICAL_DESIGN_GEOMETRIC_PRESENTATION_REPRESENTATION (  '', ( #6182 ), #6937 ) ;
#1248 = CARTESIAN_POINT ( 'NONE',  ( 8.159750000000000725, 13.53961048947610912, 0.9905999999999665073 ) ) ;
#1249 = DIRECTION ( 'NONE',  ( 1.000000000000000000, 0.000000000000000000, 0.000000000000000000 ) ) ;
#1250 = CARTESIAN_POINT ( 'NONE',  ( 16.00199999999999889, 6.604000000000000092, -3.047999999999996934 ) ) ;
#1251 = LINE ( 'NONE', #4202, #7487 ) ;
#1252 = AXIS2_PLACEMENT_3D ( 'NONE', #1375, #5042, #7968 ) ;
#1253 = DIRECTION ( 'NONE',  ( -0.000000000000000000, -0.000000000000000000, 1.000000000000000000 ) ) ;
#1254 = VERTEX_POINT ( 'NONE', #304 ) ;
#1255 = VECTOR ( 'NONE', #545, 1000.000000000000000 ) ;
#1256 = VECTOR ( 'NONE', #2258, 1000.000000000000000 ) ;
#1257 = DIRECTION ( 'NONE',  ( 0.000000000000000000, 1.000000000000000000, 0.000000000000000000 ) ) ;
#1258 = MANIFOLD_SOLID_BREP ( 'Split1[20]', #1309 ) ;
#1259 = DIRECTION ( 'NONE',  ( 0.000000000000000000, -1.000000000000000000, 0.000000000000000000 ) ) ;
#1260 = VECTOR ( 'NONE', #5638, 1000.000000000000000 ) ;
#1261 = EDGE_CURVE ( 'NONE', #2229, #2250, #5114, .T. ) ;
#1262 = LINE ( 'NONE', #678, #5614 ) ;
#1263 = AXIS2_PLACEMENT_3D ( 'NONE', #8243, #216, #167 ) ;
#1264 = DIRECTION ( 'NONE',  ( 0.000000000000000000, -1.000000000000000000, 0.000000000000000000 ) ) ;
#1265 = CYLINDRICAL_SURFACE ( 'NONE', #115, 0.7620000000000005658 ) ;
#1266 = ORIENTED_EDGE ( 'NONE', *, *, #6183, .T. ) ;
#1267 = DIRECTION ( 'NONE',  ( 0.9664851269264842504, -0.2567226118398958090, -0.000000000000000000 ) ) ;
#1268 = EDGE_LOOP ( 'NONE', ( #7864, #8508 ) ) ;
#1269 = PLANE ( 'NONE',  #4354 ) ;
#1270 = CIRCLE ( 'NONE', #2961, 2.158999999999999364 ) ;
#1271 = ORIENTED_EDGE ( 'NONE', *, *, #4965, .F. ) ;
#1272 = EDGE_LOOP ( 'NONE', ( #7042, #1000, #4491, #2321 ) ) ;
#1273 = DIRECTION ( 'NONE',  ( 0.000000000000000000, 1.000000000000000000, 0.000000000000000000 ) ) ;
#1274 = ORIENTED_EDGE ( 'NONE', *, *, #3909, .F. ) ;
#1275 = MANIFOLD_SOLID_BREP ( 'Split2[10]', #4865 ) ;
#1276 = VECTOR ( 'NONE', #6679, 1000.000000000000000 ) ;
#1277 = VECTOR ( 'NONE', #7520, 1000.000000000000000 ) ;
#1278 = ORIENTED_EDGE ( 'NONE', *, *, #1740, .F. ) ;
#1279 = SURFACE_STYLE_FILL_AREA ( #8741 ) ;
#1280 = EDGE_LOOP ( 'NONE', ( #2300, #4628, #788, #8663 ) ) ;
#1281 = CARTESIAN_POINT ( 'NONE',  ( -12.13961250000007652, 1.523999999999980259, -2.625089999999998369 ) ) ;
#1282 = ADVANCED_FACE ( 'NONE', ( #432 ), #3174, .T. ) ;
#1283 = VERTEX_POINT ( 'NONE', #1232 ) ;
#1284 = PRESENTATION_LAYER_ASSIGNMENT (  '', '', ( #8373 ) ) ;
#1285 =( LENGTH_UNIT ( ) NAMED_UNIT ( * ) SI_UNIT ( .MILLI., .METRE. ) );
#1286 = ORIENTED_EDGE ( 'NONE', *, *, #3988, .T. ) ;
#1287 = DIRECTION ( 'NONE',  ( -1.000000000000000000, 0.000000000000000000, 0.000000000000000000 ) ) ;
#1288 = DIRECTION ( 'NONE',  ( 0.2567226118398510670, -0.9664851269264960187, -0.000000000000000000 ) ) ;
#1289 = LINE ( 'NONE', #9196, #950 ) ;
#1290 = DIRECTION ( 'NONE',  ( 0.000000000000000000, 0.000000000000000000, -1.000000000000000000 ) ) ;
#1291 = VECTOR ( 'NONE', #4157, 1000.000000000000000 ) ;
#1292 = PLANE ( 'NONE',  #5140 ) ;
#1293 = DIRECTION ( 'NONE',  ( 0.000000000000000000, 1.000000000000000000, 0.000000000000000000 ) ) ;
#1294 = VERTEX_POINT ( 'NONE', #3360 ) ;
#1295 = CARTESIAN_POINT ( 'NONE',  ( -9.194800000000002527, 1.523999999999999355, 2.625090000000000146 ) ) ;
#1296 = ADVANCED_FACE ( 'NONE', ( #3545 ), #6482, .T. ) ;
#1297 = EDGE_CURVE ( 'NONE', #4483, #6544, #4175, .T. ) ;
#1298 = ORIENTED_EDGE ( 'NONE', *, *, #7978, .T. ) ;
#1299 = SURFACE_SIDE_STYLE ('',( #8614 ) ) ;
#1300 = AXIS2_PLACEMENT_3D ( 'NONE', #9494, #3672, #1552 ) ;
#1301 = FACE_OUTER_BOUND ( 'NONE', #5619, .T. ) ;
#1302 = VECTOR ( 'NONE', #3235, 1000.000000000000000 ) ;
#1303 = EDGE_CURVE ( 'NONE', #6521, #6294, #9232, .T. ) ;
#1304 = CARTESIAN_POINT ( 'NONE',  ( -0.9651999999999993918, -3.175000000000000711, -2.625089999999998369 ) ) ;
#1305 = CYLINDRICAL_SURFACE ( 'NONE', #3732, 0.7620000000000005658 ) ;
#1306 = VECTOR ( 'NONE', #8235, 1000.000000000000000 ) ;
#1307 = CARTESIAN_POINT ( 'NONE',  ( -11.32840000000000202, 1.523999999999999355, 0.000000000000000000 ) ) ;
#1308 = LINE ( 'NONE', #3286, #8561 ) ;
#1309 = CLOSED_SHELL ( 'NONE', ( #4589, #1779, #2359, #6935, #2486, #3960, #6412, #6952 ) ) ;
#1310 = CARTESIAN_POINT ( 'NONE',  ( -4.114800000000001567, 1.523999999999999355, -2.625089999999998369 ) ) ;
#1311 = ORIENTED_EDGE ( 'NONE', *, *, #5283, .F. ) ;
#1312 = EDGE_CURVE ( 'NONE', #9366, #4120, #4871, .T. ) ;
#1313 = CARTESIAN_POINT ( 'NONE',  ( -8.585200000000000387, 0.000000000000000000, 2.625090000000000146 ) ) ;
#1314 = MANIFOLD_SOLID_BREP ( 'Split2[3]', #7628 ) ;
#1315 = DIRECTION ( 'NONE',  ( -1.000000000000000000, 0.000000000000000000, 0.000000000000000000 ) ) ;
#1316 = DIRECTION ( 'NONE',  ( 0.000000000000000000, -1.000000000000000000, 0.000000000000000000 ) ) ;
#1317 = LINE ( 'NONE', #681, #5746 ) ;
#1318 = LINE ( 'NONE', #7858, #2869 ) ;
#1319 = ORIENTED_EDGE ( 'NONE', *, *, #7063, .T. ) ;
#1320 = LINE ( 'NONE', #7147, #1255 ) ;
#1321 = VERTEX_POINT ( 'NONE', #4094 ) ;
#1322 = CARTESIAN_POINT ( 'NONE',  ( 16.00199999999999889, 4.572000000000000064, -3.047999999999996934 ) ) ;
#1323 = EDGE_CURVE ( 'NONE', #2587, #3846, #2635, .T. ) ;
#1324 = ORIENTED_EDGE ( 'NONE', *, *, #2418, .F. ) ;
#1325 = VECTOR ( 'NONE', #5668, 1000.000000000000000 ) ;
#1326 = EDGE_LOOP ( 'NONE', ( #1784, #7543, #6610, #5811 ) ) ;
#1327 = DIRECTION ( 'NONE',  ( -1.000000000000000000, 0.000000000000000000, 0.000000000000000000 ) ) ;
#1328 = ORIENTED_EDGE ( 'NONE', *, *, #3061, .F. ) ;
#1329 = CARTESIAN_POINT ( 'NONE',  ( -12.16025000000000489, 11.93800000000000061, 2.438400000000000123 ) ) ;
#1330 = VECTOR ( 'NONE', #291, 1000.000000000000000 ) ;
#1331 = VERTEX_POINT ( 'NONE', #1918 ) ;
#1332 =( NAMED_UNIT ( * ) PLANE_ANGLE_UNIT ( ) SI_UNIT ( $, .RADIAN. ) );
#1333 = ORIENTED_EDGE ( 'NONE', *, *, #5888, .F. ) ;
#1334 = DIRECTION ( 'NONE',  ( 1.000000000000000000, -0.000000000000000000, -0.000000000000000000 ) ) ;
#1335 = AXIS2_PLACEMENT_3D ( 'NONE', #8872, #2947, #8774 ) ;
#1336 = EDGE_LOOP ( 'NONE', ( #8458, #8002, #4662, #8923 ) ) ;
#1337 =( NAMED_UNIT ( * ) SI_UNIT ( $, .STERADIAN. ) SOLID_ANGLE_UNIT ( ) );
#1338 = ORIENTED_EDGE ( 'NONE', *, *, #8883, .F. ) ;
#1339 = CARTESIAN_POINT ( 'NONE',  ( -16.00200000000000244, -3.175000000000000711, -2.226310000000000233 ) ) ;
#1340 = CARTESIAN_POINT ( 'NONE',  ( -1.574800000000001088, 0.000000000000000000, -2.226310000000000233 ) ) ;
#1341 = CARTESIAN_POINT ( 'NONE',  ( -11.12520000000000131, -3.175000000000000711, -2.625089999999998369 ) ) ;
#1342 = CARTESIAN_POINT ( 'NONE',  ( -13.97000000000000242, 13.97000000000000064, 0.9906000000000012573 ) ) ;
#1344 = DIRECTION ( 'NONE',  ( 0.000000000000000000, 1.000000000000000000, 0.000000000000000000 ) ) ;
#1343 = AXIS2_PLACEMENT_3D ( 'NONE', #6697, #3037, #5982 ) ;
#1345 = MANIFOLD_SOLID_BREP ( 'Split1[23]', #8234 ) ;
#1346 = SURFACE_STYLE_FILL_AREA ( #1967 ) ;
#1347 = DIRECTION ( 'NONE',  ( 0.000000000000000000, 1.000000000000000000, 0.000000000000000000 ) ) ;
#1348 = AXIS2_PLACEMENT_3D ( 'NONE', #1979, #4980, #7955 ) ;
#1349 = ORIENTED_EDGE ( 'NONE', *, *, #1303, .T. ) ;
#1350 = PLANE ( 'NONE',  #646 ) ;
#1351 = VECTOR ( 'NONE', #3240, 1000.000000000000000 ) ;
#1352 = ORIENTED_EDGE ( 'NONE', *, *, #1367, .F. ) ;
#1353 = CARTESIAN_POINT ( 'NONE',  ( 0.5397499999999986198, 15.49400000000000155, 0.000000000000000000 ) ) ;
#1354 = DIRECTION ( 'NONE',  ( 0.000000000000000000, 1.000000000000000000, 0.000000000000000000 ) ) ;
#1355 = LINE ( 'NONE', #8860, #1256 ) ;
#1356 = ADVANCED_FACE ( 'NONE', ( #4331 ), #9321, .T. ) ;
#1357 = PLANE ( 'NONE',  #6037 ) ;
#1358 = DIRECTION ( 'NONE',  ( 0.000000000000000000, 0.000000000000000000, -1.000000000000000000 ) ) ;
#1359 = CARTESIAN_POINT ( 'NONE',  ( -0.5397500000000055032, 15.49400000000000155, 0.9906000000000012573 ) ) ;
#1360 = AXIS2_PLACEMENT_3D ( 'NONE', #47, #7455, #4446 ) ;
#1361 = LINE ( 'NONE', #4930, #4604 ) ;
#1362 = EDGE_CURVE ( 'NONE', #2748, #924, #5245, .T. ) ;
#1363 = ORIENTED_EDGE ( 'NONE', *, *, #8660, .F. ) ;
#1364 = LINE ( 'NONE', #4310, #9330 ) ;
#1365 = CARTESIAN_POINT ( 'NONE',  ( 9.194800000000002527, 1.523999999999999355, 2.625090000000000146 ) ) ;
#1366 = FACE_OUTER_BOUND ( 'NONE', #5513, .T. ) ;
#1367 = EDGE_CURVE ( 'NONE', #3498, #1905, #7394, .T. ) ;
#1368 = ADVANCED_FACE ( 'NONE', ( #6621 ), #2147, .T. ) ;
#1369 =( LENGTH_UNIT ( ) NAMED_UNIT ( * ) SI_UNIT ( .MILLI., .METRE. ) );
#1370 = CARTESIAN_POINT ( 'NONE',  ( -1.574800000000001088, 0.000000000000000000, -2.625089999999998369 ) ) ;
#1371 = UNCERTAINTY_MEASURE_WITH_UNIT (LENGTH_MEASURE( 1.000000000000000082E-05 ), #5541, 'distance_accuracy_value', 'NONE');
#1372 = ORIENTED_EDGE ( 'NONE', *, *, #4565, .T. ) ;
#1373 = CARTESIAN_POINT ( 'NONE',  ( 3.505199999999999871, 1.523999999999999355, 2.226310000000002010 ) ) ;
#1374 = EDGE_LOOP ( 'NONE', ( #7873, #6119, #1719, #5765 ) ) ;
#1375 = CARTESIAN_POINT ( 'NONE',  ( -0.9651999999999993918, 1.523999999999999355, -2.226310000000000233 ) ) ;
#1376 = ORIENTED_EDGE ( 'NONE', *, *, #9131, .T. ) ;
#1377 = VERTEX_POINT ( 'NONE', #3742 ) ;
#1378 = CARTESIAN_POINT ( 'NONE',  ( 15.49400000000000155, 15.49400000000000155, 2.514599999999998836 ) ) ;
#1379 = ORIENTED_EDGE ( 'NONE', *, *, #6839, .T. ) ;
#1380 = EDGE_LOOP ( 'NONE', ( #5136, #695, #9461, #4762 ) ) ;
#1381 = LINE ( 'NONE', #603, #2269 ) ;
#1382 = ORIENTED_EDGE ( 'NONE', *, *, #3306, .T. ) ;
#1383 = DIRECTION ( 'NONE',  ( 0.000000000000000000, 0.000000000000000000, -1.000000000000000000 ) ) ;
#1384 = ADVANCED_FACE ( 'NONE', ( #39 ), #843, .T. ) ;
#1385 = ORIENTED_EDGE ( 'NONE', *, *, #2295, .F. ) ;
#1386 = CYLINDRICAL_SURFACE ( 'NONE', #8159, 0.6350000000000001199 ) ;
#1387 = ORIENTED_EDGE ( 'NONE', *, *, #3306, .F. ) ;
#1388 = DIRECTION ( 'NONE',  ( 0.000000000000000000, 0.000000000000000000, -1.000000000000000000 ) ) ;
#1389 = FACE_OUTER_BOUND ( 'NONE', #8471, .T. ) ;
#1390 = CARTESIAN_POINT ( 'NONE',  ( -14.60500000000000043, 1.106182791010910327, 2.137382390414020783 ) ) ;
#1391 = EDGE_CURVE ( 'NONE', #3632, #1007, #1434, .T. ) ;
#1392 = COLOUR_RGB ( '',0.7921568627450980005, 0.8196078431372548767, 0.9333333333333333481 ) ;
#1393 = CARTESIAN_POINT ( 'NONE',  ( 3.100387499999995633, 1.523999999999999355, 2.625090000000000146 ) ) ;
#1394 = CARTESIAN_POINT ( 'NONE',  ( -11.55276666162014010, 1.523999999999999355, -1.221902112197801760 ) ) ;
#1395 = ORIENTED_EDGE ( 'NONE', *, *, #7244, .T. ) ;
#1396 = LINE ( 'NONE', #7222, #2651 ) ;
#1397 = ORIENTED_EDGE ( 'NONE', *, *, #2641, .F. ) ;
#1398 =( NAMED_UNIT ( * ) PLANE_ANGLE_UNIT ( ) SI_UNIT ( $, .RADIAN. ) );
#1399 = CARTESIAN_POINT ( 'NONE',  ( -11.58239999999999981, 1.523999999999999355, 1.783944658947000272 ) ) ;
#1400 = LINE ( 'NONE', #7946, #2499 ) ;
#1401 = FILL_AREA_STYLE_COLOUR ( '', #7581 ) ;
#1402 = CARTESIAN_POINT ( 'NONE',  ( 11.73479999999999634, -3.175000000000000711, -2.625089999999998369 ) ) ;
#1403 = DIRECTION ( 'NONE',  ( 0.000000000000000000, 1.000000000000000000, 0.000000000000000000 ) ) ;
#1404 = CARTESIAN_POINT ( 'NONE',  ( 11.73479999999999990, 1.523999999999999355, -2.625089999999998369 ) ) ;
#1405 = ORIENTED_EDGE ( 'NONE', *, *, #9414, .T. ) ;
#1406 = DIRECTION ( 'NONE',  ( 0.000000000000000000, -0.000000000000000000, 1.000000000000000000 ) ) ;
#1407 = EDGE_CURVE ( 'NONE', #3834, #6674, #4386, .T. ) ;
#1408 = LINE ( 'NONE', #7234, #5477 ) ;
#1409 = AXIS2_PLACEMENT_3D ( 'NONE', #2393, #6627, #3845 ) ;
#1410 = CARTESIAN_POINT ( 'NONE',  ( -11.02360000000000184, 1.523999999999999355, -2.108199999999999186 ) ) ;
#1411 = DIRECTION ( 'NONE',  ( -0.2567226118398510670, -0.9664851269264960187, 0.000000000000000000 ) ) ;
#1412 = CARTESIAN_POINT ( 'NONE',  ( 6.654799999999995386, 0.000000000000000000, -2.625089999999998369 ) ) ;
#1413 = ORIENTED_EDGE ( 'NONE', *, *, #525, .T. ) ;
#1415 = DIRECTION ( 'NONE',  ( -0.000000000000000000, -1.000000000000000000, -0.000000000000000000 ) ) ;
#1414 = VECTOR ( 'NONE', #7807, 1000.000000000000000 ) ;
#1416 = VERTEX_POINT ( 'NONE', #7305 ) ;
#1417 = DIRECTION ( 'NONE',  ( 0.000000000000000000, -0.000000000000000000, -1.000000000000000000 ) ) ;
#1418 = ORIENTED_EDGE ( 'NONE', *, *, #5247, .T. ) ;
#1419 = AXIS2_PLACEMENT_3D ( 'NONE', #32, #3738, #6100 ) ;
#1420 = EDGE_CURVE ( 'NONE', #8983, #4720, #4484, .T. ) ;
#1421 = EDGE_CURVE ( 'NONE', #5236, #2282, #4532, .T. ) ;
#1422 = EDGE_LOOP ( 'NONE', ( #3266, #5974, #2678, #8362 ) ) ;
#1423 = CARTESIAN_POINT ( 'NONE',  ( -16.00200000000000244, -3.175000000000000711, -2.226310000000000233 ) ) ;
#1424 = VECTOR ( 'NONE', #8483, 1000.000000000000000 ) ;
#1425 = FILL_AREA_STYLE_COLOUR ( '', #5909 ) ;
#1426 = EDGE_CURVE ( 'NONE', #350, #6098, #3598, .T. ) ;
#1427 = VECTOR ( 'NONE', #1884, 1000.000000000000000 ) ;
#1428 = ORIENTED_EDGE ( 'NONE', *, *, #2655, .F. ) ;
#1429 = ADVANCED_FACE ( 'NONE', ( #3644 ), #5766, .T. ) ;
#1430 = FILL_AREA_STYLE_COLOUR ( '', #2431 ) ;
#1431 = VERTEX_POINT ( 'NONE', #8077 ) ;
#1432 = CARTESIAN_POINT ( 'NONE',  ( -3.505200000000027849, 6.938893903907228378E-15, -2.226310000000000233 ) ) ;
#1433 = ORIENTED_EDGE ( 'NONE', *, *, #5128, .T. ) ;
#1434 = LINE ( 'NONE', #654, #12 ) ;
#1435 = EDGE_LOOP ( 'NONE', ( #7739, #7196, #2559, #1090, #8905, #9233 ) ) ;
#1436 = VECTOR ( 'NONE', #8933, 1000.000000000000227 ) ;
#1437 = DIRECTION ( 'NONE',  ( 0.2567226118398505119, 0.9664851269264961298, 0.000000000000000000 ) ) ;
#1438 = VECTOR ( 'NONE', #2735, 1000.000000000000000 ) ;
#1439 = DIRECTION ( 'NONE',  ( 0.000000000000000000, 0.000000000000000000, -1.000000000000000000 ) ) ;
#1440 = EDGE_CURVE ( 'NONE', #3412, #8502, #9513, .T. ) ;
#1441 = CARTESIAN_POINT ( 'NONE',  ( -14.60500000000000043, 0.000000000000000000, -2.540000000000002256 ) ) ;
#1442 = LINE ( 'NONE', #7360, #7514 ) ;
#1443 = PLANE ( 'NONE',  #2584 ) ;
#1444 = AXIS2_PLACEMENT_3D ( 'NONE', #995, #6108, #2442 ) ;
#1445 = VERTEX_POINT ( 'NONE', #7447 ) ;
#1446 = CARTESIAN_POINT ( 'NONE',  ( -4.114800000000001567, -3.175000000000000711, -2.625089999999998369 ) ) ;
#1447 = ADVANCED_FACE ( 'NONE', ( #8699 ), #1386, .F. ) ;
#1448 = ORIENTED_EDGE ( 'NONE', *, *, #6587, .F. ) ;
#1449 = ORIENTED_EDGE ( 'NONE', *, *, #5506, .T. ) ;
#1450 = DIRECTION ( 'NONE',  ( 1.000000000000000000, 0.000000000000000000, 0.000000000000000000 ) ) ;
#1451 =( GEOMETRIC_REPRESENTATION_CONTEXT ( 3 ) GLOBAL_UNCERTAINTY_ASSIGNED_CONTEXT ( ( #874 ) ) GLOBAL_UNIT_ASSIGNED_CONTEXT ( ( #4905, #6292, #5540 ) ) REPRESENTATION_CONTEXT ( 'NONE', 'WORKASPACE' ) );
#1452 = VECTOR ( 'NONE', #7438, 1000.000000000000000 ) ;
#1453 = FACE_OUTER_BOUND ( 'NONE', #7992, .T. ) ;
#1454 = DIRECTION ( 'NONE',  ( 1.000000000000000000, 0.000000000000000000, 0.000000000000000000 ) ) ;
#1455 = FILL_AREA_STYLE_COLOUR ( '', #8506 ) ;
#1456 = CARTESIAN_POINT ( 'NONE',  ( 11.12520000000000131, 1.523999999999999355, 2.226310000000002010 ) ) ;
#1457 = LINE ( 'NONE', #5267, #5090 ) ;
#1458 = ORIENTED_EDGE ( 'NONE', *, *, #5043, .T. ) ;
#1459 = CIRCLE ( 'NONE', #8382, 0.6350000000000000089 ) ;
#1460 = VECTOR ( 'NONE', #1316, 1000.000000000000000 ) ;
#1461 = DIRECTION ( 'NONE',  ( -0.000000000000000000, -1.000000000000000000, -0.000000000000000000 ) ) ;
#1462 = DIRECTION ( 'NONE',  ( 0.000000000000000000, -1.000000000000000000, 0.000000000000000000 ) ) ;
#1463 = VECTOR ( 'NONE', #6750, 1000.000000000000000 ) ;
#1464 = VECTOR ( 'NONE', #8343, 1000.000000000000000 ) ;
#1465 = EDGE_CURVE ( 'NONE', #7522, #639, #5918, .T. ) ;
#1466 = PLANE ( 'NONE',  #5010 ) ;
#1467 = FACE_OUTER_BOUND ( 'NONE', #2864, .T. ) ;
#1468 = EDGE_LOOP ( 'NONE', ( #1577, #1971 ) ) ;
#1469 = DIRECTION ( 'NONE',  ( -1.000000000000000000, 0.000000000000000000, 0.000000000000000000 ) ) ;
#1470 = ORIENTED_EDGE ( 'NONE', *, *, #102, .F. ) ;
#1471 = CARTESIAN_POINT ( 'NONE',  ( -12.16025000000000489, 10.33638951052389210, 0.9905999999999665073 ) ) ;
#1472 = ORIENTED_EDGE ( 'NONE', *, *, #5442, .F. ) ;
#1473 = AXIS2_PLACEMENT_3D ( 'NONE', #6941, #2568, #5521 ) ;
#1474 = CLOSED_SHELL ( 'NONE', ( #8071, #5590, #2884, #2905, #8084, #4025, #1368, #5501 ) ) ;
#1475 = ORIENTED_EDGE ( 'NONE', *, *, #4630, .T. ) ;
#1476 = FACE_OUTER_BOUND ( 'NONE', #4118, .T. ) ;
#1477 = CARTESIAN_POINT ( 'NONE',  ( 15.24000000000000021, 6.604000000000000092, -4.673600000000001309 ) ) ;
#1478 = EDGE_CURVE ( 'NONE', #8119, #3596, #5962, .T. ) ;
#1479 = ORIENTED_EDGE ( 'NONE', *, *, #7846, .F. ) ;
#1480 = CARTESIAN_POINT ( 'NONE',  ( -11.78560000000000052, 1.523999999999999355, -2.000114891362000602 ) ) ;
#1481 = VERTEX_POINT ( 'NONE', #2240 ) ;
#1482 = LINE ( 'NONE', #7350, #4199 ) ;
#1483 = EDGE_CURVE ( 'NONE', #647, #7008, #5204, .T. ) ;
#1484 = ORIENTED_EDGE ( 'NONE', *, *, #190, .T. ) ;
#1485 = CARTESIAN_POINT ( 'NONE',  ( -16.00200000000000244, -3.175000000000000711, 2.226310000000002010 ) ) ;
#1486 = ORIENTED_EDGE ( 'NONE', *, *, #816, .F. ) ;
#1487 = CARTESIAN_POINT ( 'NONE',  ( -11.32840000000000202, 1.523999999999999355, 2.108200000000000962 ) ) ;
#1488 =( NAMED_UNIT ( * ) PLANE_ANGLE_UNIT ( ) SI_UNIT ( $, .RADIAN. ) );
#1489 = AXIS2_PLACEMENT_3D ( 'NONE', #9134, #2538, #3212 ) ;
#1490 = LINE ( 'NONE', #7935, #7398 ) ;
#1491 = EDGE_CURVE ( 'NONE', #8948, #4531, #1826, .T. ) ;
#1492 = EDGE_CURVE ( 'NONE', #3407, #8948, #3945, .T. ) ;
#1493 = CARTESIAN_POINT ( 'NONE',  ( 11.73479999999999634, -3.175000000000000711, 2.226310000000002010 ) ) ;
#1494 = ORIENTED_EDGE ( 'NONE', *, *, #6659, .F. ) ;
#1495 = VECTOR ( 'NONE', #3721, 1000.000000000000000 ) ;
#1496 = FACE_OUTER_BOUND ( 'NONE', #5068, .T. ) ;
#1497 = ORIENTED_EDGE ( 'NONE', *, *, #5332, .T. ) ;
#1498 =( NAMED_UNIT ( * ) PLANE_ANGLE_UNIT ( ) SI_UNIT ( $, .RADIAN. ) );
#1499 = ORIENTED_EDGE ( 'NONE', *, *, #8246, .F. ) ;
#1500 = DIRECTION ( 'NONE',  ( 1.000000000000000000, 0.000000000000000000, 0.000000000000000000 ) ) ;
#1501 = CARTESIAN_POINT ( 'NONE',  ( 5.619749999999999801, 10.33638951052389210, -0.9905999999999682837 ) ) ;
#1502 = VECTOR ( 'NONE', #894, 1000.000000000000000 ) ;
#1503 = FACE_OUTER_BOUND ( 'NONE', #2039, .T. ) ;
#1504 = PLANE ( 'NONE',  #4408 ) ;
#1505 = CARTESIAN_POINT ( 'NONE',  ( -11.12520000000000131, -3.175000000000000711, -2.625089999999998369 ) ) ;
#1506 = CARTESIAN_POINT ( 'NONE',  ( -11.36226667676000446, 1.397000000000000686, -1.200285093497998057 ) ) ;
#1507 = VECTOR ( 'NONE', #4410, 1000.000000000000000 ) ;
#1508 = ADVANCED_FACE ( 'NONE', ( #8222 ), #4034, .T. ) ;
#1509 = CARTESIAN_POINT ( 'NONE',  ( 0.5603875000000022588, 1.523999999999999355, 2.226310000000002010 ) ) ;
#1510 = CARTESIAN_POINT ( 'NONE',  ( 14.60500000000000043, 1.523999999999999355, 1.540677576215000011 ) ) ;
#1511 = AXIS2_PLACEMENT_3D ( 'NONE', #2104, #4396, #5163 ) ;
#1512 = EDGE_CURVE ( 'NONE', #4332, #9032, #1720, .T. ) ;
#1513 = MECHANICAL_DESIGN_GEOMETRIC_PRESENTATION_REPRESENTATION (  '', ( #8577 ), #2265 ) ;
#1514 = CARTESIAN_POINT ( 'NONE',  ( -6.045200000000000351, 1.523999999999999355, -2.226310000000000233 ) ) ;
#1515 = DIRECTION ( 'NONE',  ( 0.000000000000000000, 1.000000000000000000, 0.000000000000000000 ) ) ;
#1516 = CARTESIAN_POINT ( 'NONE',  ( -11.65859999999994301, 1.397000000000000686, -1.157051056099112518 ) ) ;
#1517 = ORIENTED_EDGE ( 'NONE', *, *, #4411, .T. ) ;
#1518 = DIRECTION ( 'NONE',  ( 0.000000000000000000, -1.000000000000000000, 0.000000000000000000 ) ) ;
#1519 = ORIENTED_EDGE ( 'NONE', *, *, #1407, .F. ) ;
#1520 = VERTEX_POINT ( 'NONE', #6870 ) ;
#1521 = ADVANCED_FACE ( 'NONE', ( #1626 ), #935, .F. ) ;
#1522 = ORIENTED_EDGE ( 'NONE', *, *, #2709, .T. ) ;
#1523 = ORIENTED_EDGE ( 'NONE', *, *, #7421, .T. ) ;
#1524 = DIRECTION ( 'NONE',  ( 1.000000000000000000, 0.000000000000000000, 0.000000000000000000 ) ) ;
#1525 = ORIENTED_EDGE ( 'NONE', *, *, #9014, .T. ) ;
#1526 = DIRECTION ( 'NONE',  ( 0.000000000000000000, 1.000000000000000000, 0.000000000000000000 ) ) ;
#1527 = VERTEX_POINT ( 'NONE', #4724 ) ;
#1528 = CARTESIAN_POINT ( 'NONE',  ( -16.00200000000000244, -3.175000000000000711, 0.000000000000000000 ) ) ;
#1529 = ORIENTED_EDGE ( 'NONE', *, *, #3662, .T. ) ;
#1530 = ADVANCED_FACE ( 'NONE', ( #2439 ), #892, .F. ) ;
#1531 = DIRECTION ( 'NONE',  ( 0.000000000000000000, 1.000000000000000000, 0.000000000000000000 ) ) ;
#1532 = CARTESIAN_POINT ( 'NONE',  ( -11.19293335352000796, 1.523999999999999355, -1.459689378452000863 ) ) ;
#1533 = EDGE_CURVE ( 'NONE', #3632, #4341, #240, .T. ) ;
#1534 = CARTESIAN_POINT ( 'NONE',  ( -10.69975000000000165, 10.33638951052389210, -0.9905999999999682837 ) ) ;
#1535 = DIRECTION ( 'NONE',  ( 0.000000000000000000, 0.000000000000000000, -1.000000000000000000 ) ) ;
#1536 = DIRECTION ( 'NONE',  ( 0.000000000000000000, 1.000000000000000000, 0.000000000000000000 ) ) ;
#1537 = ORIENTED_EDGE ( 'NONE', *, *, #336, .T. ) ;
#1538 = CARTESIAN_POINT ( 'NONE',  ( -7.080250000000003041, 15.49400000000000155, 0.000000000000000000 ) ) ;
#1539 = ORIENTED_EDGE ( 'NONE', *, *, #4738, .T. ) ;
#1540 = VERTEX_POINT ( 'NONE', #3992 ) ;
#1541 = EDGE_CURVE ( 'NONE', #3341, #2587, #6916, .T. ) ;
#1542 = CARTESIAN_POINT ( 'NONE',  ( 7.059612499999999180, 1.523999999999999355, -2.625089999999998369 ) ) ;
#1543 = EDGE_CURVE ( 'NONE', #1570, #1730, #3838, .T. ) ;
#1544 = DIRECTION ( 'NONE',  ( -0.5466227293957726108, 0.000000000000000000, -0.8373790012341580935 ) ) ;
#1545 = ADVANCED_FACE ( 'NONE', ( #4632 ), #3257, .T. ) ;
#1546 = CARTESIAN_POINT ( 'NONE',  ( 0.9651999999999993918, 1.523999999999999355, 2.226310000000002010 ) ) ;
#1547 = DIRECTION ( 'NONE',  ( -1.000000000000000000, 0.000000000000000000, 0.000000000000000000 ) ) ;
#1548 = CARTESIAN_POINT ( 'NONE',  ( -11.58239999999999981, 1.523999999999999355, 1.783944658947000272 ) ) ;
#1549 = CARTESIAN_POINT ( 'NONE',  ( -9.599612500000000992, 1.523999999999999355, 2.226309999999998901 ) ) ;
#1550 = EDGE_CURVE ( 'NONE', #5195, #9192, #2561, .T. ) ;
#1551 = FILL_AREA_STYLE_COLOUR ( '', #5359 ) ;
#1552 = DIRECTION ( 'NONE',  ( -1.000000000000000000, 0.000000000000000000, 0.000000000000000000 ) ) ;
#1553 = VECTOR ( 'NONE', #8845, 1000.000000000000000 ) ;
#1554 = PLANE ( 'NONE',  #6837 ) ;
#1555 = CARTESIAN_POINT ( 'NONE',  ( -7.080250000000003041, 10.33638951052389210, 0.9905999999999665073 ) ) ;
#1556 = DIRECTION ( 'NONE',  ( 0.000000000000000000, -1.000000000000000000, 0.000000000000000000 ) ) ;
#1557 = UNCERTAINTY_MEASURE_WITH_UNIT (LENGTH_MEASURE( 1.000000000000000082E-05 ), #7834, 'distance_accuracy_value', 'NONE');
#1558 = FACE_OUTER_BOUND ( 'NONE', #7383, .T. ) ;
#1559 = ORIENTED_EDGE ( 'NONE', *, *, #9392, .F. ) ;
#1560 = ORIENTED_EDGE ( 'NONE', *, *, #7797, .F. ) ;
#1561 = VECTOR ( 'NONE', #6730, 1000.000000000000000 ) ;
#1562 =( GEOMETRIC_REPRESENTATION_CONTEXT ( 3 ) GLOBAL_UNCERTAINTY_ASSIGNED_CONTEXT ( ( #591 ) ) GLOBAL_UNIT_ASSIGNED_CONTEXT ( ( #3075, #8857, #6015 ) ) REPRESENTATION_CONTEXT ( 'NONE', 'WORKASPACE' ) );
#1563 = EDGE_CURVE ( 'NONE', #2621, #1990, #3063, .T. ) ;
#1564 = ORIENTED_EDGE ( 'NONE', *, *, #8306, .F. ) ;
#1565 = DIRECTION ( 'NONE',  ( 0.6996250055016630665, 0.000000000000000000, -0.7145102180352622678 ) ) ;
#1566 = PLANE ( 'NONE',  #1774 ) ;
#1567 = CIRCLE ( 'NONE', #4185, 2.158999999999999364 ) ;
#1568 = CIRCLE ( 'NONE', #6947, 2.158999999999999364 ) ;
#1569 = EDGE_LOOP ( 'NONE', ( #7835, #8990 ) ) ;
#1570 = VERTEX_POINT ( 'NONE', #5296 ) ;
#1571 = LINE ( 'NONE', #4527, #33 ) ;
#1572 = VECTOR ( 'NONE', #8778, 1000.000000000000000 ) ;
#1573 = ORIENTED_EDGE ( 'NONE', *, *, #400, .T. ) ;
#1574 = CARTESIAN_POINT ( 'NONE',  ( 13.97000000000000242, 13.96999999999999886, -0.9905999999999994809 ) ) ;
#1575 = ORIENTED_EDGE ( 'NONE', *, *, #3362, .T. ) ;
#1576 = DIRECTION ( 'NONE',  ( -0.2567226118398500123, -0.9664851269264963518, 0.000000000000000000 ) ) ;
#1577 = ORIENTED_EDGE ( 'NONE', *, *, #8455, .T. ) ;
#1578 = CARTESIAN_POINT ( 'NONE',  ( 7.059612499999999180, 1.523999999999999355, -2.625089999999998369 ) ) ;
#1579 = DIRECTION ( 'NONE',  ( 0.000000000000000000, 0.000000000000000000, 1.000000000000000000 ) ) ;
#1580 = FILL_AREA_STYLE_COLOUR ( '', #8821 ) ;
#1581 = AXIS2_PLACEMENT_3D ( 'NONE', #2344, #1789, #5307 ) ;
#1582 = DIRECTION ( 'NONE',  ( 0.000000000000000000, 1.000000000000000000, 0.000000000000000000 ) ) ;
#1583 = DIRECTION ( 'NONE',  ( 0.000000000000000000, -1.000000000000000000, 0.000000000000000000 ) ) ;
#1584 = EDGE_CURVE ( 'NONE', #805, #4760, #6054, .T. ) ;
#1585 = SURFACE_SIDE_STYLE ('',( #1635 ) ) ;
#1586 = EDGE_LOOP ( 'NONE', ( #8805, #5539, #6815, #8266 ) ) ;
#1587 = CARTESIAN_POINT ( 'NONE',  ( -8.585200000000000387, 0.000000000000000000, -2.625089999999998369 ) ) ;
#1588 = AXIS2_PLACEMENT_3D ( 'NONE', #9132, #2534, #1081 ) ;
#1589 = ORIENTED_EDGE ( 'NONE', *, *, #3757, .T. ) ;
#1590 = CARTESIAN_POINT ( 'NONE',  ( -11.12520000000000131, 1.523999999999999355, -2.226310000000000233 ) ) ;
#1591 = VERTEX_POINT ( 'NONE', #2388 ) ;
#1592 = LINE ( 'NONE', #857, #2686 ) ;
#1593 = DIRECTION ( 'NONE',  ( 0.000000000000000000, 0.000000000000000000, -1.000000000000000000 ) ) ;
#1594 = AXIS2_PLACEMENT_3D ( 'NONE', #169, #8970, #119 ) ;
#1595 = VECTOR ( 'NONE', #3282, 1000.000000000000000 ) ;
#1596 = DIRECTION ( 'NONE',  ( 1.000000000000000000, 0.000000000000000000, 0.000000000000000000 ) ) ;
#1597 = CARTESIAN_POINT ( 'NONE',  ( -12.16025000000000489, 10.33638951052389210, -0.9905999999999682837 ) ) ;
#1598 = DIRECTION ( 'NONE',  ( -0.000000000000000000, -1.000000000000000000, -0.000000000000000000 ) ) ;
#1599 = EDGE_CURVE ( 'NONE', #2123, #8087, #3161, .T. ) ;
#1600 = LINE ( 'NONE', #8196, #5802 ) ;
#1601 = EDGE_CURVE ( 'NONE', #4274, #6325, #8270, .T. ) ;
#1602 = LINE ( 'NONE', #6132, #4859 ) ;
#1603 = MECHANICAL_DESIGN_GEOMETRIC_PRESENTATION_REPRESENTATION (  '', ( #2364 ), #8981 ) ;
#1604 = LINE ( 'NONE', #267, #4822 ) ;
#1605 = DIRECTION ( 'NONE',  ( 0.2567226118398023837, -0.9664851269265090083, -0.000000000000000000 ) ) ;
#1606 = PRESENTATION_STYLE_ASSIGNMENT (( #5275 ) ) ;
#1607 = CARTESIAN_POINT ( 'NONE',  ( -6.045200000000000351, 0.000000000000000000, 2.625090000000000146 ) ) ;
#1608 = LINE ( 'NONE', #8407, #7025 ) ;
#1609 = DIRECTION ( 'NONE',  ( 0.000000000000000000, 0.000000000000000000, -1.000000000000000000 ) ) ;
#1610 = EDGE_CURVE ( 'NONE', #5241, #9104, #8318, .T. ) ;
#1611 = VECTOR ( 'NONE', #5181, 1000.000000000000000 ) ;
#1612 = VERTEX_POINT ( 'NONE', #7597 ) ;
#1613 = EDGE_LOOP ( 'NONE', ( #5385, #5667, #3171, #6832 ) ) ;
#1614 = DIRECTION ( 'NONE',  ( 0.000000000000000000, 1.000000000000000000, 0.000000000000000000 ) ) ;
#1615 = DIRECTION ( 'NONE',  ( -0.2567226118398023837, 0.9664851269265090083, 0.000000000000000000 ) ) ;
#1616 = AXIS2_PLACEMENT_3D ( 'NONE', #7561, #3907, #5363 ) ;
#1617 = VECTOR ( 'NONE', #2462, 1000.000000000000000 ) ;
#1618 = DIRECTION ( 'NONE',  ( -1.000000000000000000, 0.000000000000000000, 0.000000000000000000 ) ) ;
#1619 = ADVANCED_FACE ( 'NONE', ( #992 ), #2488, .T. ) ;
#1620 = ORIENTED_EDGE ( 'NONE', *, *, #1765, .F. ) ;
#1621 = ORIENTED_EDGE ( 'NONE', *, *, #5606, .F. ) ;
#1622 = AXIS2_PLACEMENT_3D ( 'NONE', #5832, #8814, #813 ) ;
#1623 = ORIENTED_EDGE ( 'NONE', *, *, #7354, .T. ) ;
#1624 = CARTESIAN_POINT ( 'NONE',  ( 7.080249999999995936, 15.49400000000000155, 0.000000000000000000 ) ) ;
#1625 = ORIENTED_EDGE ( 'NONE', *, *, #336, .F. ) ;
#1626 = FACE_OUTER_BOUND ( 'NONE', #8078, .T. ) ;
#1627 = EDGE_LOOP ( 'NONE', ( #8929, #7110, #8409, #4002 ) ) ;
#1628 = CARTESIAN_POINT ( 'NONE',  ( 4.114800000000001567, 0.000000000000000000, 2.226310000000002010 ) ) ;
#1629 = DIRECTION ( 'NONE',  ( 0.000000000000000000, 1.000000000000000000, 0.000000000000000000 ) ) ;
#1630 = SURFACE_SIDE_STYLE ('',( #3747 ) ) ;
#1631 = EDGE_CURVE ( 'NONE', #6521, #9258, #5622, .T. ) ;
#1632 = LINE ( 'NONE', #4590, #4027 ) ;
#1633 = ORIENTED_EDGE ( 'NONE', *, *, #6379, .T. ) ;
#1634 = DIRECTION ( 'NONE',  ( 0.000000000000000000, -0.000000000000000000, -1.000000000000000000 ) ) ;
#1635 = SURFACE_STYLE_FILL_AREA ( #8282 ) ;
#1636 = ORIENTED_EDGE ( 'NONE', *, *, #2093, .T. ) ;
#1637 = CARTESIAN_POINT ( 'NONE',  ( -1.574800000000001088, 1.523999999999999355, 2.226310000000002010 ) ) ;
#1638 = ORIENTED_EDGE ( 'NONE', *, *, #2018, .F. ) ;
#1639 =( LENGTH_UNIT ( ) NAMED_UNIT ( * ) SI_UNIT ( .MILLI., .METRE. ) );
#1640 = ORIENTED_EDGE ( 'NONE', *, *, #9358, .T. ) ;
#1641 = DIRECTION ( 'NONE',  ( -1.000000000000000000, -0.000000000000000000, -0.000000000000000000 ) ) ;
#1642 = DIRECTION ( 'NONE',  ( 0.000000000000000000, 0.000000000000000000, -1.000000000000000000 ) ) ;
#1643 = FILL_AREA_STYLE_COLOUR ( '', #7736 ) ;
#1644 = VECTOR ( 'NONE', #3053, 1000.000000000000000 ) ;
#1645 = LINE ( 'NONE', #4502, #253 ) ;
#1646 = CARTESIAN_POINT ( 'NONE',  ( 11.12519999999999420, -3.175000000000000711, 2.226310000000002010 ) ) ;
#1647 = ORIENTED_EDGE ( 'NONE', *, *, #4726, .T. ) ;
#1648 = LINE ( 'NONE', #8865, #4641 ) ;
#1649 = CIRCLE ( 'NONE', #1953, 0.7620000000000005658 ) ;
#1650 = DIRECTION ( 'NONE',  ( 0.000000000000000000, 1.000000000000000000, 0.000000000000000000 ) ) ;
#1651 = EDGE_CURVE ( 'NONE', #9220, #1520, #1021, .T. ) ;
#1652 = PLANE ( 'NONE',  #8647 ) ;
#1653 = CARTESIAN_POINT ( 'NONE',  ( -0.5603875000000022588, 1.523999999999999355, -2.625089999999998369 ) ) ;
#1654 = CARTESIAN_POINT ( 'NONE',  ( 12.69999999999999929, 1.523999999999999355, 3.810000000000000941 ) ) ;
#1655 = DIRECTION ( 'NONE',  ( 0.000000000000000000, 0.000000000000000000, 1.000000000000000000 ) ) ;
#1656 = DIRECTION ( 'NONE',  ( -0.000000000000000000, 0.9396926207858973257, 0.3420201433256990220 ) ) ;
#1657 = EDGE_CURVE ( 'NONE', #1130, #17, #2671, .T. ) ;
#1658 = STYLED_ITEM ( 'NONE', ( #7759 ), #7423 ) ;
#1659 = CARTESIAN_POINT ( 'NONE',  ( -11.45539999999995651, 1.397000000000000686, 1.935263850402959340 ) ) ;
#1660 = EDGE_LOOP ( 'NONE', ( #3064, #828, #6147, #2087 ) ) ;
#1661 = EDGE_LOOP ( 'NONE', ( #6876, #7604, #6708, #3804 ) ) ;
#1662 = AXIS2_PLACEMENT_3D ( 'NONE', #2656, #5427, #976 ) ;
#1663 = CARTESIAN_POINT ( 'NONE',  ( -16.00200000000000244, 1.523999999999999355, -2.000114891362000602 ) ) ;
#1664 = VECTOR ( 'NONE', #5937, 1000.000000000000000 ) ;
#1665 = CARTESIAN_POINT ( 'NONE',  ( -11.19293335352013941, 1.523999999999999355, -1.265136149597197557 ) ) ;
#1666 = AXIS2_PLACEMENT_3D ( 'NONE', #1480, #4283, #5151 ) ;
#1667 = EDGE_CURVE ( 'NONE', #1227, #3017, #6427, .T. ) ;
#1668 = EDGE_CURVE ( 'NONE', #1776, #7591, #2041, .T. ) ;
#1669 = DIRECTION ( 'NONE',  ( -0.9713211522284417310, 0.000000000000000000, 0.2377713591533102133 ) ) ;
#1670 = VERTEX_POINT ( 'NONE', #3304 ) ;
#1671 = ORIENTED_EDGE ( 'NONE', *, *, #7776, .T. ) ;
#1672 = LINE ( 'NONE', #5198, #8184 ) ;
#1673 = VERTEX_POINT ( 'NONE', #7154 ) ;
#1674 = CARTESIAN_POINT ( 'NONE',  ( -16.00200000000000244, -3.175000000000000711, 0.000000000000000000 ) ) ;
#1675 = ORIENTED_EDGE ( 'NONE', *, *, #8697, .T. ) ;
#1676 = CARTESIAN_POINT ( 'NONE',  ( -14.60500000000000043, 1.106182791010226651, 2.137382390414624300 ) ) ;
#1677 = ORIENTED_EDGE ( 'NONE', *, *, #649, .F. ) ;
#1678 = CARTESIAN_POINT ( 'NONE',  ( -12.70000000000000284, 1.523999999999999355, -1.540677576214998235 ) ) ;
#1679 = CARTESIAN_POINT ( 'NONE',  ( 1.574800000000001088, -3.175000000000000711, 2.625090000000000146 ) ) ;
#1680 = PRESENTATION_STYLE_ASSIGNMENT (( #2629 ) ) ;
#1681 = DIRECTION ( 'NONE',  ( 0.000000000000000000, 0.000000000000000000, -1.000000000000000000 ) ) ;
#1682 = ORIENTED_EDGE ( 'NONE', *, *, #177, .F. ) ;
#1683 = PLANE ( 'NONE',  #4454 ) ;
#1684 = SURFACE_STYLE_FILL_AREA ( #3899 ) ;
#1685 = EDGE_LOOP ( 'NONE', ( #663, #2916, #8434, #283 ) ) ;
#1686 = CARTESIAN_POINT ( 'NONE',  ( 11.73479999999999990, 1.523999999999999355, -2.226310000000000233 ) ) ;
#1687 = ORIENTED_EDGE ( 'NONE', *, *, #8436, .F. ) ;
#1688 = CARTESIAN_POINT ( 'NONE',  ( -11.15060000000009310, 1.523999999999999355, -1.329987205696119279 ) ) ;
#1689 = ORIENTED_EDGE ( 'NONE', *, *, #4681, .T. ) ;
#1690 = ADVANCED_FACE ( 'NONE', ( #2762 ), #8464, .T. ) ;
#1691 = CARTESIAN_POINT ( 'NONE',  ( 6.045200000000000351, 1.523999999999999355, -2.625089999999998369 ) ) ;
#1692 = DIRECTION ( 'NONE',  ( -1.000000000000000000, 0.000000000000000000, 0.000000000000000000 ) ) ;
#1693 = CARTESIAN_POINT ( 'NONE',  ( 14.60500000000000043, 0.000000000000000000, 3.048000000000002263 ) ) ;
#1694 = LINE ( 'NONE', #3228, #875 ) ;
#1695 = ORIENTED_EDGE ( 'NONE', *, *, #6981, .F. ) ;
#1696 = DIRECTION ( 'NONE',  ( 0.000000000000000000, -0.000000000000000000, 1.000000000000000000 ) ) ;
#1697 = DIRECTION ( 'NONE',  ( 1.000000000000000000, 0.000000000000000000, 0.000000000000000000 ) ) ;
#1698 = DIRECTION ( 'NONE',  ( -1.000000000000000000, 0.000000000000000000, 0.000000000000000000 ) ) ;
#1699 = CARTESIAN_POINT ( 'NONE',  ( -15.23999999999999666, 4.572000000000000064, 3.810000000000000941 ) ) ;
#1700 = DIRECTION ( 'NONE',  ( 0.000000000000000000, 1.000000000000000000, 0.000000000000000000 ) ) ;
#1701 = DIRECTION ( 'NONE',  ( -0.000000000000000000, -1.000000000000000000, -0.000000000000000000 ) ) ;
#1702 = PRESENTATION_LAYER_ASSIGNMENT (  '', '', ( #8769 ) ) ;
#1703 = CARTESIAN_POINT ( 'NONE',  ( 8.180387499999996592, 1.523999999999999355, 2.625090000000000146 ) ) ;
#1704 = CARTESIAN_POINT ( 'NONE',  ( 5.619749999999999801, 11.93800000000000061, -2.438400000000001899 ) ) ;
#1705 = FACE_OUTER_BOUND ( 'NONE', #617, .T. ) ;
#1706 = VERTEX_POINT ( 'NONE', #4902 ) ;
#1707 = EDGE_CURVE ( 'NONE', #3837, #4597, #3489, .T. ) ;
#1708 = ORIENTED_EDGE ( 'NONE', *, *, #6079, .T. ) ;
#1709 = FACE_OUTER_BOUND ( 'NONE', #6775, .T. ) ;
#1710 = LINE ( 'NONE', #3613, #2565 ) ;
#1711 = LINE ( 'NONE', #983, #6223 ) ;
#1712 = ORIENTED_EDGE ( 'NONE', *, *, #470, .T. ) ;
#1713 = ORIENTED_EDGE ( 'NONE', *, *, #4281, .T. ) ;
#1714 = PLANE ( 'NONE',  #2788 ) ;
#1715 = ADVANCED_FACE ( 'NONE', ( #8593 ), #7824, .F. ) ;
#1716 = EDGE_LOOP ( 'NONE', ( #5428, #5494 ) ) ;
#1717 = ADVANCED_FACE ( 'NONE', ( #5575 ), #1991, .F. ) ;
#1718 = CARTESIAN_POINT ( 'NONE',  ( -11.42576667676001279, 1.523999999999999355, -1.092200000000003168 ) ) ;
#1719 = ORIENTED_EDGE ( 'NONE', *, *, #8316, .F. ) ;
#1720 = LINE ( 'NONE', #8935, #7016 ) ;
#1721 = ORIENTED_EDGE ( 'NONE', *, *, #1426, .F. ) ;
#1722 = EDGE_CURVE ( 'NONE', #3336, #4689, #7100, .T. ) ;
#1723 = LINE ( 'NONE', #4536, #5458 ) ;
#1724 = VECTOR ( 'NONE', #8227, 1000.000000000000000 ) ;
#1725 = COLOUR_RGB ( '',0.7921568627450980005, 0.8196078431372548767, 0.9333333333333333481 ) ;
#1726 =( NAMED_UNIT ( * ) SI_UNIT ( $, .STERADIAN. ) SOLID_ANGLE_UNIT ( ) );
#1727 = EDGE_CURVE ( 'NONE', #6102, #3799, #504, .T. ) ;
#1728 = MECHANICAL_DESIGN_GEOMETRIC_PRESENTATION_REPRESENTATION (  '', ( #6332 ), #4181 ) ;
#1729 = FACE_OUTER_BOUND ( 'NONE', #6240, .T. ) ;
#1730 = VERTEX_POINT ( 'NONE', #4812 ) ;
#1731 = DIRECTION ( 'NONE',  ( -0.2567226118398958090, -0.9664851269264842504, 0.000000000000000000 ) ) ;
#1732 = SURFACE_STYLE_FILL_AREA ( #6732 ) ;
#1733 = ORIENTED_EDGE ( 'NONE', *, *, #6680, .T. ) ;
#1734 = VECTOR ( 'NONE', #274, 1000.000000000000000 ) ;
#1735 = VECTOR ( 'NONE', #6166, 1000.000000000000000 ) ;
#1736 = LINE ( 'NONE', #7458, #4191 ) ;
#1737 = ORIENTED_EDGE ( 'NONE', *, *, #257, .T. ) ;
#1738 = DIRECTION ( 'NONE',  ( 0.000000000000000000, -1.000000000000000000, 0.000000000000000000 ) ) ;
#1739 = EDGE_LOOP ( 'NONE', ( #4298, #3657, #2847, #1687 ) ) ;
#1740 = EDGE_CURVE ( 'NONE', #1321, #4028, #6377, .T. ) ;
#1741 = AXIS2_PLACEMENT_3D ( 'NONE', #8345, #3234, #6173 ) ;
#1742 = LINE ( 'NONE', #858, #1735 ) ;
#1743 = SURFACE_SIDE_STYLE ('',( #8333 ) ) ;
#1744 = LINE ( 'NONE', #8290, #4688 ) ;
#1745 = CARTESIAN_POINT ( 'NONE',  ( 3.100387500000079122, 1.524000000000009791, -2.226309999999997125 ) ) ;
#1746 = VECTOR ( 'NONE', #7509, 1000.000000000000000 ) ;
#1747 = EDGE_CURVE ( 'NONE', #4931, #7731, #7738, .T. ) ;
#1748 = EDGE_LOOP ( 'NONE', ( #6243, #8010 ) ) ;
#1749 = DIRECTION ( 'NONE',  ( 0.000000000000000000, 1.000000000000000000, 0.000000000000000000 ) ) ;
#1750 = CYLINDRICAL_SURFACE ( 'NONE', #5620, 2.158999999999999364 ) ;
#1751 = VECTOR ( 'NONE', #6434, 1000.000000000000000 ) ;
#1752 = CARTESIAN_POINT ( 'NONE',  ( -0.5603874999999327589, 1.523999999999980259, 2.625090000000000146 ) ) ;
#1753 = COLOUR_RGB ( '',0.7921568627450980005, 0.8196078431372548767, 0.9333333333333333481 ) ;
#1754 = CARTESIAN_POINT ( 'NONE',  ( 9.599612500000000992, 1.523999999999999355, -2.226310000000000233 ) ) ;
#1755 = FILL_AREA_STYLE ('',( #6703 ) ) ;
#1756 = FACE_OUTER_BOUND ( 'NONE', #6012, .T. ) ;
#1757 = CARTESIAN_POINT ( 'NONE',  ( -12.70000000000000284, 1.523999999999999355, -1.540677576214998235 ) ) ;
#1758 = CARTESIAN_POINT ( 'NONE',  ( 12.13961250000000014, 1.523999999999999355, 2.226310000000002010 ) ) ;
#1759 = ORIENTED_EDGE ( 'NONE', *, *, #2173, .F. ) ;
#1760 = ORIENTED_EDGE ( 'NONE', *, *, #4072, .F. ) ;
#1761 = VECTOR ( 'NONE', #7015, 1000.000000000000000 ) ;
#1762 = DIRECTION ( 'NONE',  ( 0.000000000000000000, 1.000000000000000000, 0.000000000000000000 ) ) ;
#1763 = CARTESIAN_POINT ( 'NONE',  ( -11.78560000000000052, 1.523999999999999355, -2.108199999999999186 ) ) ;
#1764 = PLANE ( 'NONE',  #2830 ) ;
#1765 = EDGE_CURVE ( 'NONE', #3120, #3213, #5026, .T. ) ;
#1766 = VECTOR ( 'NONE', #2218, 1000.000000000000000 ) ;
#1767 = ORIENTED_EDGE ( 'NONE', *, *, #8714, .F. ) ;
#1768 = VERTEX_POINT ( 'NONE', #380 ) ;
#1769 = CARTESIAN_POINT ( 'NONE',  ( -0.9651999999999993918, 1.523999999999999355, -2.625089999999998369 ) ) ;
#1770 = ORIENTED_EDGE ( 'NONE', *, *, #3070, .T. ) ;
#1771 = CARTESIAN_POINT ( 'NONE',  ( -9.599612500000000992, 1.523999999999999355, 2.625090000000000146 ) ) ;
#1772 = VECTOR ( 'NONE', #1437, 1000.000000000000227 ) ;
#1773 = ORIENTED_EDGE ( 'NONE', *, *, #4819, .F. ) ;
#1774 = AXIS2_PLACEMENT_3D ( 'NONE', #835, #9508, #26 ) ;
#1775 = DIRECTION ( 'NONE',  ( -0.000000000000000000, -0.000000000000000000, 1.000000000000000000 ) ) ;
#1776 = VERTEX_POINT ( 'NONE', #7785 ) ;
#1777 = APPLICATION_PROTOCOL_DEFINITION ( 'draft international standard', 'automotive_design', 1998, #7221 ) ;
#1778 = DIRECTION ( 'NONE',  ( -0.000000000000000000, -1.000000000000000000, -0.000000000000000000 ) ) ;
#1779 = ADVANCED_FACE ( 'NONE', ( #1908 ), #4085, .T. ) ;
#1780 = EDGE_CURVE ( 'NONE', #6388, #2253, #4861, .T. ) ;
#1781 = AXIS2_PLACEMENT_3D ( 'NONE', #8908, #2301, #8953 ) ;
#1782 = FACE_OUTER_BOUND ( 'NONE', #6867, .T. ) ;
#1783 = AXIS2_PLACEMENT_3D ( 'NONE', #8724, #8868, #2849 ) ;
#1784 = ORIENTED_EDGE ( 'NONE', *, *, #6429, .F. ) ;
#1785 = DIRECTION ( 'NONE',  ( 0.000000000000000000, 1.000000000000000000, 0.000000000000000000 ) ) ;
#1786 = DIRECTION ( 'NONE',  ( -0.2567226118398958090, -0.9664851269264842504, 0.000000000000000000 ) ) ;
#1787 = ADVANCED_FACE ( 'NONE', ( #6569 ), #8016, .T. ) ;
#1788 = VERTEX_POINT ( 'NONE', #24 ) ;
#1789 = DIRECTION ( 'NONE',  ( -1.000000000000000000, 0.000000000000000000, 0.000000000000000000 ) ) ;
#1790 = ORIENTED_EDGE ( 'NONE', *, *, #9335, .T. ) ;
#1791 = FILL_AREA_STYLE ('',( #3852 ) ) ;
#1792 = ORIENTED_EDGE ( 'NONE', *, *, #6253, .T. ) ;
#1793 = CLOSED_SHELL ( 'NONE', ( #6222, #4405, #2383, #29, #6974, #1429, #6640, #5083 ) ) ;
#1794 = EDGE_CURVE ( 'NONE', #5548, #3269, #6663, .T. ) ;
#1795 = EDGE_CURVE ( 'NONE', #2279, #9236, #2909, .T. ) ;
#1796 = FACE_OUTER_BOUND ( 'NONE', #7030, .T. ) ;
#1797 = LINE ( 'NONE', #4743, #3395 ) ;
#1798 = DIRECTION ( 'NONE',  ( -0.9664851269264842504, -0.2567226118398958090, 0.000000000000000000 ) ) ;
#1799 = DIRECTION ( 'NONE',  ( -1.000000000000000000, -0.000000000000000000, -0.000000000000000000 ) ) ;
#1800 = ORIENTED_EDGE ( 'NONE', *, *, #2712, .F. ) ;
#1801 = DIRECTION ( 'NONE',  ( -1.000000000000000000, 0.000000000000000000, 0.000000000000000000 ) ) ;
#1802 = PRESENTATION_STYLE_ASSIGNMENT (( #8341 ) ) ;
#1803 = DIRECTION ( 'NONE',  ( 1.000000000000000000, 0.000000000000000000, 0.000000000000000000 ) ) ;
#1804 = FACE_OUTER_BOUND ( 'NONE', #251, .T. ) ;
#1805 = DIRECTION ( 'NONE',  ( 0.000000000000000000, 1.000000000000000000, 0.000000000000000000 ) ) ;
#1806 = VECTOR ( 'NONE', #9506, 1000.000000000000000 ) ;
#1807 = CARTESIAN_POINT ( 'NONE',  ( -11.32840000000000202, 1.397000000000000686, 1.092200000000001392 ) ) ;
#1808 = PLANE ( 'NONE',  #4864 ) ;
#1809 = CARTESIAN_POINT ( 'NONE',  ( 12.69999999999999574, 0.000000000000000000, 3.810000000000000941 ) ) ;
#1810 = FACE_OUTER_BOUND ( 'NONE', #1748, .T. ) ;
#1811 = AXIS2_PLACEMENT_3D ( 'NONE', #631, #6654, #1515 ) ;
#1812 = EDGE_LOOP ( 'NONE', ( #9357, #1522, #2155, #7351, #2962, #4035, #1989 ) ) ;
#1813 = DIRECTION ( 'NONE',  ( -1.000000000000000000, 0.000000000000000000, 0.000000000000000000 ) ) ;
#1814 = PLANE ( 'NONE',  #3795 ) ;
#1815 = ADVANCED_FACE ( 'NONE', ( #5757 ), #8880, .T. ) ;
#1816 = CARTESIAN_POINT ( 'NONE',  ( 11.73479999999999990, -3.175000000000000711, 2.226310000000002010 ) ) ;
#1817 = AXIS2_PLACEMENT_3D ( 'NONE', #3566, #5074, #1403 ) ;
#1818 = VECTOR ( 'NONE', #5790, 1000.000000000000000 ) ;
#1819 = ORIENTED_EDGE ( 'NONE', *, *, #7602, .F. ) ;
#1820 = VERTEX_POINT ( 'NONE', #4374 ) ;
#1821 = CARTESIAN_POINT ( 'NONE',  ( -14.60500000000000043, 0.000000000000000000, 2.540000000000000480 ) ) ;
#1822 = ORIENTED_EDGE ( 'NONE', *, *, #7129, .F. ) ;
#1823 = PLANE ( 'NONE',  #656 ) ;
#1824 = STYLED_ITEM ( 'NONE', ( #2777 ), #7459 ) ;
#1825 = ORIENTED_EDGE ( 'NONE', *, *, #535, .T. ) ;
#1826 = LINE ( 'NONE', #5446, #3958 ) ;
#1827 = ORIENTED_EDGE ( 'NONE', *, *, #5258, .F. ) ;
#1828 = CARTESIAN_POINT ( 'NONE',  ( -11.74326666540999931, 1.397000000000000686, -1.243519130898000924 ) ) ;
#1829 =( NAMED_UNIT ( * ) PLANE_ANGLE_UNIT ( ) SI_UNIT ( $, .RADIAN. ) );
#1830 = AXIS2_PLACEMENT_3D ( 'NONE', #3313, #2546, #6922 ) ;
#1831 = CARTESIAN_POINT ( 'NONE',  ( -11.12520000000000131, 1.523999999999999355, -2.226310000000000233 ) ) ;
#1832 = VERTEX_POINT ( 'NONE', #4475 ) ;
#1833 = DIRECTION ( 'NONE',  ( -0.000000000000000000, -0.000000000000000000, 1.000000000000000000 ) ) ;
#1834 =( LENGTH_UNIT ( ) NAMED_UNIT ( * ) SI_UNIT ( .MILLI., .METRE. ) );
#1835 = LINE ( 'NONE', #9229, #8810 ) ;
#1836 = EDGE_CURVE ( 'NONE', #3940, #2658, #8781, .T. ) ;
#1837 = VERTEX_POINT ( 'NONE', #3586 ) ;
#1838 = CARTESIAN_POINT ( 'NONE',  ( -11.02360000000000184, 1.523999999999999355, -2.108199999999999186 ) ) ;
#1839 = ORIENTED_EDGE ( 'NONE', *, *, #8480, .T. ) ;
#1840 = ADVANCED_FACE ( 'NONE', ( #9458 ), #9403, .T. ) ;
#1841 = CARTESIAN_POINT ( 'NONE',  ( -9.194800000000002527, 0.000000000000000000, -2.226309999999997125 ) ) ;
#1842 = LINE ( 'NONE', #5510, #2941 ) ;
#1843 = CARTESIAN_POINT ( 'NONE',  ( 8.585200000000000387, 0.000000000000000000, -2.226309999999997125 ) ) ;
#1844 = CARTESIAN_POINT ( 'NONE',  ( -5.640387500000003662, 1.523999999999999355, -2.625089999999998369 ) ) ;
#1845 = EDGE_LOOP ( 'NONE', ( #2137, #373, #9476, #837 ) ) ;
#1846 = CARTESIAN_POINT ( 'NONE',  ( -11.76443333270000480, 1.523999999999999355, -1.329987205696001373 ) ) ;
#1847 = EDGE_CURVE ( 'NONE', #2765, #8076, #641, .T. ) ;
#1848 = ADVANCED_FACE ( 'NONE', ( #1476 ), #692, .F. ) ;
#1849 =( LENGTH_UNIT ( ) NAMED_UNIT ( * ) SI_UNIT ( .MILLI., .METRE. ) );
#1850 = EDGE_CURVE ( 'NONE', #7784, #929, #5094, .T. ) ;
#1851 = LINE ( 'NONE', #6447, #7869 ) ;
#1852 = DIRECTION ( 'NONE',  ( -1.000000000000000000, 0.000000000000000000, 0.000000000000000000 ) ) ;
#1853 = EDGE_CURVE ( 'NONE', #7101, #5503, #5950, .T. ) ;
#1854 = DIRECTION ( 'NONE',  ( 0.000000000000000000, 0.000000000000000000, -1.000000000000000000 ) ) ;
#1855 = DIRECTION ( 'NONE',  ( 1.000000000000000000, -0.000000000000000000, -0.000000000000000000 ) ) ;
#1856 = LINE ( 'NONE', #4067, #7959 ) ;
#1857 = EDGE_LOOP ( 'NONE', ( #417, #6320, #4577, #1760, #5535, #8206 ) ) ;
#1858 = CARTESIAN_POINT ( 'NONE',  ( 6.045200000000000351, 0.000000000000000000, -2.625089999999998369 ) ) ;
#1859 = CARTESIAN_POINT ( 'NONE',  ( 9.194800000000002527, 0.000000000000000000, 2.226310000000002010 ) ) ;
#1860 = VERTEX_POINT ( 'NONE', #5237 ) ;
#1861 = ORIENTED_EDGE ( 'NONE', *, *, #2139, .F. ) ;
#1862 = CARTESIAN_POINT ( 'NONE',  ( -14.60500000000000043, 0.8890000000000009006, -1.540677576214998235 ) ) ;
#1863 = EDGE_CURVE ( 'NONE', #6572, #2250, #2182, .T. ) ;
#1864 = ORIENTED_EDGE ( 'NONE', *, *, #5150, .T. ) ;
#1865 = DIRECTION ( 'NONE',  ( 0.2567226118398500123, -0.9664851269264963518, -0.000000000000000000 ) ) ;
#1866 = ORIENTED_EDGE ( 'NONE', *, *, #7507, .T. ) ;
#1867 = CARTESIAN_POINT ( 'NONE',  ( 6.654799999999995386, 0.000000000000000000, 2.625090000000000146 ) ) ;
#1868 = ORIENTED_EDGE ( 'NONE', *, *, #6236, .T. ) ;
#1869 = FILL_AREA_STYLE ('',( #4774 ) ) ;
#1870 = DIRECTION ( 'NONE',  ( -0.000000000000000000, -0.000000000000000000, 1.000000000000000000 ) ) ;
#1871 = ORIENTED_EDGE ( 'NONE', *, *, #2418, .T. ) ;
#1872 = CARTESIAN_POINT ( 'NONE',  ( 9.620249999999996859, 15.49400000000000155, 0.000000000000000000 ) ) ;
#1873 = DIRECTION ( 'NONE',  ( 0.6428712937127197824, 0.000000000000000000, 0.7659742160935536504 ) ) ;
#1874 = VECTOR ( 'NONE', #5413, 1000.000000000000000 ) ;
#1875 = ORIENTED_EDGE ( 'NONE', *, *, #1312, .F. ) ;
#1876 = AXIS2_PLACEMENT_3D ( 'NONE', #953, #2598, #6831 ) ;
#1877 = EDGE_LOOP ( 'NONE', ( #4618, #9308, #8512, #4228 ) ) ;
#1878 = DIRECTION ( 'NONE',  ( 0.2567226118398023837, -0.9664851269265090083, -0.000000000000000000 ) ) ;
#1879 = ADVANCED_FACE ( 'NONE', ( #2861 ), #5806, .T. ) ;
#1880 = PLANE ( 'NONE',  #7404 ) ;
#1881 = VECTOR ( 'NONE', #4916, 1000.000000000000000 ) ;
#1882 = CARTESIAN_POINT ( 'NONE',  ( -16.00200000000000244, 8.001000000000001222, 0.9906000000000012573 ) ) ;
#1883 = VERTEX_POINT ( 'NONE', #599 ) ;
#1884 = DIRECTION ( 'NONE',  ( 0.000000000000000000, 0.000000000000000000, -1.000000000000000000 ) ) ;
#1885 = CARTESIAN_POINT ( 'NONE',  ( 0.5397499999999986198, 11.93800000000000061, -2.438400000000001899 ) ) ;
#1886 = AXIS2_PLACEMENT_3D ( 'NONE', #4784, #516, #3454 ) ;
#1887 = CARTESIAN_POINT ( 'NONE',  ( -9.194800000000002527, -3.175000000000000711, 2.226310000000002010 ) ) ;
#1888 = AXIS2_PLACEMENT_3D ( 'NONE', #5468, #1801, #1749 ) ;
#1889 = LINE ( 'NONE', #3467, #5734 ) ;
#1890 = EDGE_CURVE ( 'NONE', #7457, #4049, #3535, .T. ) ;
#1891 = CARTESIAN_POINT ( 'NONE',  ( -11.02359999999961282, 1.523999999999999355, -1.373221303654097447 ) ) ;
#1892 = DIRECTION ( 'NONE',  ( -0.5466225923201736281, 0.000000000000000000, -0.8373790907141002160 ) ) ;
#1893 = FACE_OUTER_BOUND ( 'NONE', #8156, .T. ) ;
#1894 = EDGE_CURVE ( 'NONE', #5240, #6426, #9315, .T. ) ;
#1895 = VERTEX_POINT ( 'NONE', #8114 ) ;
#1896 = AXIS2_PLACEMENT_3D ( 'NONE', #9019, #6899, #3867 ) ;
#1897 = VECTOR ( 'NONE', #5511, 1000.000000000000000 ) ;
#1898 = DIRECTION ( 'NONE',  ( 0.000000000000000000, -1.000000000000000000, 0.000000000000000000 ) ) ;
#1899 = DIRECTION ( 'NONE',  ( -1.000000000000000000, 0.000000000000000000, 0.000000000000000000 ) ) ;
#1900 = EDGE_CURVE ( 'NONE', #5569, #2123, #4457, .T. ) ;
#1901 = EDGE_LOOP ( 'NONE', ( #8034, #3630, #2233, #8056 ) ) ;
#1902 = STYLED_ITEM ( 'NONE', ( #6626 ), #4304 ) ;
#1903 = ORIENTED_EDGE ( 'NONE', *, *, #972, .F. ) ;
#1904 = CARTESIAN_POINT ( 'NONE',  ( 13.97000000000000242, 13.96999999999999886, -0.9905999999999994809 ) ) ;
#1905 = VERTEX_POINT ( 'NONE', #6467 ) ;
#1906 = LINE ( 'NONE', #3254, #3734 ) ;
#1907 = EDGE_LOOP ( 'NONE', ( #1708, #7361, #4282, #1475 ) ) ;
#1908 = FACE_OUTER_BOUND ( 'NONE', #6911, .T. ) ;
#1909 = ORIENTED_EDGE ( 'NONE', *, *, #5382, .F. ) ;
#1910 = CARTESIAN_POINT ( 'NONE',  ( -11.55276666162005661, 1.523999999999999355, -1.221902112197954526 ) ) ;
#1911 = LINE ( 'NONE', #3492, #8667 ) ;
#1912 = EDGE_CURVE ( 'NONE', #5291, #4675, #7332, .T. ) ;
#1913 = EDGE_LOOP ( 'NONE', ( #6717, #2977, #3500, #90, #335, #9454, #2815, #4725 ) ) ;
#1914 = LINE ( 'NONE', #3355, #730 ) ;
#1915 = DIRECTION ( 'NONE',  ( 0.000000000000000000, -0.000000000000000000, -1.000000000000000000 ) ) ;
#1916 = VECTOR ( 'NONE', #2078, 1000.000000000000114 ) ;
#1917 = ORIENTED_EDGE ( 'NONE', *, *, #4909, .F. ) ;
#1918 = CARTESIAN_POINT ( 'NONE',  ( 11.73479999999999634, 0.000000000000000000, -2.625089999999998369 ) ) ;
#1919 = ORIENTED_EDGE ( 'NONE', *, *, #4668, .F. ) ;
#1920 = ADVANCED_FACE ( 'NONE', ( #3982 ), #8258, .T. ) ;
#1921 = AXIS2_PLACEMENT_3D ( 'NONE', #9443, #4359, #677 ) ;
#1922 = DIRECTION ( 'NONE',  ( 0.000000000000000000, 0.000000000000000000, 1.000000000000000000 ) ) ;
#1923 = CARTESIAN_POINT ( 'NONE',  ( 6.654799999999995386, -3.175000000000000711, -2.625089999999998369 ) ) ;
#1924 = CARTESIAN_POINT ( 'NONE',  ( -10.69975000000000165, 10.33638951052389210, 0.9905999999999665073 ) ) ;
#1925 = ORIENTED_EDGE ( 'NONE', *, *, #643, .T. ) ;
#1926 = ORIENTED_EDGE ( 'NONE', *, *, #9186, .T. ) ;
#1927 = LINE ( 'NONE', #4190, #1427 ) ;
#1928 = VECTOR ( 'NONE', #6357, 1000.000000000000000 ) ;
#1929 = CARTESIAN_POINT ( 'NONE',  ( -11.02360000000000184, 1.397000000000000686, -2.000114891362000602 ) ) ;
#1930 = CARTESIAN_POINT ( 'NONE',  ( -14.60500000000000043, 6.604000000000000092, -3.047999999999996934 ) ) ;
#1931 = DIRECTION ( 'NONE',  ( -0.000000000000000000, 1.000000000000000000, -0.000000000000000000 ) ) ;
#1932 = PLANE ( 'NONE',  #5643 ) ;
#1933 = CARTESIAN_POINT ( 'NONE',  ( -8.180387500000003698, 1.523999999999999355, 2.226310000000002010 ) ) ;
#1934 = ORIENTED_EDGE ( 'NONE', *, *, #8891, .F. ) ;
#1935 = DIRECTION ( 'NONE',  ( 0.2567226118398510670, 0.9664851269264960187, 0.000000000000000000 ) ) ;
#1936 = ADVANCED_FACE ( 'NONE', ( #982 ), #325, .T. ) ;
#1937 = DIRECTION ( 'NONE',  ( -0.000000000000000000, -1.000000000000000000, -0.000000000000000000 ) ) ;
#1938 = VECTOR ( 'NONE', #5398, 1000.000000000000000 ) ;
#1939 = LINE ( 'NONE', #5611, #1460 ) ;
#1940 = ADVANCED_FACE ( 'NONE', ( #4573 ), #7484, .T. ) ;
#1941 = FILL_AREA_STYLE_COLOUR ( '', #3746 ) ;
#1942 = UNCERTAINTY_MEASURE_WITH_UNIT (LENGTH_MEASURE( 1.000000000000000082E-05 ), #5771, 'distance_accuracy_value', 'NONE');
#1943 = ORIENTED_EDGE ( 'NONE', *, *, #8952, .F. ) ;
#1944 = ORIENTED_EDGE ( 'NONE', *, *, #3933, .T. ) ;
#1945 = VECTOR ( 'NONE', #1031, 1000.000000000000000 ) ;
#1946 = LINE ( 'NONE', #7593, #8339 ) ;
#1947 = VERTEX_POINT ( 'NONE', #2526 ) ;
#1948 = EDGE_CURVE ( 'NONE', #1431, #6879, #4665, .T. ) ;
#1949 = EDGE_CURVE ( 'NONE', #1177, #6805, #7437, .T. ) ;
#1950 = ORIENTED_EDGE ( 'NONE', *, *, #6859, .F. ) ;
#1951 = CARTESIAN_POINT ( 'NONE',  ( -0.9651999999999993918, 0.000000000000000000, 2.625090000000000146 ) ) ;
#1952 = ORIENTED_EDGE ( 'NONE', *, *, #4015, .T. ) ;
#1953 = AXIS2_PLACEMENT_3D ( 'NONE', #2745, #6275, #6314 ) ;
#1954 = PRESENTATION_LAYER_ASSIGNMENT (  '', '', ( #6282 ) ) ;
#1955 = ORIENTED_EDGE ( 'NONE', *, *, #9061, .F. ) ;
#1956 = EDGE_CURVE ( 'NONE', #2754, #639, #8357, .T. ) ;
#1957 = FACE_OUTER_BOUND ( 'NONE', #4670, .T. ) ;
#1958 = CARTESIAN_POINT ( 'NONE',  ( -6.045200000000000351, 1.523999999999999355, 2.625090000000000146 ) ) ;
#1959 = ORIENTED_EDGE ( 'NONE', *, *, #7421, .F. ) ;
#1960 = SURFACE_STYLE_USAGE ( .BOTH. , #8514 ) ;
#1961 = ORIENTED_EDGE ( 'NONE', *, *, #7055, .F. ) ;
#1962 = LINE ( 'NONE', #1339, #5320 ) ;
#1963 = VECTOR ( 'NONE', #7468, 1000.000000000000000 ) ;
#1964 = AXIS2_PLACEMENT_3D ( 'NONE', #2293, #1583, #152 ) ;
#1965 = DIRECTION ( 'NONE',  ( 0.000000000000000000, -1.000000000000000000, 0.000000000000000000 ) ) ;
#1966 = DIRECTION ( 'NONE',  ( 0.000000000000000000, -1.000000000000000000, 0.000000000000000000 ) ) ;
#1967 = FILL_AREA_STYLE ('',( #8563 ) ) ;
#1968 = ORIENTED_EDGE ( 'NONE', *, *, #4909, .T. ) ;
#1969 = FACE_OUTER_BOUND ( 'NONE', #1661, .T. ) ;
#1970 = EDGE_CURVE ( 'NONE', #3837, #5955, #7636, .T. ) ;
#1971 = ORIENTED_EDGE ( 'NONE', *, *, #3805, .F. ) ;
#1972 = CARTESIAN_POINT ( 'NONE',  ( -7.080250000000003041, 11.93800000000000061, -2.438400000000001899 ) ) ;
#1973 = CARTESIAN_POINT ( 'NONE',  ( 8.159750000000000725, 15.49400000000000155, -0.9905999999999994809 ) ) ;
#1974 = LINE ( 'NONE', #6312, #2959 ) ;
#1975 = CARTESIAN_POINT ( 'NONE',  ( 9.194800000000002527, 1.523999999999999355, 2.625090000000000146 ) ) ;
#1976 = LINE ( 'NONE', #8575, #9484 ) ;
#1977 = LINE ( 'NONE', #7851, #5407 ) ;
#1978 = VERTEX_POINT ( 'NONE', #832 ) ;
#1979 = CARTESIAN_POINT ( 'NONE',  ( -15.23999999999999666, 15.49400000000000155, -3.911600000000003075 ) ) ;
#1980 = DIRECTION ( 'NONE',  ( -1.000000000000000000, 0.000000000000000000, 0.000000000000000000 ) ) ;
#1981 = CARTESIAN_POINT ( 'NONE',  ( -4.519612499999999145, 1.523999999999999355, 2.226310000000002010 ) ) ;
#1982 = EDGE_CURVE ( 'NONE', #9025, #6237, #4622, .T. ) ;
#1983 =( NAMED_UNIT ( * ) SI_UNIT ( $, .STERADIAN. ) SOLID_ANGLE_UNIT ( ) );
#1984 = CARTESIAN_POINT ( 'NONE',  ( 10.69975000000000165, 15.49400000000000155, 0.000000000000000000 ) ) ;
#1985 = ORIENTED_EDGE ( 'NONE', *, *, #8246, .T. ) ;
#1986 = DIRECTION ( 'NONE',  ( -0.2567226118398023837, 0.9664851269265090083, 0.000000000000000000 ) ) ;
#1987 = ORIENTED_EDGE ( 'NONE', *, *, #5854, .T. ) ;
#1988 = CARTESIAN_POINT ( 'NONE',  ( -16.00200000000000244, 4.572000000000000064, 0.000000000000000000 ) ) ;
#1989 = ORIENTED_EDGE ( 'NONE', *, *, #8660, .T. ) ;
#1990 = VERTEX_POINT ( 'NONE', #6144 ) ;
#1991 = PLANE ( 'NONE',  #4425 ) ;
#1992 = VERTEX_POINT ( 'NONE', #9072 ) ;
#1993 = FILL_AREA_STYLE ('',( #4863 ) ) ;
#1994 = EDGE_CURVE ( 'NONE', #5362, #3450, #7536, .T. ) ;
#1995 = ADVANCED_FACE ( 'NONE', ( #3931 ), #2476, .T. ) ;
#1996 = ORIENTED_EDGE ( 'NONE', *, *, #7179, .F. ) ;
#1997 = FILL_AREA_STYLE_COLOUR ( '', #5977 ) ;
#1998 = VERTEX_POINT ( 'NONE', #3781 ) ;
#1999 = CARTESIAN_POINT ( 'NONE',  ( -8.585200000000000387, -3.175000000000000711, 2.226310000000002010 ) ) ;
#2000 = ADVANCED_FACE ( 'NONE', ( #5433 ), #8926, .T. ) ;
#2001 = VERTEX_POINT ( 'NONE', #6095 ) ;
#2002 = PRESENTATION_STYLE_ASSIGNMENT (( #6337 ) ) ;
#2003 = EDGE_LOOP ( 'NONE', ( #836, #6614, #3342, #633 ) ) ;
#2004 = DIRECTION ( 'NONE',  ( 0.000000000000000000, -1.000000000000000000, 0.000000000000000000 ) ) ;
#2005 = VECTOR ( 'NONE', #7352, 1000.000000000000000 ) ;
#2006 = FILL_AREA_STYLE_COLOUR ( '', #6978 ) ;
#2007 = CARTESIAN_POINT ( 'NONE',  ( -14.60500000000000043, 1.523999999999999355, 1.540677576215000011 ) ) ;
#2008 = PLANE ( 'NONE',  #7564 ) ;
#2009 = ADVANCED_FACE ( 'NONE', ( #5285 ), #9028, .T. ) ;
#2010 = LINE ( 'NONE', #6304, #9268 ) ;
#2011 = SURFACE_SIDE_STYLE ('',( #5728 ) ) ;
#2012 = ORIENTED_EDGE ( 'NONE', *, *, #4750, .T. ) ;
#2013 = DIRECTION ( 'NONE',  ( -0.000000000000000000, -1.000000000000000000, -0.000000000000000000 ) ) ;
#2014 = EDGE_LOOP ( 'NONE', ( #852, #3438, #2643, #2530 ) ) ;
#2015 = CARTESIAN_POINT ( 'NONE',  ( -14.60500000000000043, 4.572000000000000064, 3.048000000000002263 ) ) ;
#2016 = CARTESIAN_POINT ( 'NONE',  ( 12.69999999999999929, 0.8890000000000009006, -1.540677576214998235 ) ) ;
#2017 = FACE_OUTER_BOUND ( 'NONE', #7125, .T. ) ;
#2018 = EDGE_CURVE ( 'NONE', #6069, #1146, #3098, .T. ) ;
#2019 = CARTESIAN_POINT ( 'NONE',  ( 10.72038749999999752, 1.523999999999999355, 2.226309999999998901 ) ) ;
#2020 = DIRECTION ( 'NONE',  ( 1.000000000000000000, 0.000000000000000000, 0.000000000000000000 ) ) ;
#2021 = DIRECTION ( 'NONE',  ( 0.000000000000000000, 1.000000000000000000, 0.000000000000000000 ) ) ;
#2022 = AXIS2_PLACEMENT_3D ( 'NONE', #3939, #3343, #6239 ) ;
#2023 = DIRECTION ( 'NONE',  ( 0.000000000000000000, -1.000000000000000000, 0.000000000000000000 ) ) ;
#2024 = VERTEX_POINT ( 'NONE', #2429 ) ;
#2025 = AXIS2_PLACEMENT_3D ( 'NONE', #8332, #8391, #9054 ) ;
#2026 = CARTESIAN_POINT ( 'NONE',  ( -16.00200000000000244, 15.49400000000000155, -3.911600000000003075 ) ) ;
#2027 = LINE ( 'NONE', #4982, #4224 ) ;
#2028 = VECTOR ( 'NONE', #7031, 1000.000000000000000 ) ;
#2029 = CARTESIAN_POINT ( 'NONE',  ( -0.5397499999999986198, 10.33638951052389210, -0.9905999999999682837 ) ) ;
#2030 = VECTOR ( 'NONE', #6301, 1000.000000000000000 ) ;
#2031 = PRESENTATION_STYLE_ASSIGNMENT (( #630 ) ) ;
#2032 = DIRECTION ( 'NONE',  ( 0.8906052758868173713, 0.000000000000000000, 0.4547771350481088493 ) ) ;
#2033 = UNCERTAINTY_MEASURE_WITH_UNIT (LENGTH_MEASURE( 1.000000000000000082E-05 ), #3513, 'distance_accuracy_value', 'NONE');
#2034 = EDGE_LOOP ( 'NONE', ( #5408, #5617, #6825, #4914, #8766, #2181, #8280, #8515 ) ) ;
#2035 = CARTESIAN_POINT ( 'NONE',  ( -11.57393333837999272, 1.523999999999999355, -1.113817018699893691 ) ) ;
#2036 = ORIENTED_EDGE ( 'NONE', *, *, #8831, .T. ) ;
#2037 = FACE_OUTER_BOUND ( 'NONE', #8154, .T. ) ;
#2038 = AXIS2_PLACEMENT_3D ( 'NONE', #4132, #3268, #2548 ) ;
#2039 = EDGE_LOOP ( 'NONE', ( #6945, #5205, #1589, #5480, #2737, #556 ) ) ;
#2040 = ORIENTED_EDGE ( 'NONE', *, *, #8259, .F. ) ;
#2041 = LINE ( 'NONE', #1867, #5785 ) ;
#2042 = EDGE_LOOP ( 'NONE', ( #5669, #4723, #3350, #7668 ) ) ;
#2043 = EDGE_CURVE ( 'NONE', #7867, #6049, #1710, .T. ) ;
#2044 =( NAMED_UNIT ( * ) SI_UNIT ( $, .STERADIAN. ) SOLID_ANGLE_UNIT ( ) );
#2045 = AXIS2_PLACEMENT_3D ( 'NONE', #97, #243, #293 ) ;
#2046 = ORIENTED_EDGE ( 'NONE', *, *, #994, .T. ) ;
#2047 = VERTEX_POINT ( 'NONE', #1399 ) ;
#2048 = CARTESIAN_POINT ( 'NONE',  ( -8.585200000000000387, 1.523999999999999355, 2.625090000000000146 ) ) ;
#2049 = ORIENTED_EDGE ( 'NONE', *, *, #9408, .F. ) ;
#2050 = MECHANICAL_DESIGN_GEOMETRIC_PRESENTATION_REPRESENTATION (  '', ( #3920 ), #8213 ) ;
#2051 = ORIENTED_EDGE ( 'NONE', *, *, #1740, .T. ) ;
#2052 = ADVANCED_FACE ( 'NONE', ( #7176 ), #2114, .F. ) ;
#2053 = CARTESIAN_POINT ( 'NONE',  ( 4.114800000000001567, 0.000000000000000000, 2.625090000000000146 ) ) ;
#2054 = DIRECTION ( 'NONE',  ( -0.000000000000000000, -0.000000000000000000, 1.000000000000000000 ) ) ;
#2055 = DIRECTION ( 'NONE',  ( 0.000000000000000000, 0.000000000000000000, -1.000000000000000000 ) ) ;
#2056 = EDGE_CURVE ( 'NONE', #6761, #7702, #4430, .T. ) ;
#2057 = LINE ( 'NONE', #1441, #9101 ) ;
#2058 = AXIS2_PLACEMENT_3D ( 'NONE', #1032, #6909, #926 ) ;
#2059 = CARTESIAN_POINT ( 'NONE',  ( -5.640387499999969023, 1.523999999999994026, 2.625090000000000146 ) ) ;
#2060 = CARTESIAN_POINT ( 'NONE',  ( 8.159750000000000725, 15.49400000000000155, 0.9906000000000012573 ) ) ;
#2061 = ORIENTED_EDGE ( 'NONE', *, *, #5031, .T. ) ;
#2062 = DIRECTION ( 'NONE',  ( -0.000000000000000000, 1.000000000000000000, -0.000000000000000000 ) ) ;
#2063 = VERTEX_POINT ( 'NONE', #2741 ) ;
#2064 = DIRECTION ( 'NONE',  ( 0.000000000000000000, -1.000000000000000000, 0.000000000000000000 ) ) ;
#2065 = ADVANCED_FACE ( 'NONE', ( #1301 ), #368, .T. ) ;
#2066 = VECTOR ( 'NONE', #8197, 1000.000000000000000 ) ;
#2067 = CARTESIAN_POINT ( 'NONE',  ( 1.574800000000001088, 0.000000000000000000, 2.625090000000000146 ) ) ;
#2068 = EDGE_CURVE ( 'NONE', #7532, #1837, #860, .T. ) ;
#2069 = LINE ( 'NONE', #3614, #6190 ) ;
#2070 = AXIS2_PLACEMENT_3D ( 'NONE', #1691, #2403, #4646 ) ;
#2071 = CARTESIAN_POINT ( 'NONE',  ( -11.45540000000000447, 1.523999999999999355, 2.108200000000000962 ) ) ;
#2072 = CARTESIAN_POINT ( 'NONE',  ( -11.45540000000000447, 1.523999999999999355, 1.935263850402997532 ) ) ;
#2073 = CLOSED_SHELL ( 'NONE', ( #1530, #5262, #7613, #7124, #2291, #6577, #6368, #1127 ) ) ;
#2074 = DIRECTION ( 'NONE',  ( -1.000000000000000000, 0.000000000000000000, 0.000000000000000000 ) ) ;
#2075 = ORIENTED_EDGE ( 'NONE', *, *, #2311, .F. ) ;
#2076 = DIRECTION ( 'NONE',  ( 0.000000000000000000, 1.000000000000000000, 0.000000000000000000 ) ) ;
#2077 = CARTESIAN_POINT ( 'NONE',  ( -11.58239999999999981, 1.397000000000000686, 1.956880869101999876 ) ) ;
#2078 = DIRECTION ( 'NONE',  ( -0.000000000000000000, -0.9396926207858973257, 0.3420201433256990220 ) ) ;
#2079 = CARTESIAN_POINT ( 'NONE',  ( 0.9651999999999993918, 1.523999999999999355, 2.625090000000000146 ) ) ;
#2080 = VERTEX_POINT ( 'NONE', #667 ) ;
#2081 = CARTESIAN_POINT ( 'NONE',  ( 9.194800000000002527, 0.000000000000000000, 2.625090000000000146 ) ) ;
#2082 = VERTEX_POINT ( 'NONE', #6546 ) ;
#2083 = CARTESIAN_POINT ( 'NONE',  ( 11.73479999999999990, 1.523999999999999355, 2.625090000000000146 ) ) ;
#2084 = ORIENTED_EDGE ( 'NONE', *, *, #8306, .T. ) ;
#2085 = AXIS2_PLACEMENT_3D ( 'NONE', #8691, #3635, #5144 ) ;
#2086 = EDGE_CURVE ( 'NONE', #1377, #2001, #7794, .T. ) ;
#2087 = ORIENTED_EDGE ( 'NONE', *, *, #8248, .F. ) ;
#2088 = CARTESIAN_POINT ( 'NONE',  ( 8.180387499999996592, 1.523999999999999355, 2.625090000000000146 ) ) ;
#2089 = ORIENTED_EDGE ( 'NONE', *, *, #8883, .T. ) ;
#2090 = PLANE ( 'NONE',  #6666 ) ;
#2091 = AXIS2_PLACEMENT_3D ( 'NONE', #5688, #8666, #1354 ) ;
#2092 = EDGE_LOOP ( 'NONE', ( #5149, #8548, #6921, #6473, #1433, #5044 ) ) ;
#2093 = EDGE_CURVE ( 'NONE', #1978, #3434, #574, .T. ) ;
#2094 = EDGE_LOOP ( 'NONE', ( #4424, #8600 ) ) ;
#2095 = DIRECTION ( 'NONE',  ( 0.000000000000000000, -1.000000000000000000, 0.000000000000000000 ) ) ;
#2096 = VECTOR ( 'NONE', #4107, 1000.000000000000000 ) ;
#2097 = ORIENTED_EDGE ( 'NONE', *, *, #5496, .F. ) ;
#2098 = DIRECTION ( 'NONE',  ( -1.000000000000000000, 0.000000000000000000, 0.000000000000000000 ) ) ;
#2099 = ORIENTED_EDGE ( 'NONE', *, *, #1236, .F. ) ;
#2100 = CARTESIAN_POINT ( 'NONE',  ( -6.654800000000002491, 1.523999999999999355, -2.625089999999998369 ) ) ;
#2101 = PLANE ( 'NONE',  #3911 ) ;
#2103 = PLANE ( 'NONE',  #3259 ) ;
#2102 = VECTOR ( 'NONE', #520, 1000.000000000000000 ) ;
#2104 = CARTESIAN_POINT ( 'NONE',  ( -12.70000000000000284, 1.523999999999999355, 0.000000000000000000 ) ) ;
#2105 = ADVANCED_FACE ( 'NONE', ( #2887 ), #1814, .T. ) ;
#2106 = CARTESIAN_POINT ( 'NONE',  ( 11.12520000000000131, -3.175000000000000711, -2.625089999999998369 ) ) ;
#2107 = AXIS2_PLACEMENT_3D ( 'NONE', #8581, #6554, #2076 ) ;
#2108 = ORIENTED_EDGE ( 'NONE', *, *, #2817, .T. ) ;
#2109 = DIRECTION ( 'NONE',  ( -1.000000000000000000, 0.000000000000000000, 0.000000000000000000 ) ) ;
#2110 = VECTOR ( 'NONE', #7631, 1000.000000000000114 ) ;
#2111 = VERTEX_POINT ( 'NONE', #4250 ) ;
#2112 = CARTESIAN_POINT ( 'NONE',  ( 4.114800000000001567, 1.523999999999999355, 2.625090000000000146 ) ) ;
#2113 = AXIS2_PLACEMENT_3D ( 'NONE', #8428, #8552, #7018 ) ;
#2114 = PLANE ( 'NONE',  #5792 ) ;
#2115 = CARTESIAN_POINT ( 'NONE',  ( -16.00200000000000244, 4.572000000000000064, 0.000000000000000000 ) ) ;
#2116 = CARTESIAN_POINT ( 'NONE',  ( -11.57393333838004068, 1.397000000000000686, -1.113817018699754913 ) ) ;
#2117 = LINE ( 'NONE', #4306, #8537 ) ;
#2118 = PLANE ( 'NONE',  #9327 ) ;
#2119 = VECTOR ( 'NONE', #8751, 1000.000000000000000 ) ;
#2120 = EDGE_CURVE ( 'NONE', #4895, #3341, #9431, .T. ) ;
#2121 = CARTESIAN_POINT ( 'NONE',  ( 4.540249999999995900, 10.33638951052389210, 0.9905999999999665073 ) ) ;
#2122 = EDGE_CURVE ( 'NONE', #3389, #3837, #7944, .T. ) ;
#2123 = VERTEX_POINT ( 'NONE', #3514 ) ;
#2124 = FACE_OUTER_BOUND ( 'NONE', #7146, .T. ) ;
#2125 = EDGE_CURVE ( 'NONE', #4901, #9078, #1246, .T. ) ;
#2126 = DIRECTION ( 'NONE',  ( -0.000000000000000000, -1.000000000000000000, -0.000000000000000000 ) ) ;
#2127 = CARTESIAN_POINT ( 'NONE',  ( -10.69975000000000165, 15.49400000000000155, -0.9905999999999994809 ) ) ;
#2128 = EDGE_CURVE ( 'NONE', #4371, #3944, #4195, .T. ) ;
#2129 = CARTESIAN_POINT ( 'NONE',  ( -11.65860000000000518, 1.523999999999999355, -1.157051056099001496 ) ) ;
#2130 = CARTESIAN_POINT ( 'NONE',  ( -11.19293335352000796, 1.523999999999999355, -1.265136149596999715 ) ) ;
#2131 = UNCERTAINTY_MEASURE_WITH_UNIT (LENGTH_MEASURE( 1.000000000000000082E-05 ), #1285, 'distance_accuracy_value', 'NONE');
#2132 = ORIENTED_EDGE ( 'NONE', *, *, #8547, .T. ) ;
#2133 = CARTESIAN_POINT ( 'NONE',  ( 11.12520000000000131, 0.000000000000000000, -2.226309999999997125 ) ) ;
#2134 = ORIENTED_EDGE ( 'NONE', *, *, #1631, .T. ) ;
#2135 = PLANE ( 'NONE',  #4818 ) ;
#2136 = VERTEX_POINT ( 'NONE', #6495 ) ;
#2137 = ORIENTED_EDGE ( 'NONE', *, *, #1900, .T. ) ;
#2138 = DIRECTION ( 'NONE',  ( 0.000000000000000000, -1.000000000000000000, 0.000000000000000000 ) ) ;
#2139 = EDGE_CURVE ( 'NONE', #7052, #8543, #2839, .T. ) ;
#2140 = LINE ( 'NONE', #7346, #1452 ) ;
#2141 = EDGE_CURVE ( 'NONE', #3632, #5039, #2782, .T. ) ;
#2142 = ORIENTED_EDGE ( 'NONE', *, *, #4681, .F. ) ;
#2143 = FILL_AREA_STYLE ('',( #1430 ) ) ;
#2144 = EDGE_LOOP ( 'NONE', ( #4691, #3510, #309, #331 ) ) ;
#2145 = CARTESIAN_POINT ( 'NONE',  ( 5.640387499999996557, 1.523999999999999355, 2.625090000000000146 ) ) ;
#2146 = ORIENTED_EDGE ( 'NONE', *, *, #9230, .T. ) ;
#2147 = PLANE ( 'NONE',  #4942 ) ;
#2148 = EDGE_LOOP ( 'NONE', ( #7891, #1909, #4781, #6691 ) ) ;
#2149 = CARTESIAN_POINT ( 'NONE',  ( 3.079749999999999321, 11.93800000000000061, -2.438400000000001899 ) ) ;
#2150 = LINE ( 'NONE', #1340, #5146 ) ;
#2151 =( LENGTH_UNIT ( ) NAMED_UNIT ( * ) SI_UNIT ( .MILLI., .METRE. ) );
#2152 = PRESENTATION_LAYER_ASSIGNMENT (  '', '', ( #6787 ) ) ;
#2153 = DIRECTION ( 'NONE',  ( 0.2567226118398023837, -0.9664851269265090083, -0.000000000000000000 ) ) ;
#2154 = CARTESIAN_POINT ( 'NONE',  ( 10.69975000000000165, 10.33638951052389210, -0.9905999999999682837 ) ) ;
#2155 = ORIENTED_EDGE ( 'NONE', *, *, #7379, .T. ) ;
#2156 = CARTESIAN_POINT ( 'NONE',  ( -12.16025000000000489, 11.93800000000000061, 2.438400000000000123 ) ) ;
#2157 = EDGE_LOOP ( 'NONE', ( #8644, #3052, #7148, #2823 ) ) ;
#2158 = CARTESIAN_POINT ( 'NONE',  ( 0.9651999999999993918, 1.523999999999999355, -2.625089999999998369 ) ) ;
#2159 = EDGE_CURVE ( 'NONE', #7942, #6756, #4023, .T. ) ;
#2160 = PLANE ( 'NONE',  #6797 ) ;
#2161 = CARTESIAN_POINT ( 'NONE',  ( -9.194800000000002527, 1.523999999999999355, -2.625089999999998369 ) ) ;
#2162 = CARTESIAN_POINT ( 'NONE',  ( -11.12943335351975627, 1.397000000000000686, -1.157051056098761910 ) ) ;
#2163 = CARTESIAN_POINT ( 'NONE',  ( 6.045200000000000351, 0.000000000000000000, 2.625090000000000146 ) ) ;
#2164 = LINE ( 'NONE', #5075, #7036 ) ;
#2165 = ORIENTED_EDGE ( 'NONE', *, *, #5557, .F. ) ;
#2166 = SURFACE_STYLE_FILL_AREA ( #2361 ) ;
#2167 = LINE ( 'NONE', #65, #7768 ) ;
#2168 = VECTOR ( 'NONE', #8517, 1000.000000000000000 ) ;
#2169 = EDGE_CURVE ( 'NONE', #7661, #8707, #4588, .T. ) ;
#2170 = LINE ( 'NONE', #8917, #1611 ) ;
#2171 = DIRECTION ( 'NONE',  ( -0.000000000000000000, -0.000000000000000000, 1.000000000000000000 ) ) ;
#2172 = CARTESIAN_POINT ( 'NONE',  ( 6.045200000000000351, -3.175000000000000711, 2.226310000000002010 ) ) ;
#2173 = EDGE_CURVE ( 'NONE', #8551, #2599, #7127, .T. ) ;
#2174 = ORIENTED_EDGE ( 'NONE', *, *, #6008, .F. ) ;
#2176 = FACE_OUTER_BOUND ( 'NONE', #2618, .T. ) ;
#2175 = VECTOR ( 'NONE', #1157, 1000.000000000000000 ) ;
#2177 = ORIENTED_EDGE ( 'NONE', *, *, #8315, .F. ) ;
#2178 = FACE_OUTER_BOUND ( 'NONE', #1280, .T. ) ;
#2179 = ORIENTED_EDGE ( 'NONE', *, *, #1491, .T. ) ;
#2180 = AXIS2_PLACEMENT_3D ( 'NONE', #3687, #1524, #5912 ) ;
#2181 = ORIENTED_EDGE ( 'NONE', *, *, #7614, .F. ) ;
#2182 = LINE ( 'NONE', #4427, #7325 ) ;
#2183 = EDGE_CURVE ( 'NONE', #7403, #5548, #6399, .T. ) ;
#2184 = VECTOR ( 'NONE', #7024, 1000.000000000000000 ) ;
#2185 = ADVANCED_FACE ( 'NONE', ( #7321 ), #3756, .T. ) ;
#2186 = LINE ( 'NONE', #4716, #389 ) ;
#2187 = VECTOR ( 'NONE', #7362, 1000.000000000000000 ) ;
#2188 = ORIENTED_EDGE ( 'NONE', *, *, #5322, .T. ) ;
#2189 = ORIENTED_EDGE ( 'NONE', *, *, #7828, .F. ) ;
#2190 = PLANE ( 'NONE',  #6346 ) ;
#2191 = ORIENTED_EDGE ( 'NONE', *, *, #5726, .T. ) ;
#2192 = DIRECTION ( 'NONE',  ( -1.000000000000000000, 0.000000000000000000, 0.000000000000000000 ) ) ;
#2193 = EDGE_LOOP ( 'NONE', ( #1413, #7985, #6913, #9285 ) ) ;
#2194 = VECTOR ( 'NONE', #7875, 1000.000000000000000 ) ;
#2195 = DIRECTION ( 'NONE',  ( 0.000000000000000000, -1.000000000000000000, 0.000000000000000000 ) ) ;
#2196 = CARTESIAN_POINT ( 'NONE',  ( 1.979612499999963582, 1.524000000000004462, 2.226310000000002010 ) ) ;
#2197 = LINE ( 'NONE', #6441, #6786 ) ;
#2198 = DIRECTION ( 'NONE',  ( -0.2567226118398958090, -0.9664851269264842504, 0.000000000000000000 ) ) ;
#2199 = FILL_AREA_STYLE ('',( #3607 ) ) ;
#2200 = CIRCLE ( 'NONE', #4377, 0.7620000000000005658 ) ;
#2201 = ORIENTED_EDGE ( 'NONE', *, *, #706, .T. ) ;
#2202 = CARTESIAN_POINT ( 'NONE',  ( 10.72038750000000107, 1.523999999999999355, 2.625090000000000146 ) ) ;
#2203 = ORIENTED_EDGE ( 'NONE', *, *, #4383, .F. ) ;
#2204 = SURFACE_SIDE_STYLE ('',( #8806 ) ) ;
#2205 = EDGE_LOOP ( 'NONE', ( #3536, #4777, #885, #5217, #3167, #6333 ) ) ;
#2206 = EDGE_CURVE ( 'NONE', #8587, #606, #8140, .T. ) ;
#2207 = LINE ( 'NONE', #4404, #7622 ) ;
#2208 = COLOUR_RGB ( '',0.7921568627450980005, 0.8196078431372548767, 0.9333333333333333481 ) ;
#2209 = CARTESIAN_POINT ( 'NONE',  ( -11.08710000000000306, 1.523999999999999355, -1.524540434550998969 ) ) ;
#2210 = FACE_OUTER_BOUND ( 'NONE', #5663, .T. ) ;
#2211 = CARTESIAN_POINT ( 'NONE',  ( 11.73479999999999990, 1.523999999999999355, 2.226310000000002010 ) ) ;
#2212 = PLANE ( 'NONE',  #1027 ) ;
#2213 = DIRECTION ( 'NONE',  ( -0.000000000000000000, 1.000000000000000000, -0.000000000000000000 ) ) ;
#2214 = EDGE_CURVE ( 'NONE', #4450, #5593, #1592, .T. ) ;
#2215 = VECTOR ( 'NONE', #8541, 1000.000000000000000 ) ;
#2216 = SURFACE_STYLE_USAGE ( .BOTH. , #913 ) ;
#2217 = CARTESIAN_POINT ( 'NONE',  ( -16.00200000000000244, 15.49400000000000155, -4.673600000000001309 ) ) ;
#2218 = DIRECTION ( 'NONE',  ( 0.000000000000000000, 1.000000000000000000, 0.000000000000000000 ) ) ;
#2219 = VECTOR ( 'NONE', #6438, 1000.000000000000114 ) ;
#2220 = CARTESIAN_POINT ( 'NONE',  ( 1.574800000000001088, 1.523999999999999355, 2.625090000000000146 ) ) ;
#2221 = CARTESIAN_POINT ( 'NONE',  ( -2.000250000000002082, 13.53961048947610912, -0.9905999999999682837 ) ) ;
#2222 = ORIENTED_EDGE ( 'NONE', *, *, #1391, .F. ) ;
#2223 = DIRECTION ( 'NONE',  ( -0.000000000000000000, -1.000000000000000000, -0.000000000000000000 ) ) ;
#2224 = VERTEX_POINT ( 'NONE', #1542 ) ;
#2225 = ADVANCED_FACE ( 'NONE', ( #5978 ), #3663, .T. ) ;
#2226 = CARTESIAN_POINT ( 'NONE',  ( 1.574800000000001088, 1.523999999999999355, -2.226310000000000233 ) ) ;
#2227 = ORIENTED_EDGE ( 'NONE', *, *, #6141, .T. ) ;
#2228 = CLOSED_SHELL ( 'NONE', ( #7832, #587, #758, #7019 ) ) ;
#2229 = VERTEX_POINT ( 'NONE', #8808 ) ;
#2230 = CARTESIAN_POINT ( 'NONE',  ( -11.45540000000000447, 1.523999999999999355, 0.000000000000000000 ) ) ;
#2231 = ADVANCED_FACE ( 'NONE', ( #5172 ), #4598, .T. ) ;
#2232 = ORIENTED_EDGE ( 'NONE', *, *, #4910, .T. ) ;
#2233 = ORIENTED_EDGE ( 'NONE', *, *, #2122, .F. ) ;
#2234 = DIRECTION ( 'NONE',  ( -1.000000000000000000, 0.000000000000000000, 0.000000000000000000 ) ) ;
#2235 = EDGE_CURVE ( 'NONE', #1231, #1177, #2207, .T. ) ;
#2236 = ORIENTED_EDGE ( 'NONE', *, *, #5890, .T. ) ;
#2237 = EDGE_CURVE ( 'NONE', #1294, #1431, #3125, .T. ) ;
#2238 = FACE_OUTER_BOUND ( 'NONE', #2835, .T. ) ;
#2239 = ORIENTED_EDGE ( 'NONE', *, *, #8026, .F. ) ;
#2240 = CARTESIAN_POINT ( 'NONE',  ( -15.49400000000000155, 15.49400000000000155, -2.514600000000000612 ) ) ;
#2241 = VERTEX_POINT ( 'NONE', #7463 ) ;
#2242 = ADVANCED_FACE ( 'NONE', ( #6738 ), #5311, .T. ) ;
#2243 = CARTESIAN_POINT ( 'NONE',  ( 3.505199999999999871, 0.000000000000000000, 2.625090000000000146 ) ) ;
#2244 = DIRECTION ( 'NONE',  ( -1.000000000000000000, 0.000000000000000000, 0.000000000000000000 ) ) ;
#2245 = DIRECTION ( 'NONE',  ( -0.000000000000000000, -0.000000000000000000, 1.000000000000000000 ) ) ;
#2246 = EDGE_CURVE ( 'NONE', #1152, #5789, #6783, .T. ) ;
#2247 = CARTESIAN_POINT ( 'NONE',  ( -6.654800000000002491, -3.175000000000000711, 2.625090000000000146 ) ) ;
#2248 = LINE ( 'NONE', #1394, #9342 ) ;
#2249 =( NAMED_UNIT ( * ) PLANE_ANGLE_UNIT ( ) SI_UNIT ( $, .RADIAN. ) );
#2250 = VERTEX_POINT ( 'NONE', #2931 ) ;
#2251 = AXIS2_PLACEMENT_3D ( 'NONE', #2702, #5561, #6405 ) ;
#2252 = CARTESIAN_POINT ( 'NONE',  ( 6.654799999999995386, 1.523999999999999355, -2.226310000000000233 ) ) ;
#2253 = VERTEX_POINT ( 'NONE', #5932 ) ;
#2254 = DIRECTION ( 'NONE',  ( -0.000000000000000000, -0.000000000000000000, 1.000000000000000000 ) ) ;
#2255 = EDGE_LOOP ( 'NONE', ( #6656, #1671, #6200, #3182 ) ) ;
#2256 = DIRECTION ( 'NONE',  ( 0.000000000000000000, 1.000000000000000000, 0.000000000000000000 ) ) ;
#2257 =( GEOMETRIC_REPRESENTATION_CONTEXT ( 3 ) GLOBAL_UNCERTAINTY_ASSIGNED_CONTEXT ( ( #222 ) ) GLOBAL_UNIT_ASSIGNED_CONTEXT ( ( #7028, #2881, #3699 ) ) REPRESENTATION_CONTEXT ( 'NONE', 'WORKASPACE' ) );
#2258 = DIRECTION ( 'NONE',  ( 0.000000000000000000, -1.000000000000000000, 0.000000000000000000 ) ) ;
#2259 = VECTOR ( 'NONE', #6107, 1000.000000000000000 ) ;
#2260 =( LENGTH_UNIT ( ) NAMED_UNIT ( * ) SI_UNIT ( .MILLI., .METRE. ) );
#2261 = CARTESIAN_POINT ( 'NONE',  ( -16.00200000000000244, -3.175000000000000711, 0.000000000000000000 ) ) ;
#2262 = CARTESIAN_POINT ( 'NONE',  ( -11.21410000000000551, 1.523999999999999355, -1.113817018699997830 ) ) ;
#2263 = ADVANCED_FACE ( 'NONE', ( #7366 ), #158, .F. ) ;
#2264 = LINE ( 'NONE', #3669, #6608 ) ;
#2265 =( GEOMETRIC_REPRESENTATION_CONTEXT ( 3 ) GLOBAL_UNCERTAINTY_ASSIGNED_CONTEXT ( ( #6090 ) ) GLOBAL_UNIT_ASSIGNED_CONTEXT ( ( #801, #2249, #4490 ) ) REPRESENTATION_CONTEXT ( 'NONE', 'WORKASPACE' ) );
#2266 = DIRECTION ( 'NONE',  ( -0.000000000000000000, -0.000000000000000000, 1.000000000000000000 ) ) ;
#2267 = CARTESIAN_POINT ( 'NONE',  ( 14.60500000000000043, 1.106182791011038669, 2.137382390414381383 ) ) ;
#2268 = FACE_OUTER_BOUND ( 'NONE', #6712, .T. ) ;
#2269 = VECTOR ( 'NONE', #7926, 1000.000000000000000 ) ;
#2270 = CARTESIAN_POINT ( 'NONE',  ( -6.045200000000000351, 0.000000000000000000, -2.625089999999998369 ) ) ;
#2271 = CARTESIAN_POINT ( 'NONE',  ( -7.059612499999999180, 1.523999999999999355, 2.226310000000002010 ) ) ;
#2272 = CARTESIAN_POINT ( 'NONE',  ( 9.194800000000002527, 1.523999999999999355, -2.625089999999998369 ) ) ;
#2273 = EDGE_LOOP ( 'NONE', ( #5779, #9058, #3344, #8304 ) ) ;
#2274 = ORIENTED_EDGE ( 'NONE', *, *, #4443, .T. ) ;
#2275 = ORIENTED_EDGE ( 'NONE', *, *, #1062, .F. ) ;
#2276 = DIRECTION ( 'NONE',  ( 0.000000000000000000, -1.000000000000000000, 0.000000000000000000 ) ) ;
#2277 = CARTESIAN_POINT ( 'NONE',  ( -16.00200000000000244, 6.604000000000000092, 4.673600000000000421 ) ) ;
#2278 = EDGE_CURVE ( 'NONE', #8838, #3936, #8040, .T. ) ;
#2279 = VERTEX_POINT ( 'NONE', #761 ) ;
#2280 = ORIENTED_EDGE ( 'NONE', *, *, #3148, .F. ) ;
#2281 = FACE_OUTER_BOUND ( 'NONE', #8463, .T. ) ;
#2282 = VERTEX_POINT ( 'NONE', #2350 ) ;
#2283 = PLANE ( 'NONE',  #8651 ) ;
#2284 = ORIENTED_EDGE ( 'NONE', *, *, #5938, .T. ) ;
#2285 = DIRECTION ( 'NONE',  ( 0.000000000000000000, 1.000000000000000000, 0.000000000000000000 ) ) ;
#2286 = EDGE_LOOP ( 'NONE', ( #7434, #744, #5235, #5164, #2397, #5944 ) ) ;
#2287 = PLANE ( 'NONE',  #5654 ) ;
#2288 = LINE ( 'NONE', #1679, #810 ) ;
#2289 = SURFACE_STYLE_USAGE ( .BOTH. , #1630 ) ;
#2290 = EDGE_CURVE ( 'NONE', #3882, #6237, #8859, .T. ) ;
#2291 = ADVANCED_FACE ( 'NONE', ( #3705 ), #55, .T. ) ;
#2292 = PLANE ( 'NONE',  #7251 ) ;
#2293 = CARTESIAN_POINT ( 'NONE',  ( -12.70000000000000284, 1.523999999999999355, -1.540677576214998235 ) ) ;
#2294 = FILL_AREA_STYLE_COLOUR ( '', #5523 ) ;
#2295 = EDGE_CURVE ( 'NONE', #6126, #8728, #5875, .T. ) ;
#2296 = ORIENTED_EDGE ( 'NONE', *, *, #3769, .F. ) ;
#2297 = CYLINDRICAL_SURFACE ( 'NONE', #2954, 2.158999999999999364 ) ;
#2298 = ORIENTED_EDGE ( 'NONE', *, *, #2237, .T. ) ;
#2299 = DIRECTION ( 'NONE',  ( -0.000000000000000000, -0.000000000000000000, 1.000000000000000000 ) ) ;
#2300 = ORIENTED_EDGE ( 'NONE', *, *, #4019, .T. ) ;
#2301 = DIRECTION ( 'NONE',  ( 0.000000000000000000, -0.000000000000000000, 1.000000000000000000 ) ) ;
#2302 = ADVANCED_FACE ( 'NONE', ( #807 ), #8287, .T. ) ;
#2303 = CARTESIAN_POINT ( 'NONE',  ( -4.114800000000001567, 1.523999999999999355, -2.625089999999998369 ) ) ;
#2304 = DIRECTION ( 'NONE',  ( -1.000000000000000000, 0.000000000000000000, 0.000000000000000000 ) ) ;
#2305 = FACE_OUTER_BOUND ( 'NONE', #7825, .T. ) ;
#2306 = FACE_OUTER_BOUND ( 'NONE', #8292, .T. ) ;
#2307 = CARTESIAN_POINT ( 'NONE',  ( -11.34110000000000618, 1.397000000000000686, -1.092199999999999838 ) ) ;
#2308 =( LENGTH_UNIT ( ) NAMED_UNIT ( * ) SI_UNIT ( .MILLI., .METRE. ) );
#2309 = CARTESIAN_POINT ( 'NONE',  ( 4.114800000000001567, 1.523999999999999355, -2.625089999999998369 ) ) ;
#2310 = DIRECTION ( 'NONE',  ( 0.000000000000000000, 1.000000000000000000, 0.000000000000000000 ) ) ;
#2311 = EDGE_CURVE ( 'NONE', #8413, #2982, #8397, .T. ) ;
#2312 = FACE_OUTER_BOUND ( 'NONE', #4733, .T. ) ;
#2313 = FILL_AREA_STYLE ('',( #8919 ) ) ;
#2314 = CARTESIAN_POINT ( 'NONE',  ( 11.73479999999999990, 1.523999999999999355, -2.226310000000000233 ) ) ;
#2315 = LINE ( 'NONE', #5277, #3026 ) ;
#2316 = CARTESIAN_POINT ( 'NONE',  ( -4.540250000000003006, 10.33638951052389210, 0.9905999999999665073 ) ) ;
#2317 = VERTEX_POINT ( 'NONE', #256 ) ;
#2318 = EDGE_LOOP ( 'NONE', ( #9463, #3298, #6445, #174 ) ) ;
#2319 = AXIS2_PLACEMENT_3D ( 'NONE', #8375, #7603, #3994 ) ;
#2320 = AXIS2_PLACEMENT_3D ( 'NONE', #4233, #9275, #6298 ) ;
#2321 = ORIENTED_EDGE ( 'NONE', *, *, #1162, .T. ) ;
#2322 = DIRECTION ( 'NONE',  ( 0.000000000000000000, 0.000000000000000000, -1.000000000000000000 ) ) ;
#2323 = LINE ( 'NONE', #5952, #7896 ) ;
#2324 = VECTOR ( 'NONE', #1609, 1000.000000000000000 ) ;
#2325 = AXIS2_PLACEMENT_3D ( 'NONE', #2404, #258, #159 ) ;
#2326 = ORIENTED_EDGE ( 'NONE', *, *, #3379, .T. ) ;
#2327 = ORIENTED_EDGE ( 'NONE', *, *, #196, .F. ) ;
#2328 = PLANE ( 'NONE',  #2180 ) ;
#2329 = VECTOR ( 'NONE', #2412, 1000.000000000000000 ) ;
#2330 = ORIENTED_EDGE ( 'NONE', *, *, #8954, .T. ) ;
#2331 = FACE_OUTER_BOUND ( 'NONE', #6688, .T. ) ;
#2332 = VECTOR ( 'NONE', #7898, 999.9999999999998863 ) ;
#2333 = EDGE_LOOP ( 'NONE', ( #8734, #6112, #9265, #5677, #7443, #3059, #1470, #5086 ) ) ;
#2334 = DIRECTION ( 'NONE',  ( -1.000000000000000000, 0.000000000000000000, 0.000000000000000000 ) ) ;
#2335 = ORIENTED_EDGE ( 'NONE', *, *, #3575, .F. ) ;
#2336 = DIRECTION ( 'NONE',  ( -0.000000000000000000, -1.000000000000000000, -0.000000000000000000 ) ) ;
#2337 = CARTESIAN_POINT ( 'NONE',  ( -4.519612499999999145, 1.523999999999999355, 2.625090000000000146 ) ) ;
#2338 = FACE_OUTER_BOUND ( 'NONE', #3200, .T. ) ;
#2339 = VECTOR ( 'NONE', #8284, 1000.000000000000000 ) ;
#2340 = DIRECTION ( 'NONE',  ( -1.000000000000000000, 0.000000000000000000, 0.000000000000000000 ) ) ;
#2341 = AXIS2_PLACEMENT_3D ( 'NONE', #3178, #8289, #3858 ) ;
#2342 = CARTESIAN_POINT ( 'NONE',  ( -11.08709999999998175, 1.523999999999999355, -1.524540434551037160 ) ) ;
#2343 = VERTEX_POINT ( 'NONE', #9006 ) ;
#2344 = CARTESIAN_POINT ( 'NONE',  ( 12.16024999999999778, 11.93800000000000061, -2.438400000000001899 ) ) ;
#2345 = ADVANCED_FACE ( 'NONE', ( #956 ), #6834, .T. ) ;
#2346 = VECTOR ( 'NONE', #3210, 1000.000000000000227 ) ;
#2347 = EDGE_LOOP ( 'NONE', ( #544, #2495, #1077, #3690 ) ) ;
#2348 = SURFACE_STYLE_USAGE ( .BOTH. , #2204 ) ;
#2349 = EDGE_LOOP ( 'NONE', ( #4271, #7493, #9307, #7239 ) ) ;
#2350 = CARTESIAN_POINT ( 'NONE',  ( -3.100387499999968099, 1.523999999999994026, 2.226310000000002010 ) ) ;
#2351 = ADVANCED_FACE ( 'NONE', ( #8920 ), #3674, .T. ) ;
#2352 = DIRECTION ( 'NONE',  ( -0.2377711385266033095, 0.000000000000000000, -0.9713212062360024879 ) ) ;
#2353 = VECTOR ( 'NONE', #3842, 1000.000000000000000 ) ;
#2354 = CARTESIAN_POINT ( 'NONE',  ( 1.574800000000001088, -3.175000000000000711, -2.625089999999998369 ) ) ;
#2355 = COLOUR_RGB ( '',0.7921568627450980005, 0.8196078431372548767, 0.9333333333333333481 ) ;
#2356 = FACE_OUTER_BOUND ( 'NONE', #8177, .T. ) ;
#2357 = CARTESIAN_POINT ( 'NONE',  ( -11.58239999999999981, 1.523999999999999355, 1.956880869101999876 ) ) ;
#2358 = DIRECTION ( 'NONE',  ( -1.000000000000000000, 0.000000000000000000, 0.000000000000000000 ) ) ;
#2359 = ADVANCED_FACE ( 'NONE', ( #8104 ), #1466, .T. ) ;
#2360 = EDGE_CURVE ( 'NONE', #5199, #3391, #5132, .T. ) ;
#2361 = FILL_AREA_STYLE ('',( #1551 ) ) ;
#2362 = STYLED_ITEM ( 'NONE', ( #7695 ), #7976 ) ;
#2363 = DIRECTION ( 'NONE',  ( -1.000000000000000000, 0.000000000000000000, 0.000000000000000000 ) ) ;
#2364 = STYLED_ITEM ( 'NONE', ( #7870 ), #4422 ) ;
#2365 = FACE_OUTER_BOUND ( 'NONE', #5139, .T. ) ;
#2366 = DIRECTION ( 'NONE',  ( 1.000000000000000000, 0.000000000000000000, 0.000000000000000000 ) ) ;
#2367 = DIRECTION ( 'NONE',  ( -0.000000000000000000, -1.000000000000000000, -0.000000000000000000 ) ) ;
#2368 = DIRECTION ( 'NONE',  ( 0.000000000000000000, -1.000000000000000000, 0.000000000000000000 ) ) ;
#2369 = CARTESIAN_POINT ( 'NONE',  ( 13.84300000000000175, 6.604000000000000092, -3.047999999999996934 ) ) ;
#2370 = DIRECTION ( 'NONE',  ( 0.000000000000000000, 0.000000000000000000, -1.000000000000000000 ) ) ;
#2371 = AXIS2_PLACEMENT_3D ( 'NONE', #8200, #8053, #3624 ) ;
#2372 = ORIENTED_EDGE ( 'NONE', *, *, #6598, .F. ) ;
#2373 = EDGE_LOOP ( 'NONE', ( #2767, #3703, #6579, #1078 ) ) ;
#2374 = CARTESIAN_POINT ( 'NONE',  ( 0.5397499999999986198, 10.33638951052389210, 0.9905999999999665073 ) ) ;
#2375 = DIRECTION ( 'NONE',  ( 0.000000000000000000, 1.000000000000000000, 0.000000000000000000 ) ) ;
#2376 = AXIS2_PLACEMENT_3D ( 'NONE', #2220, #5183, #2368 ) ;
#2377 = VECTOR ( 'NONE', #2126, 1000.000000000000000 ) ;
#2378 = PLANE ( 'NONE',  #6991 ) ;
#2379 = VERTEX_POINT ( 'NONE', #14 ) ;
#2380 = EDGE_LOOP ( 'NONE', ( #3995, #7441, #9227, #5101 ) ) ;
#2381 = VECTOR ( 'NONE', #1358, 1000.000000000000000 ) ;
#2382 = DIRECTION ( 'NONE',  ( 0.000000000000000000, 1.000000000000000000, 0.000000000000000000 ) ) ;
#2383 = ADVANCED_FACE ( 'NONE', ( #8054 ), #4512, .T. ) ;
#2384 = EDGE_LOOP ( 'NONE', ( #9402, #5717, #7690, #2049 ) ) ;
#2385 = CLOSED_SHELL ( 'NONE', ( #5389, #6878, #3246, #8340 ) ) ;
#2386 = CARTESIAN_POINT ( 'NONE',  ( 15.24000000000000021, 4.572000000000000064, 3.810000000000000941 ) ) ;
#2387 = EDGE_LOOP ( 'NONE', ( #8649, #6827, #7865, #3206 ) ) ;
#2388 = CARTESIAN_POINT ( 'NONE',  ( 15.49400000000000155, 15.49400000000000155, -2.514600000000000612 ) ) ;
#2389 = ORIENTED_EDGE ( 'NONE', *, *, #1563, .T. ) ;
#2390 = DIRECTION ( 'NONE',  ( 0.000000000000000000, 0.000000000000000000, -1.000000000000000000 ) ) ;
#2391 = LINE ( 'NONE', #1532, #6658 ) ;
#2392 = FILL_AREA_STYLE ('',( #1580 ) ) ;
#2393 = CARTESIAN_POINT ( 'NONE',  ( -1.574800000000001088, 1.523999999999999355, 2.226310000000002010 ) ) ;
#2394 = ORIENTED_EDGE ( 'NONE', *, *, #5003, .F. ) ;
#2395 = DIRECTION ( 'NONE',  ( -1.000000000000000000, 0.000000000000000000, 0.000000000000000000 ) ) ;
#2396 =( NAMED_UNIT ( * ) PLANE_ANGLE_UNIT ( ) SI_UNIT ( $, .RADIAN. ) );
#2397 = ORIENTED_EDGE ( 'NONE', *, *, #6504, .T. ) ;
#2398 = PLANE ( 'NONE',  #9112 ) ;
#2399 = VERTEX_POINT ( 'NONE', #7335 ) ;
#2400 =( LENGTH_UNIT ( ) NAMED_UNIT ( * ) SI_UNIT ( .MILLI., .METRE. ) );
#2401 = AXIS2_PLACEMENT_3D ( 'NONE', #7923, #1327, #4276 ) ;
#2402 = EDGE_LOOP ( 'NONE', ( #3368, #3544, #1053, #3891 ) ) ;
#2403 = DIRECTION ( 'NONE',  ( 0.000000000000000000, 0.000000000000000000, -1.000000000000000000 ) ) ;
#2404 = CARTESIAN_POINT ( 'NONE',  ( -5.619749999999999801, 11.93800000000000061, 2.438400000000000123 ) ) ;
#2405 = EDGE_CURVE ( 'NONE', #9417, #7867, #220, .T. ) ;
#2406 = DIRECTION ( 'NONE',  ( 1.000000000000000000, -0.000000000000000000, -0.000000000000000000 ) ) ;
#2407 = VECTOR ( 'NONE', #3203, 1000.000000000000000 ) ;
#2408 = CARTESIAN_POINT ( 'NONE',  ( -3.100387500000002738, 1.523999999999999355, -2.625089999999998369 ) ) ;
#2409 = LINE ( 'NONE', #8291, #9037 ) ;
#2410 = ORIENTED_EDGE ( 'NONE', *, *, #4819, .T. ) ;
#2411 = DIRECTION ( 'NONE',  ( 0.2567226118398510670, -0.9664851269264960187, -0.000000000000000000 ) ) ;
#2412 = DIRECTION ( 'NONE',  ( -1.000000000000000000, -0.000000000000000000, -0.000000000000000000 ) ) ;
#2413 = FACE_OUTER_BOUND ( 'NONE', #513, .T. ) ;
#2414 = AXIS2_PLACEMENT_3D ( 'NONE', #1757, #4017, #6942 ) ;
#2415 = DIRECTION ( 'NONE',  ( 0.9664851269265090083, -0.2567226118398023837, -0.000000000000000000 ) ) ;
#2416 = CARTESIAN_POINT ( 'NONE',  ( 6.045200000000000351, 0.000000000000000000, -2.226310000000000233 ) ) ;
#2417 = LINE ( 'NONE', #4657, #8525 ) ;
#2418 = EDGE_CURVE ( 'NONE', #4951, #2001, #4614, .T. ) ;
#2419 = CARTESIAN_POINT ( 'NONE',  ( -8.180387500000003698, 1.523999999999999355, -2.625089999999998369 ) ) ;
#2420 = ADVANCED_FACE ( 'NONE', ( #6035 ), #3720, .T. ) ;
#2421 = CARTESIAN_POINT ( 'NONE',  ( -11.73480000000000345, 1.523999999999999355, 2.226310000000002010 ) ) ;
#2422 = FACE_OUTER_BOUND ( 'NONE', #1422, .T. ) ;
#2423 = CIRCLE ( 'NONE', #5364, 2.158999999999999364 ) ;
#2424 = CARTESIAN_POINT ( 'NONE',  ( -11.12520000000000131, -3.175000000000000711, 2.625090000000000146 ) ) ;
#2425 = ORIENTED_EDGE ( 'NONE', *, *, #3356, .T. ) ;
#2426 = EDGE_CURVE ( 'NONE', #3488, #7859, #393, .T. ) ;
#2427 = ORIENTED_EDGE ( 'NONE', *, *, #1836, .F. ) ;
#2428 = ORIENTED_EDGE ( 'NONE', *, *, #9350, .T. ) ;
#2429 = CARTESIAN_POINT ( 'NONE',  ( 15.24000000000000021, 6.604000000000000092, -3.810000000000002718 ) ) ;
#2430 = EDGE_CURVE ( 'NONE', #9051, #8858, #3142, .T. ) ;
#2431 = COLOUR_RGB ( '',0.7921568627450980005, 0.8196078431372548767, 0.9333333333333333481 ) ;
#2432 = DIRECTION ( 'NONE',  ( 0.000000000000000000, 0.000000000000000000, -1.000000000000000000 ) ) ;
#2433 = EDGE_LOOP ( 'NONE', ( #5566, #9415, #4769, #9311 ) ) ;
#2434 = ORIENTED_EDGE ( 'NONE', *, *, #2472, .T. ) ;
#2435 = PRESENTATION_STYLE_ASSIGNMENT (( #3104 ) ) ;
#2436 = EDGE_LOOP ( 'NONE', ( #456, #6462, #5623, #5817 ) ) ;
#2437 = CARTESIAN_POINT ( 'NONE',  ( -12.70000000000000284, 1.106182791009999500, 2.137382390413999911 ) ) ;
#2438 = VERTEX_POINT ( 'NONE', #3090 ) ;
#2439 = FACE_OUTER_BOUND ( 'NONE', #549, .T. ) ;
#2440 = VERTEX_POINT ( 'NONE', #1555 ) ;
#2441 = FACE_OUTER_BOUND ( 'NONE', #6790, .T. ) ;
#2442 = DIRECTION ( 'NONE',  ( 0.000000000000000000, 1.000000000000000000, 0.000000000000000000 ) ) ;
#2443 = LINE ( 'NONE', #7601, #3138 ) ;
#2444 = EDGE_CURVE ( 'NONE', #1481, #9322, #8732, .T. ) ;
#2445 = DIRECTION ( 'NONE',  ( -0.2567226118398510670, 0.9664851269264960187, 0.000000000000000000 ) ) ;
#2446 = ORIENTED_EDGE ( 'NONE', *, *, #6962, .F. ) ;
#2447 = CARTESIAN_POINT ( 'NONE',  ( 11.73479999999999990, 0.000000000000000000, 2.625090000000000146 ) ) ;
#2448 = PRESENTATION_STYLE_ASSIGNMENT (( #1002 ) ) ;
#2449 = ORIENTED_EDGE ( 'NONE', *, *, #9468, .T. ) ;
#2450 = CARTESIAN_POINT ( 'NONE',  ( 9.194800000000002527, -3.175000000000000711, 2.226310000000002010 ) ) ;
#2451 = ORIENTED_EDGE ( 'NONE', *, *, #4149, .F. ) ;
#2452 = DIRECTION ( 'NONE',  ( 1.000000000000000000, 0.000000000000000000, 0.000000000000000000 ) ) ;
#2453 = ORIENTED_EDGE ( 'NONE', *, *, #3419, .T. ) ;
#2454 = CARTESIAN_POINT ( 'NONE',  ( 10.69975000000000165, 13.53961048947607893, -0.9905999999999335337 ) ) ;
#2455 = FILL_AREA_STYLE ('',( #6887 ) ) ;
#2456 =( NAMED_UNIT ( * ) PLANE_ANGLE_UNIT ( ) SI_UNIT ( $, .RADIAN. ) );
#2457 = DIRECTION ( 'NONE',  ( -1.000000000000000000, 0.000000000000000000, 0.000000000000000000 ) ) ;
#2458 = ORIENTED_EDGE ( 'NONE', *, *, #8009, .T. ) ;
#2459 = LINE ( 'NONE', #6128, #5580 ) ;
#2460 = SURFACE_SIDE_STYLE ('',( #7672 ) ) ;
#2461 = EDGE_CURVE ( 'NONE', #7558, #3312, #6653, .T. ) ;
#2462 = DIRECTION ( 'NONE',  ( 0.000000000000000000, 1.000000000000000000, 0.000000000000000000 ) ) ;
#2463 = CARTESIAN_POINT ( 'NONE',  ( -6.654800000000002491, 1.734723475976807094E-15, -2.625089999999998369 ) ) ;
#2464 = VECTOR ( 'NONE', #4355, 1000.000000000000000 ) ;
#2465 = LINE ( 'NONE', #917, #5162 ) ;
#2466 = CARTESIAN_POINT ( 'NONE',  ( 11.12520000000000131, 0.000000000000000000, -2.625089999999998369 ) ) ;
#2467 = LINE ( 'NONE', #4106, #4080 ) ;
#2468 = CARTESIAN_POINT ( 'NONE',  ( 3.079749999999999321, 13.53961048947610912, 0.9905999999999665073 ) ) ;
#2469 = DIRECTION ( 'NONE',  ( 0.000000000000000000, 1.000000000000000000, 0.000000000000000000 ) ) ;
#2470 = ORIENTED_EDGE ( 'NONE', *, *, #5031, .F. ) ;
#2471 = VERTEX_POINT ( 'NONE', #2270 ) ;
#2472 = EDGE_CURVE ( 'NONE', #2282, #1175, #5989, .T. ) ;
#2473 = VECTOR ( 'NONE', #7984, 1000.000000000000000 ) ;
#2474 = EDGE_CURVE ( 'NONE', #1254, #6615, #7529, .T. ) ;
#2475 = DIRECTION ( 'NONE',  ( -1.000000000000000000, 0.000000000000000000, 0.000000000000000000 ) ) ;
#2476 = PLANE ( 'NONE',  #1171 ) ;
#2477 = CARTESIAN_POINT ( 'NONE',  ( -12.70000000000000284, 1.523999999999999355, -1.540677576214998235 ) ) ;
#2478 = ADVANCED_FACE ( 'NONE', ( #6704 ), #120, .F. ) ;
#2479 = COLOUR_RGB ( '',0.7921568627450980005, 0.8196078431372548767, 0.9333333333333333481 ) ;
#2480 = EDGE_LOOP ( 'NONE', ( #8736, #5066, #4214, #7802 ) ) ;
#2481 = VERTEX_POINT ( 'NONE', #4417 ) ;
#2482 = DIRECTION ( 'NONE',  ( -1.000000000000000000, 0.000000000000000000, 0.000000000000000000 ) ) ;
#2483 = VERTEX_POINT ( 'NONE', #6801 ) ;
#2484 = CARTESIAN_POINT ( 'NONE',  ( -4.540250000000003006, 11.93800000000000061, 2.438400000000000123 ) ) ;
#2485 = EDGE_CURVE ( 'NONE', #7091, #1173, #8773, .T. ) ;
#2486 = ADVANCED_FACE ( 'NONE', ( #1159 ), #5560, .T. ) ;
#2487 = ORIENTED_EDGE ( 'NONE', *, *, #2485, .T. ) ;
#2488 = PLANE ( 'NONE',  #6396 ) ;
#2489 = ORIENTED_EDGE ( 'NONE', *, *, #8918, .F. ) ;
#2490 = FACE_OUTER_BOUND ( 'NONE', #5913, .T. ) ;
#2491 = VECTOR ( 'NONE', #7707, 1000.000000000000000 ) ;
#2492 = FILL_AREA_STYLE_COLOUR ( '', #2208 ) ;
#2493 = VECTOR ( 'NONE', #180, 1000.000000000000000 ) ;
#2494 = DIRECTION ( 'NONE',  ( -0.000000000000000000, 1.000000000000000000, -0.000000000000000000 ) ) ;
#2495 = ORIENTED_EDGE ( 'NONE', *, *, #8891, .T. ) ;
#2496 = CARTESIAN_POINT ( 'NONE',  ( -11.78560000000000052, 1.523999999999999355, -2.108199999999999186 ) ) ;
#2497 = LINE ( 'NONE', #6295, #9193 ) ;
#2498 = EDGE_LOOP ( 'NONE', ( #1222, #5353, #5394, #2903, #87, #9176 ) ) ;
#2499 = VECTOR ( 'NONE', #3706, 1000.000000000000000 ) ;
#2500 = CARTESIAN_POINT ( 'NONE',  ( 11.12520000000000131, -3.175000000000000711, -2.625089999999998369 ) ) ;
#2501 = EDGE_LOOP ( 'NONE', ( #3253, #5992, #3062, #427, #8387, #3348, #3802, #5755, #7694, #501 ) ) ;
#2502 = CARTESIAN_POINT ( 'NONE',  ( -11.45540000000000447, 1.523999999999999355, 2.108200000000000962 ) ) ;
#2503 = ORIENTED_EDGE ( 'NONE', *, *, #5227, .F. ) ;
#2504 = VECTOR ( 'NONE', #3752, 1000.000000000000000 ) ;
#2505 = VECTOR ( 'NONE', #3816, 999.9999999999998863 ) ;
#2506 = DIRECTION ( 'NONE',  ( 1.000000000000000000, 0.000000000000000000, 0.000000000000000000 ) ) ;
#2507 = ADVANCED_FACE ( 'NONE', ( #9207 ), #8484, .T. ) ;
#2508 = LINE ( 'NONE', #5463, #8940 ) ;
#2509 = CARTESIAN_POINT ( 'NONE',  ( 9.620249999999996859, 15.49400000000000155, -0.9905999999999994809 ) ) ;
#2510 = CARTESIAN_POINT ( 'NONE',  ( -9.620250000000003965, 11.93800000000000061, 2.438400000000000123 ) ) ;
#2511 = VECTOR ( 'NONE', #4856, 1000.000000000000000 ) ;
#2512 = ORIENTED_EDGE ( 'NONE', *, *, #1060, .F. ) ;
#2513 = CARTESIAN_POINT ( 'NONE',  ( -7.059612500000075563, 1.523999999999990695, -2.226310000000000233 ) ) ;
#2514 = ADVANCED_FACE ( 'NONE', ( #5380 ), #5475, .T. ) ;
#2515 =( NAMED_UNIT ( * ) SI_UNIT ( $, .STERADIAN. ) SOLID_ANGLE_UNIT ( ) );
#2516 = DIRECTION ( 'NONE',  ( -0.000000000000000000, -1.000000000000000000, -0.000000000000000000 ) ) ;
#2517 = MECHANICAL_DESIGN_GEOMETRIC_PRESENTATION_REPRESENTATION (  '', ( #9272 ), #8659 ) ;
#2518 = LINE ( 'NONE', #4751, #8351 ) ;
#2519 = DIRECTION ( 'NONE',  ( -1.000000000000000000, 0.000000000000000000, 0.000000000000000000 ) ) ;
#2520 = DIRECTION ( 'NONE',  ( 1.000000000000000000, 0.000000000000000000, 0.000000000000000000 ) ) ;
#2521 = LINE ( 'NONE', #3194, #5169 ) ;
#2522 = DIRECTION ( 'NONE',  ( -1.000000000000000000, 0.000000000000000000, 0.000000000000000000 ) ) ;
#2523 = FACE_OUTER_BOUND ( 'NONE', #106, .T. ) ;
#2524 = ORIENTED_EDGE ( 'NONE', *, *, #6019, .F. ) ;
#2525 = FACE_OUTER_BOUND ( 'NONE', #1040, .T. ) ;
#2526 = CARTESIAN_POINT ( 'NONE',  ( -14.60500000000000043, -1.734723475976807094E-13, 2.539999999999521751 ) ) ;
#2527 = PLANE ( 'NONE',  #7615 ) ;
#2528 = CIRCLE ( 'NONE', #7904, 2.158999999999999364 ) ;
#2529 = EDGE_CURVE ( 'NONE', #3057, #8825, #3237, .T. ) ;
#2530 = ORIENTED_EDGE ( 'NONE', *, *, #8710, .F. ) ;
#2531 = ORIENTED_EDGE ( 'NONE', *, *, #5965, .F. ) ;
#2532 = DIRECTION ( 'NONE',  ( 0.000000000000000000, 1.000000000000000000, 0.000000000000000000 ) ) ;
#2533 = VERTEX_POINT ( 'NONE', #1703 ) ;
#2534 = DIRECTION ( 'NONE',  ( -1.000000000000000000, 0.000000000000000000, 0.000000000000000000 ) ) ;
#2535 = EDGE_CURVE ( 'NONE', #6049, #7558, #7579, .T. ) ;
#2536 = EDGE_LOOP ( 'NONE', ( #1137, #1479, #2729, #548, #1271 ) ) ;
#2537 = VECTOR ( 'NONE', #2366, 1000.000000000000000 ) ;
#2538 = DIRECTION ( 'NONE',  ( 0.2001233458994023939, 0.000000000000000000, -0.9797707111493118015 ) ) ;
#2539 = ORIENTED_EDGE ( 'NONE', *, *, #3016, .T. ) ;
#2540 = AXIS2_PLACEMENT_3D ( 'NONE', #2314, #1655, #6602 ) ;
#2541 = LINE ( 'NONE', #5497, #4110 ) ;
#2542 = EDGE_CURVE ( 'NONE', #8490, #7583, #4840, .T. ) ;
#2543 = VECTOR ( 'NONE', #981, 1000.000000000000000 ) ;
#2544 = EDGE_CURVE ( 'NONE', #5637, #2024, #2467, .T. ) ;
#2545 = ORIENTED_EDGE ( 'NONE', *, *, #5938, .F. ) ;
#2546 = DIRECTION ( 'NONE',  ( -1.000000000000000000, 0.000000000000000000, 0.000000000000000000 ) ) ;
#2547 =( LENGTH_UNIT ( ) NAMED_UNIT ( * ) SI_UNIT ( .MILLI., .METRE. ) );
#2548 = DIRECTION ( 'NONE',  ( 0.000000000000000000, 1.000000000000000000, 0.000000000000000000 ) ) ;
#2549 = ADVANCED_FACE ( 'NONE', ( #974 ), #4658, .T. ) ;
#2550 = ORIENTED_EDGE ( 'NONE', *, *, #3479, .F. ) ;
#2551 = PRESENTATION_STYLE_ASSIGNMENT (( #7662 ) ) ;
#2552 = ORIENTED_EDGE ( 'NONE', *, *, #9292, .T. ) ;
#2553 = EDGE_CURVE ( 'NONE', #3488, #4246, #3924, .T. ) ;
#2554 = PLANE ( 'NONE',  #494 ) ;
#2555 = PLANE ( 'NONE',  #7092 ) ;
#2556 = UNCERTAINTY_MEASURE_WITH_UNIT (LENGTH_MEASURE( 1.000000000000000082E-05 ), #2547, 'distance_accuracy_value', 'NONE');
#2557 = FILL_AREA_STYLE_COLOUR ( '', #4833 ) ;
#2558 = LINE ( 'NONE', #5512, #7953 ) ;
#2559 = ORIENTED_EDGE ( 'NONE', *, *, #4127, .T. ) ;
#2560 = LINE ( 'NONE', #8567, #3115 ) ;
#2561 = CIRCLE ( 'NONE', #7933, 2.158999999999999364 ) ;
#2562 = SURFACE_STYLE_USAGE ( .BOTH. , #2460 ) ;
#2563 = FILL_AREA_STYLE ('',( #2006 ) ) ;
#2564 = CARTESIAN_POINT ( 'NONE',  ( -9.194800000000002527, -3.175000000000000711, 0.000000000000000000 ) ) ;
#2565 = VECTOR ( 'NONE', #5022, 1000.000000000000000 ) ;
#2566 = EDGE_CURVE ( 'NONE', #8688, #5576, #6177, .T. ) ;
#2567 = LINE ( 'NONE', #1807, #3108 ) ;
#2568 = DIRECTION ( 'NONE',  ( 0.9664851269265090083, -0.2567226118398023837, -0.000000000000000000 ) ) ;
#2569 = CARTESIAN_POINT ( 'NONE',  ( -4.114800000000001567, -3.175000000000000711, 2.226310000000002010 ) ) ;
#2570 = DIRECTION ( 'NONE',  ( -1.000000000000000000, 0.000000000000000000, 0.000000000000000000 ) ) ;
#2571 = AXIS2_PLACEMENT_3D ( 'NONE', #998, #3949, #384 ) ;
#2572 = ORIENTED_EDGE ( 'NONE', *, *, #1847, .F. ) ;
#2573 = DIRECTION ( 'NONE',  ( 0.000000000000000000, -1.000000000000000000, 0.000000000000000000 ) ) ;
#2574 = CARTESIAN_POINT ( 'NONE',  ( 6.045200000000000351, -3.175000000000000711, 0.000000000000000000 ) ) ;
#2575 = DIRECTION ( 'NONE',  ( 0.000000000000000000, -0.000000000000000000, -1.000000000000000000 ) ) ;
#2576 = VECTOR ( 'NONE', #5266, 1000.000000000000000 ) ;
#2577 = VECTOR ( 'NONE', #5248, 1000.000000000000000 ) ;
#2578 = ORIENTED_EDGE ( 'NONE', *, *, #519, .T. ) ;
#2579 = ORIENTED_EDGE ( 'NONE', *, *, #8558, .F. ) ;
#2580 = LINE ( 'NONE', #8460, #5722 ) ;
#2581 = EDGE_LOOP ( 'NONE', ( #5901, #7513, #2335, #2969 ) ) ;
#2582 = VECTOR ( 'NONE', #5524, 1000.000000000000114 ) ;
#2583 = DIRECTION ( 'NONE',  ( 0.000000000000000000, -1.000000000000000000, 0.000000000000000000 ) ) ;
#2584 = AXIS2_PLACEMENT_3D ( 'NONE', #4397, #7315, #1293 ) ;
#2585 = ORIENTED_EDGE ( 'NONE', *, *, #3505, .F. ) ;
#2586 = DIRECTION ( 'NONE',  ( 0.000000000000000000, -1.000000000000000000, 0.000000000000000000 ) ) ;
#2587 = VERTEX_POINT ( 'NONE', #6854 ) ;
#2588 = EDGE_CURVE ( 'NONE', #4852, #9263, #272, .T. ) ;
#2589 = CARTESIAN_POINT ( 'NONE',  ( 11.12520000000000131, -3.175000000000000711, 2.625090000000000146 ) ) ;
#2590 = FILL_AREA_STYLE ('',( #2492 ) ) ;
#2591 = AXIS2_PLACEMENT_3D ( 'NONE', #6583, #9518, #1634 ) ;
#2592 = EDGE_LOOP ( 'NONE', ( #3929, #5280, #2036, #3729 ) ) ;
#2593 = CARTESIAN_POINT ( 'NONE',  ( 1.574800000000001088, 1.523999999999999355, -2.625089999999998369 ) ) ;
#2594 = CARTESIAN_POINT ( 'NONE',  ( 3.505199999999999871, 1.523999999999999355, -2.625089999999998369 ) ) ;
#2595 =( GEOMETRIC_REPRESENTATION_CONTEXT ( 3 ) GLOBAL_UNCERTAINTY_ASSIGNED_CONTEXT ( ( #4850 ) ) GLOBAL_UNIT_ASSIGNED_CONTEXT ( ( #1849, #6266, #9203 ) ) REPRESENTATION_CONTEXT ( 'NONE', 'WORKASPACE' ) );
#2596 = DIRECTION ( 'NONE',  ( 0.000000000000000000, 1.000000000000000000, 0.000000000000000000 ) ) ;
#2597 = ORIENTED_EDGE ( 'NONE', *, *, #8216, .T. ) ;
#2598 = DIRECTION ( 'NONE',  ( -0.000000000000000000, 1.000000000000000000, -0.000000000000000000 ) ) ;
#2599 = VERTEX_POINT ( 'NONE', #3285 ) ;
#2600 = EDGE_CURVE ( 'NONE', #4402, #5581, #2521, .T. ) ;
#2601 = CARTESIAN_POINT ( 'NONE',  ( 6.654800000000022919, -6.938893903907228378E-15, -2.226310000000000233 ) ) ;
#2602 = ADVANCED_FACE ( 'NONE', ( #9065 ), #5425, .T. ) ;
#2603 =( NAMED_UNIT ( * ) SI_UNIT ( $, .STERADIAN. ) SOLID_ANGLE_UNIT ( ) );
#2604 = DIRECTION ( 'NONE',  ( 0.000000000000000000, 0.000000000000000000, -1.000000000000000000 ) ) ;
#2605 = ORIENTED_EDGE ( 'NONE', *, *, #265, .F. ) ;
#2606 = DIRECTION ( 'NONE',  ( 0.000000000000000000, 0.000000000000000000, -1.000000000000000000 ) ) ;
#2607 = ADVANCED_FACE ( 'NONE', ( #1756 ), #1808, .T. ) ;
#2608 = DIRECTION ( 'NONE',  ( 0.000000000000000000, -0.3420201433256990775, 0.9396926207858974367 ) ) ;
#2609 = LINE ( 'NONE', #358, #3888 ) ;
#2610 = CARTESIAN_POINT ( 'NONE',  ( 6.654799999999995386, -3.175000000000000711, 2.226310000000002010 ) ) ;
#2611 = DIRECTION ( 'NONE',  ( 0.000000000000000000, 0.000000000000000000, -1.000000000000000000 ) ) ;
#2612 = PLANE ( 'NONE',  #5809 ) ;
#2613 = ORIENTED_EDGE ( 'NONE', *, *, #1142, .T. ) ;
#2614 = ADVANCED_FACE ( 'NONE', ( #9163 ), #7629, .T. ) ;
#2615 = CARTESIAN_POINT ( 'NONE',  ( -9.620250000000003965, 13.53961048947607893, -0.9905999999999335337 ) ) ;
#2616 = PRESENTATION_LAYER_ASSIGNMENT (  '', '', ( #3397 ) ) ;
#2617 = CARTESIAN_POINT ( 'NONE',  ( -9.194800000000002527, -3.175000000000000711, 2.625090000000000146 ) ) ;
#2618 = EDGE_LOOP ( 'NONE', ( #7925, #9118, #8743, #7056 ) ) ;
#2619 = ORIENTED_EDGE ( 'NONE', *, *, #3273, .T. ) ;
#2620 = DIRECTION ( 'NONE',  ( -0.000000000000000000, 1.000000000000000000, -0.000000000000000000 ) ) ;
#2621 = VERTEX_POINT ( 'NONE', #7276 ) ;
#2622 = VECTOR ( 'NONE', #4436, 1000.000000000000114 ) ;
#2623 = LINE ( 'NONE', #9219, #2511 ) ;
#2624 = EDGE_CURVE ( 'NONE', #8550, #6630, #6502, .T. ) ;
#2625 = ORIENTED_EDGE ( 'NONE', *, *, #1948, .F. ) ;
#2626 = DIRECTION ( 'NONE',  ( -0.2567226118398500123, -0.9664851269264963518, 0.000000000000000000 ) ) ;
#2627 = ORIENTED_EDGE ( 'NONE', *, *, #6672, .F. ) ;
#2628 = APPLICATION_PROTOCOL_DEFINITION ( 'draft international standard', 'automotive_design', 1998, #5079 ) ;
#2629 = SURFACE_STYLE_USAGE ( .BOTH. , #941 ) ;
#2630 = VERTEX_POINT ( 'NONE', #5027 ) ;
#2631 = PLANE ( 'NONE',  #4758 ) ;
#2632 = FACE_OUTER_BOUND ( 'NONE', #4771, .T. ) ;
#2633 = VECTOR ( 'NONE', #4680, 1000.000000000000000 ) ;
#2634 = EDGE_LOOP ( 'NONE', ( #8137, #2327, #7780, #4173 ) ) ;
#2635 = LINE ( 'NONE', #465, #5555 ) ;
#2636 = ORIENTED_EDGE ( 'NONE', *, *, #2426, .T. ) ;
#2637 = CARTESIAN_POINT ( 'NONE',  ( 15.24000000000000021, 4.572000000000000064, -3.810000000000002718 ) ) ;
#2638 = DIRECTION ( 'NONE',  ( 0.000000000000000000, 0.000000000000000000, -1.000000000000000000 ) ) ;
#2639 = AXIS2_PLACEMENT_3D ( 'NONE', #6706, #223, #18 ) ;
#2640 = VECTOR ( 'NONE', #5979, 1000.000000000000114 ) ;
#2641 = EDGE_CURVE ( 'NONE', #3488, #5595, #7948, .T. ) ;
#2642 = CARTESIAN_POINT ( 'NONE',  ( 4.114800000000022884, -6.938893903907228378E-15, -2.226310000000000233 ) ) ;
#2643 = ORIENTED_EDGE ( 'NONE', *, *, #1610, .T. ) ;
#2644 = VERTEX_POINT ( 'NONE', #2701 ) ;
#2645 = PLANE ( 'NONE',  #211 ) ;
#2646 = AXIS2_PLACEMENT_3D ( 'NONE', #2964, #3013, #9034 ) ;
#2647 = PLANE ( 'NONE',  #4295 ) ;
#2648 = ADVANCED_FACE ( 'NONE', ( #9340 ), #7181, .T. ) ;
#2649 = AXIS2_PLACEMENT_3D ( 'NONE', #7674, #313, #4560 ) ;
#2650 = LINE ( 'NONE', #2742, #1414 ) ;
#2651 = VECTOR ( 'NONE', #8803, 1000.000000000000000 ) ;
#2652 = CARTESIAN_POINT ( 'NONE',  ( 9.194800000000002527, -3.175000000000000711, -2.625089999999998369 ) ) ;
#2653 = LINE ( 'NONE', #5603, #2381 ) ;
#2654 = LINE ( 'NONE', #6996, #276 ) ;
#2655 = EDGE_CURVE ( 'NONE', #290, #9174, #5647, .T. ) ;
#2656 = CARTESIAN_POINT ( 'NONE',  ( -16.00200000000000244, 1.397000000000000686, 0.000000000000000000 ) ) ;
#2657 = ADVANCED_FACE ( 'NONE', ( #7132 ), #9247, .T. ) ;
#2658 = VERTEX_POINT ( 'NONE', #3469 ) ;
#2659 = VECTOR ( 'NONE', #8788, 1000.000000000000227 ) ;
#2660 = CIRCLE ( 'NONE', #8044, 2.158999999999999364 ) ;
#2661 = DIRECTION ( 'NONE',  ( 1.000000000000000000, 0.000000000000000000, 0.000000000000000000 ) ) ;
#2662 = DIRECTION ( 'NONE',  ( -0.2567226118398958090, 0.9664851269264842504, 0.000000000000000000 ) ) ;
#2663 = EDGE_CURVE ( 'NONE', #3741, #6910, #2653, .T. ) ;
#2664 =( GEOMETRIC_REPRESENTATION_CONTEXT ( 3 ) GLOBAL_UNCERTAINTY_ASSIGNED_CONTEXT ( ( #3321 ) ) GLOBAL_UNIT_ASSIGNED_CONTEXT ( ( #6749, #6852, #8300 ) ) REPRESENTATION_CONTEXT ( 'NONE', 'WORKASPACE' ) );
#2665 = ORIENTED_EDGE ( 'NONE', *, *, #72, .T. ) ;
#2666 = MECHANICAL_DESIGN_GEOMETRIC_PRESENTATION_REPRESENTATION (  '', ( #1902 ), #7282 ) ;
#2667 = ORIENTED_EDGE ( 'NONE', *, *, #2159, .F. ) ;
#2668 = DIRECTION ( 'NONE',  ( -0.000000000000000000, -1.000000000000000000, -0.000000000000000000 ) ) ;
#2669 = ORIENTED_EDGE ( 'NONE', *, *, #535, .F. ) ;
#2670 = ORIENTED_EDGE ( 'NONE', *, *, #8832, .F. ) ;
#2671 = LINE ( 'NONE', #5538, #8095 ) ;
#2672 = VERTEX_POINT ( 'NONE', #7899 ) ;
#2673 = EDGE_CURVE ( 'NONE', #8695, #5963, #8670, .T. ) ;
#2674 = SURFACE_STYLE_USAGE ( .BOTH. , #1043 ) ;
#2675 = VECTOR ( 'NONE', #740, 1000.000000000000000 ) ;
#2676 =( NAMED_UNIT ( * ) PLANE_ANGLE_UNIT ( ) SI_UNIT ( $, .RADIAN. ) );
#2677 = EDGE_CURVE ( 'NONE', #5125, #4580, #5073, .T. ) ;
#2678 = ORIENTED_EDGE ( 'NONE', *, *, #7058, .F. ) ;
#2679 = AXIS2_PLACEMENT_3D ( 'NONE', #4934, #7855, #1259 ) ;
#2680 = DIRECTION ( 'NONE',  ( -0.2567226118398023837, -0.9664851269265090083, 0.000000000000000000 ) ) ;
#2681 = AXIS2_PLACEMENT_3D ( 'NONE', #281, #2432, #8457 ) ;
#2682 = ORIENTED_EDGE ( 'NONE', *, *, #5019, .T. ) ;
#2683 = CARTESIAN_POINT ( 'NONE',  ( -8.585200000000000387, 1.523999999999999355, -2.226310000000000233 ) ) ;
#2684 = ORIENTED_EDGE ( 'NONE', *, *, #5804, .F. ) ;
#2685 = FACE_OUTER_BOUND ( 'NONE', #9222, .T. ) ;
#2686 = VECTOR ( 'NONE', #2256, 1000.000000000000000 ) ;
#2687 = VECTOR ( 'NONE', #4311, 1000.000000000000000 ) ;
#2688 = DIRECTION ( 'NONE',  ( 1.000000000000000000, 0.000000000000000000, 0.000000000000000000 ) ) ;
#2689 = CARTESIAN_POINT ( 'NONE',  ( -16.00200000000000244, 6.604000000000000092, 4.673600000000000421 ) ) ;
#2690 = DIRECTION ( 'NONE',  ( -0.2377711385310060377, 0.000000000000000000, -0.9713212062349246834 ) ) ;
#2691 = CARTESIAN_POINT ( 'NONE',  ( -16.00200000000000244, 15.49400000000000155, 2.514599999999998836 ) ) ;
#2692 = ORIENTED_EDGE ( 'NONE', *, *, #6011, .T. ) ;
#2693 = DIRECTION ( 'NONE',  ( 0.000000000000000000, -1.000000000000000000, 0.000000000000000000 ) ) ;
#2694 = VECTOR ( 'NONE', #9384, 1000.000000000000000 ) ;
#2695 = CLOSED_SHELL ( 'NONE', ( #5419, #250, #6645, #3233 ) ) ;
#2696 = EDGE_LOOP ( 'NONE', ( #4783, #2720, #1094, #9492 ) ) ;
#2697 = FACE_OUTER_BOUND ( 'NONE', #1716, .T. ) ;
#2698 = ADVANCED_FACE ( 'NONE', ( #4201 ), #8618, .T. ) ;
#2699 = DIRECTION ( 'NONE',  ( 1.000000000000000000, 0.000000000000000000, 0.000000000000000000 ) ) ;
#2700 = CARTESIAN_POINT ( 'NONE',  ( -16.00200000000000244, 1.523999999999999355, -2.108199999999999186 ) ) ;
#2701 = CARTESIAN_POINT ( 'NONE',  ( -11.61626666162005073, 1.397000000000000686, -1.265136149596968629 ) ) ;
#2702 = CARTESIAN_POINT ( 'NONE',  ( 13.84300000000000175, 6.604000000000000092, 3.048000000000002263 ) ) ;
#2703 = CARTESIAN_POINT ( 'NONE',  ( -11.78560000000000052, 1.523999999999999355, -2.000114891362000602 ) ) ;
#2704 = ORIENTED_EDGE ( 'NONE', *, *, #4429, .F. ) ;
#2705 = CARTESIAN_POINT ( 'NONE',  ( -11.73480000000000345, 0.000000000000000000, -2.226310000000000233 ) ) ;
#2706 = CARTESIAN_POINT ( 'NONE',  ( -6.654800000000002491, 1.523999999999999355, 2.226310000000002010 ) ) ;
#2707 = VECTOR ( 'NONE', #3684, 1000.000000000000000 ) ;
#2708 = EDGE_CURVE ( 'NONE', #1883, #3569, #5326, .T. ) ;
#2709 = EDGE_CURVE ( 'NONE', #6960, #4569, #5691, .T. ) ;
#2710 = CARTESIAN_POINT ( 'NONE',  ( 8.585200000000000387, 0.000000000000000000, -2.625089999999998369 ) ) ;
#2711 = CARTESIAN_POINT ( 'NONE',  ( -16.00200000000000244, 6.604000000000000092, -3.047999999999996934 ) ) ;
#2712 = EDGE_CURVE ( 'NONE', #2111, #3587, #2117, .T. ) ;
#2713 = VECTOR ( 'NONE', #825, 1000.000000000000000 ) ;
#2714 = ORIENTED_EDGE ( 'NONE', *, *, #5905, .T. ) ;
#2715 = ORIENTED_EDGE ( 'NONE', *, *, #1012, .F. ) ;
#2716 = FACE_OUTER_BOUND ( 'NONE', #9269, .T. ) ;
#2717 = EDGE_LOOP ( 'NONE', ( #2715, #7511, #4645, #241, #4426, #3989 ) ) ;
#2718 = ORIENTED_EDGE ( 'NONE', *, *, #7129, .T. ) ;
#2719 = DIRECTION ( 'NONE',  ( -1.000000000000000000, -0.000000000000000000, -0.000000000000000000 ) ) ;
#2720 = ORIENTED_EDGE ( 'NONE', *, *, #5905, .F. ) ;
#2721 = COLOUR_RGB ( '',0.7921568627450980005, 0.8196078431372548767, 0.9333333333333333481 ) ;
#2722 = DIRECTION ( 'NONE',  ( 0.000000000000000000, 0.000000000000000000, 1.000000000000000000 ) ) ;
#2723 =( NAMED_UNIT ( * ) SI_UNIT ( $, .STERADIAN. ) SOLID_ANGLE_UNIT ( ) );
#2724 = CIRCLE ( 'NONE', #8111, 2.158999999999999364 ) ;
#2725 = VERTEX_POINT ( 'NONE', #622 ) ;
#2726 = COLOUR_RGB ( '',0.7921568627450980005, 0.8196078431372548767, 0.9333333333333333481 ) ;
#2727 = CARTESIAN_POINT ( 'NONE',  ( -16.00200000000000244, 1.523999999999999355, -1.540677576214998235 ) ) ;
#2728 = VERTEX_POINT ( 'NONE', #1402 ) ;
#2729 = ORIENTED_EDGE ( 'NONE', *, *, #2056, .T. ) ;
#2730 = EDGE_CURVE ( 'NONE', #606, #2630, #1154, .T. ) ;
#2731 = LINE ( 'NONE', #6340, #2219 ) ;
#2732 = CARTESIAN_POINT ( 'NONE',  ( 14.60500000000000043, 0.8890000000000009006, -1.540677576214998235 ) ) ;
#2733 = DIRECTION ( 'NONE',  ( -0.000000000000000000, -1.000000000000000000, -0.000000000000000000 ) ) ;
#2734 = FACE_OUTER_BOUND ( 'NONE', #4330, .T. ) ;
#2735 = DIRECTION ( 'NONE',  ( -0.000000000000000000, -1.000000000000000000, -0.000000000000000000 ) ) ;
#2736 =( NAMED_UNIT ( * ) PLANE_ANGLE_UNIT ( ) SI_UNIT ( $, .RADIAN. ) );
#2737 = ORIENTED_EDGE ( 'NONE', *, *, #3974, .T. ) ;
#2738 = CARTESIAN_POINT ( 'NONE',  ( -2.000250000000002082, 10.33638951052392230, 0.9905999999999317573 ) ) ;
#2739 = ORIENTED_EDGE ( 'NONE', *, *, #7419, .T. ) ;
#2740 = LINE ( 'NONE', #5640, #7854 ) ;
#2741 = CARTESIAN_POINT ( 'NONE',  ( -0.5603874999999675088, 1.523999999999994026, 2.226310000000002010 ) ) ;
#2742 = CARTESIAN_POINT ( 'NONE',  ( -0.9651999999999993918, -3.175000000000000711, 2.226310000000002010 ) ) ;
#2743 = DIRECTION ( 'NONE',  ( -1.000000000000000000, 0.000000000000000000, 0.000000000000000000 ) ) ;
#2744 = CARTESIAN_POINT ( 'NONE',  ( -11.12520000000000131, 1.523999999999999355, -2.625089999999998369 ) ) ;
#2745 = CARTESIAN_POINT ( 'NONE',  ( 15.24000000000000021, 4.572000000000000064, 3.048000000000002263 ) ) ;
#2746 = PLANE ( 'NONE',  #2 ) ;
#2747 = EDGE_CURVE ( 'NONE', #8752, #305, #7809, .T. ) ;
#2748 = VERTEX_POINT ( 'NONE', #4927 ) ;
#2749 = CARTESIAN_POINT ( 'NONE',  ( -6.654800000000002491, 0.000000000000000000, 2.625090000000000146 ) ) ;
#2750 = CARTESIAN_POINT ( 'NONE',  ( -11.32840000000000202, 1.397000000000000686, 1.092200000000001392 ) ) ;
#2751 = DIRECTION ( 'NONE',  ( -0.000000000000000000, -1.000000000000000000, -0.000000000000000000 ) ) ;
#2752 = LINE ( 'NONE', #2852, #4810 ) ;
#2753 = CARTESIAN_POINT ( 'NONE',  ( -4.114800000000001567, 0.000000000000000000, -2.226310000000000233 ) ) ;
#2754 = VERTEX_POINT ( 'NONE', #578 ) ;
#2755 = CARTESIAN_POINT ( 'NONE',  ( 0.5397499999999986198, 10.33638951052389210, -0.9905999999999682837 ) ) ;
#2756 = ORIENTED_EDGE ( 'NONE', *, *, #7722, .T. ) ;
#2757 = ADVANCED_FACE ( 'NONE', ( #1206 ), #7080, .T. ) ;
#2758 = DIRECTION ( 'NONE',  ( -0.7071067811865475727, -0.7071067811865475727, 0.000000000000000000 ) ) ;
#2759 = VERTEX_POINT ( 'NONE', #1250 ) ;
#2760 = EDGE_CURVE ( 'NONE', #2082, #4432, #6085, .T. ) ;
#2761 = ORIENTED_EDGE ( 'NONE', *, *, #5227, .T. ) ;
#2762 = FACE_OUTER_BOUND ( 'NONE', #2634, .T. ) ;
#2763 = ORIENTED_EDGE ( 'NONE', *, *, #4264, .F. ) ;
#2764 = ADVANCED_FACE ( 'NONE', ( #2305 ), #6641, .F. ) ;
#2765 = VERTEX_POINT ( 'NONE', #2162 ) ;
#2766 = ADVANCED_FACE ( 'NONE', ( #4459 ), #7414, .F. ) ;
#2767 = ORIENTED_EDGE ( 'NONE', *, *, #4179, .T. ) ;
#2768 = EDGE_CURVE ( 'NONE', #7008, #4033, #61, .T. ) ;
#2769 = FACE_OUTER_BOUND ( 'NONE', #1272, .T. ) ;
#2770 = ORIENTED_EDGE ( 'NONE', *, *, #2624, .T. ) ;
#2771 = ORIENTED_EDGE ( 'NONE', *, *, #8149, .T. ) ;
#2772 = CARTESIAN_POINT ( 'NONE',  ( 7.080249999999995936, 13.53961048947610912, 0.9905999999999665073 ) ) ;
#2773 = CARTESIAN_POINT ( 'NONE',  ( -11.02360000000000184, 1.523999999999999355, -2.108199999999999186 ) ) ;
#2774 = FILL_AREA_STYLE_COLOUR ( '', #1753 ) ;
#2775 = PLANE ( 'NONE',  #7107 ) ;
#2776 = DIRECTION ( 'NONE',  ( 0.000000000000000000, 0.000000000000000000, -1.000000000000000000 ) ) ;
#2777 = PRESENTATION_STYLE_ASSIGNMENT (( #661 ) ) ;
#2778 = ORIENTED_EDGE ( 'NONE', *, *, #1229, .T. ) ;
#2779 = VECTOR ( 'NONE', #8174, 1000.000000000000000 ) ;
#2780 = CARTESIAN_POINT ( 'NONE',  ( -10.69975000000000165, 15.49400000000000155, 0.9906000000000012573 ) ) ;
#2781 = VERTEX_POINT ( 'NONE', #721 ) ;
#2782 = LINE ( 'NONE', #5070, #713 ) ;
#2783 = VECTOR ( 'NONE', #3092, 1000.000000000000227 ) ;
#2784 = CIRCLE ( 'NONE', #2025, 0.7620000000000005658 ) ;
#2785 = PLANE ( 'NONE',  #8631 ) ;
#2786 = CARTESIAN_POINT ( 'NONE',  ( 3.079749999999999321, 11.93800000000000061, -2.438400000000001899 ) ) ;
#2787 = DIRECTION ( 'NONE',  ( -0.6428711427641899956, 0.000000000000000000, -0.7659743427824879936 ) ) ;
#2788 = AXIS2_PLACEMENT_3D ( 'NONE', #136, #2234, #2382 ) ;
#2789 = ADVANCED_FACE ( 'NONE', ( #3811 ), #8863, .T. ) ;
#2790 = DIRECTION ( 'NONE',  ( 1.000000000000000000, -0.000000000000000000, -0.000000000000000000 ) ) ;
#2791 = ORIENTED_EDGE ( 'NONE', *, *, #6258, .T. ) ;
#2792 = AXIS2_PLACEMENT_3D ( 'NONE', #2161, #4458, #7369 ) ;
#2793 = CARTESIAN_POINT ( 'NONE',  ( -15.49400000000000155, 15.49400000000000155, 2.514599999999998836 ) ) ;
#2794 = CYLINDRICAL_SURFACE ( 'NONE', #237, 2.158999999999999364 ) ;
#2795 = VECTOR ( 'NONE', #20, 999.9999999999998863 ) ;
#2796 = LINE ( 'NONE', #5747, #2215 ) ;
#2797 = ADVANCED_FACE ( 'NONE', ( #7466 ), #7370, .T. ) ;
#2798 = AXIS2_PLACEMENT_3D ( 'NONE', #6021, #6785, #6695 ) ;
#2799 = SURFACE_SIDE_STYLE ('',( #3429 ) ) ;
#2800 = CARTESIAN_POINT ( 'NONE',  ( 3.505199999999999871, 1.523999999999999355, 2.625090000000000146 ) ) ;
#2801 = UNCERTAINTY_MEASURE_WITH_UNIT (LENGTH_MEASURE( 1.000000000000000082E-05 ), #2151, 'distance_accuracy_value', 'NONE');
#2802 = ORIENTED_EDGE ( 'NONE', *, *, #4528, .T. ) ;
#2803 = PLANE ( 'NONE',  #6479 ) ;
#2804 = ORIENTED_EDGE ( 'NONE', *, *, #3478, .T. ) ;
#2805 = DIRECTION ( 'NONE',  ( -0.000000000000000000, -0.000000000000000000, 1.000000000000000000 ) ) ;
#2806 = AXIS2_PLACEMENT_3D ( 'NONE', #4092, #3393, #1915 ) ;
#2807 = ORIENTED_EDGE ( 'NONE', *, *, #9292, .F. ) ;
#2808 = ORIENTED_EDGE ( 'NONE', *, *, #6999, .T. ) ;
#2809 = CARTESIAN_POINT ( 'NONE',  ( -11.04476664647999939, 1.397000000000000686, -1.243519130898000924 ) ) ;
#2810 = ORIENTED_EDGE ( 'NONE', *, *, #5951, .T. ) ;
#2811 = PRESENTATION_STYLE_ASSIGNMENT (( #3442 ) ) ;
#2812 = EDGE_CURVE ( 'NONE', #639, #2754, #8233, .T. ) ;
#2813 = AXIS2_PLACEMENT_3D ( 'NONE', #8170, #1180, #9266 ) ;
#2814 = PRESENTATION_LAYER_ASSIGNMENT (  '', '', ( #9428 ) ) ;
#2815 = ORIENTED_EDGE ( 'NONE', *, *, #8436, .T. ) ;
#2816 = DIRECTION ( 'NONE',  ( -1.000000000000000000, 0.000000000000000000, 0.000000000000000000 ) ) ;
#2817 = EDGE_CURVE ( 'NONE', #305, #5392, #861, .T. ) ;
#2818 = ORIENTED_EDGE ( 'NONE', *, *, #2673, .F. ) ;
#2819 = DIRECTION ( 'NONE',  ( 0.000000000000000000, 1.000000000000000000, 0.000000000000000000 ) ) ;
#2820 = EDGE_LOOP ( 'NONE', ( #7632, #414 ) ) ;
#2821 = VECTOR ( 'NONE', #1778, 1000.000000000000000 ) ;
#2822 = CARTESIAN_POINT ( 'NONE',  ( -3.100387500000002738, 1.523999999999999355, -2.625089999999998369 ) ) ;
#2823 = ORIENTED_EDGE ( 'NONE', *, *, #3135, .T. ) ;
#2824 = CARTESIAN_POINT ( 'NONE',  ( -7.059612500000033819, 1.523999999999994026, -2.625089999999998369 ) ) ;
#2825 = CARTESIAN_POINT ( 'NONE',  ( 14.60500000000000043, -2.602085213965210642E-13, -2.539999999999287716 ) ) ;
#2826 = DIRECTION ( 'NONE',  ( 0.000000000000000000, -1.000000000000000000, 0.000000000000000000 ) ) ;
#2827 = ADVANCED_FACE ( 'NONE', ( #5934 ), #5176, .T. ) ;
#2828 = ADVANCED_FACE ( 'NONE', ( #2356 ), #1504, .T. ) ;
#2829 = CARTESIAN_POINT ( 'NONE',  ( -11.45540000000000447, 1.523999999999999355, 1.092200000000001392 ) ) ;
#2830 = AXIS2_PLACEMENT_3D ( 'NONE', #7727, #4071, #2575 ) ;
#2831 = PLANE ( 'NONE',  #6047 ) ;
#2832 = EDGE_CURVE ( 'NONE', #7927, #2759, #1645, .T. ) ;
#2833 = VERTEX_POINT ( 'NONE', #3709 ) ;
#2834 = CARTESIAN_POINT ( 'NONE',  ( -4.540250000000003006, 11.93800000000000061, -2.438400000000001899 ) ) ;
#2835 = EDGE_LOOP ( 'NONE', ( #9085, #398, #6493, #1733 ) ) ;
#2836 = DIRECTION ( 'NONE',  ( 0.000000000000000000, 0.000000000000000000, 1.000000000000000000 ) ) ;
#2837 = EDGE_CURVE ( 'NONE', #3979, #6388, #5121, .T. ) ;
#2838 = AXIS2_PLACEMENT_3D ( 'NONE', #4915, #8748, #3501 ) ;
#2839 = LINE ( 'NONE', #6232, #9026 ) ;
#2840 = DIRECTION ( 'NONE',  ( 1.000000000000000000, -0.000000000000000000, -0.000000000000000000 ) ) ;
#2841 = PLANE ( 'NONE',  #6334 ) ;
#2842 = AXIS2_PLACEMENT_3D ( 'NONE', #2261, #5224, #8096 ) ;
#2843 = DIRECTION ( 'NONE',  ( 0.6428712937138818528, 0.000000000000000000, 0.7659742160925783194 ) ) ;
#2844 = CARTESIAN_POINT ( 'NONE',  ( -4.114800000000001567, -3.175000000000000711, -2.625089999999998369 ) ) ;
#2845 = CLOSED_SHELL ( 'NONE', ( #2263, #125, #7675, #8742 ) ) ;
#2846 = LINE ( 'NONE', #1310, #4933 ) ;
#2847 = ORIENTED_EDGE ( 'NONE', *, *, #3273, .F. ) ;
#2848 = CARTESIAN_POINT ( 'NONE',  ( 9.194800000000002527, -3.175000000000000711, 2.625090000000000146 ) ) ;
#2849 = DIRECTION ( 'NONE',  ( -0.2567226118398023837, -0.9664851269265090083, 0.000000000000000000 ) ) ;
#2850 = ADVANCED_FACE ( 'NONE', ( #7326 ), #6550, .T. ) ;
#2851 = LINE ( 'NONE', #5793, #6523 ) ;
#2852 = CARTESIAN_POINT ( 'NONE',  ( 11.73479999999999990, -3.175000000000000711, 2.625090000000000146 ) ) ;
#2853 = CARTESIAN_POINT ( 'NONE',  ( 11.73479999999999990, 1.523999999999999355, 2.625090000000000146 ) ) ;
#2854 = ORIENTED_EDGE ( 'NONE', *, *, #4083, .F. ) ;
#2855 = LINE ( 'NONE', #3871, #3100 ) ;
#2856 = VERTEX_POINT ( 'NONE', #9488 ) ;
#2857 = DIRECTION ( 'NONE',  ( 0.000000000000000000, -1.000000000000000000, 0.000000000000000000 ) ) ;
#2858 = ORIENTED_EDGE ( 'NONE', *, *, #8772, .T. ) ;
#2859 = AXIS2_PLACEMENT_3D ( 'NONE', #8549, #8638, #9264 ) ;
#2860 = ORIENTED_EDGE ( 'NONE', *, *, #8388, .T. ) ;
#2861 = FACE_OUTER_BOUND ( 'NONE', #2092, .T. ) ;
#2862 = CARTESIAN_POINT ( 'NONE',  ( -11.78560000000000052, 1.523999999999999355, -2.000114891362000602 ) ) ;
#2863 = AXIS2_PLACEMENT_3D ( 'NONE', #1763, #2322, #2375 ) ;
#2864 = EDGE_LOOP ( 'NONE', ( #4398, #3359 ) ) ;
#2865 = DIRECTION ( 'NONE',  ( 0.9664851269265090083, -0.2567226118398023837, -0.000000000000000000 ) ) ;
#2866 = ORIENTED_EDGE ( 'NONE', *, *, #9305, .T. ) ;
#2867 = DIRECTION ( 'NONE',  ( 0.000000000000000000, -1.000000000000000000, 0.000000000000000000 ) ) ;
#2868 = EDGE_CURVE ( 'NONE', #4877, #7272, #3762, .T. ) ;
#2869 = VECTOR ( 'NONE', #9088, 1000.000000000000000 ) ;
#2870 = ORIENTED_EDGE ( 'NONE', *, *, #2553, .F. ) ;
#2871 = CARTESIAN_POINT ( 'NONE',  ( -11.15060000000000429, 1.397000000000000686, -1.373221303654000414 ) ) ;
#2872 = VERTEX_POINT ( 'NONE', #8045 ) ;
#2873 = AXIS2_PLACEMENT_3D ( 'NONE', #1885, #1698, #311 ) ;
#2874 = DIRECTION ( 'NONE',  ( 0.000000000000000000, 0.000000000000000000, -1.000000000000000000 ) ) ;
#2875 = DIRECTION ( 'NONE',  ( -0.9664851269264842504, -0.2567226118398958090, 0.000000000000000000 ) ) ;
#2876 = CARTESIAN_POINT ( 'NONE',  ( 1.574800000000001088, 1.523999999999999355, -2.226310000000000233 ) ) ;
#2877 = MANIFOLD_SOLID_BREP ( 'Split1[11]', #3941 ) ;
#2879 = DIRECTION ( 'NONE',  ( 1.000000000000000000, 0.000000000000000000, 0.000000000000000000 ) ) ;
#2878 = MECHANICAL_DESIGN_GEOMETRIC_PRESENTATION_REPRESENTATION (  '', ( #1658 ), #2257 ) ;
#2880 = CARTESIAN_POINT ( 'NONE',  ( 12.16024999999999778, 11.93800000000000061, 2.438400000000000123 ) ) ;
#2881 =( NAMED_UNIT ( * ) PLANE_ANGLE_UNIT ( ) SI_UNIT ( $, .RADIAN. ) );
#2882 = ORIENTED_EDGE ( 'NONE', *, *, #25, .T. ) ;
#2883 = DIRECTION ( 'NONE',  ( 1.000000000000000000, 0.000000000000000000, 0.000000000000000000 ) ) ;
#2884 = ADVANCED_FACE ( 'NONE', ( #9102 ), #8761, .T. ) ;
#2885 = ORIENTED_EDGE ( 'NONE', *, *, #9363, .F. ) ;
#2886 = FILL_AREA_STYLE ('',( #5256 ) ) ;
#2887 = FACE_OUTER_BOUND ( 'NONE', #8982, .T. ) ;
#2888 = EDGE_CURVE ( 'NONE', #7922, #2343, #5414, .T. ) ;
#2889 = DIRECTION ( 'NONE',  ( 0.000000000000000000, 1.000000000000000000, 0.000000000000000000 ) ) ;
#2890 = LINE ( 'NONE', #7180, #354 ) ;
#2891 = CARTESIAN_POINT ( 'NONE',  ( 3.505199999999999871, 0.000000000000000000, -2.226309999999997125 ) ) ;
#2892 = DIRECTION ( 'NONE',  ( -0.000000000000000000, -1.000000000000000000, -0.000000000000000000 ) ) ;
#2893 = DIRECTION ( 'NONE',  ( 0.000000000000000000, -1.000000000000000000, 0.000000000000000000 ) ) ;
#2894 = ORIENTED_EDGE ( 'NONE', *, *, #3028, .T. ) ;
#2895 = EDGE_CURVE ( 'NONE', #2082, #8413, #5367, .T. ) ;
#2896 = DIRECTION ( 'NONE',  ( -0.000000000000000000, -1.000000000000000000, -0.000000000000000000 ) ) ;
#2897 = LINE ( 'NONE', #4415, #3612 ) ;
#2898 = CARTESIAN_POINT ( 'NONE',  ( -11.04476664648008288, 1.523999999999999355, -1.459689378451903607 ) ) ;
#2899 = DIRECTION ( 'NONE',  ( 0.000000000000000000, -1.000000000000000000, 0.000000000000000000 ) ) ;
#2900 = CARTESIAN_POINT ( 'NONE',  ( 8.585200000000000387, -3.175000000000000711, 0.000000000000000000 ) ) ;
#2901 = VERTEX_POINT ( 'NONE', #8393 ) ;
#2902 = PLANE ( 'NONE',  #6795 ) ;
#2903 = ORIENTED_EDGE ( 'NONE', *, *, #3333, .T. ) ;
#2904 = CARTESIAN_POINT ( 'NONE',  ( -16.00200000000000244, -3.175000000000000711, 0.000000000000000000 ) ) ;
#2905 = ADVANCED_FACE ( 'NONE', ( #7566 ), #959, .T. ) ;
#2906 = ORIENTED_EDGE ( 'NONE', *, *, #651, .F. ) ;
#2907 = MANIFOLD_SOLID_BREP ( 'Split1[17]', #2073 ) ;
#2908 = ORIENTED_EDGE ( 'NONE', *, *, #3061, .T. ) ;
#2909 = LINE ( 'NONE', #5904, #3327 ) ;
#2910 = CARTESIAN_POINT ( 'NONE',  ( -8.180387500000003698, 1.523999999999999355, -2.625089999999998369 ) ) ;
#2911 = ORIENTED_EDGE ( 'NONE', *, *, #5283, .T. ) ;
#2912 = DIRECTION ( 'NONE',  ( -0.000000000000000000, 1.000000000000000000, -0.000000000000000000 ) ) ;
#2913 = EDGE_CURVE ( 'NONE', #7320, #3103, #1744, .T. ) ;
#2914 = ORIENTED_EDGE ( 'NONE', *, *, #1312, .T. ) ;
#2915 = DIRECTION ( 'NONE',  ( -0.9664851269264842504, -0.2567226118398958090, 0.000000000000000000 ) ) ;
#2916 = ORIENTED_EDGE ( 'NONE', *, *, #1178, .F. ) ;
#2917 = DIRECTION ( 'NONE',  ( 1.000000000000000000, -0.000000000000000000, -0.000000000000000000 ) ) ;
#2918 = ORIENTED_EDGE ( 'NONE', *, *, #2120, .F. ) ;
#2919 = VECTOR ( 'NONE', #2790, 1000.000000000000000 ) ;
#2920 = PLANE ( 'NONE',  #9189 ) ;
#2921 = CARTESIAN_POINT ( 'NONE',  ( -15.23999999999999666, 4.572000000000000064, 3.048000000000002263 ) ) ;
#2922 = CARTESIAN_POINT ( 'NONE',  ( -5.640387500000003662, 1.523999999999999355, -2.625089999999998369 ) ) ;
#2923 = FACE_OUTER_BOUND ( 'NONE', #5295, .T. ) ;
#2924 = LINE ( 'NONE', #850, #8735 ) ;
#2925 = PRESENTATION_STYLE_ASSIGNMENT (( #7887 ) ) ;
#2926 = ORIENTED_EDGE ( 'NONE', *, *, #1491, .F. ) ;
#2927 = CARTESIAN_POINT ( 'NONE',  ( -7.080250000000003041, 13.53961048947607893, 0.9905999999999317573 ) ) ;
#2928 = AXIS2_PLACEMENT_3D ( 'NONE', #1528, #8746, #2098 ) ;
#2929 = VERTEX_POINT ( 'NONE', #3963 ) ;
#2930 = EDGE_LOOP ( 'NONE', ( #4086, #2918, #6350, #2613 ) ) ;
#2931 = CARTESIAN_POINT ( 'NONE',  ( -16.00200000000000244, 6.604000000000000092, -3.911600000000003075 ) ) ;
#2932 = DIRECTION ( 'NONE',  ( 0.000000000000000000, 1.000000000000000000, 0.000000000000000000 ) ) ;
#2933 = EDGE_CURVE ( 'NONE', #5576, #9051, #3859, .T. ) ;
#2934 = DIRECTION ( 'NONE',  ( 0.000000000000000000, 0.000000000000000000, -1.000000000000000000 ) ) ;
#2935 = DIRECTION ( 'NONE',  ( -1.000000000000000000, 0.000000000000000000, 0.000000000000000000 ) ) ;
#2936 = DIRECTION ( 'NONE',  ( 0.000000000000000000, 1.000000000000000000, 0.000000000000000000 ) ) ;
#2937 = CARTESIAN_POINT ( 'NONE',  ( -16.00200000000000244, -3.175000000000000711, 0.000000000000000000 ) ) ;
#2938 = EDGE_CURVE ( 'NONE', #8327, #2241, #8441, .T. ) ;
#2939 = SURFACE_STYLE_FILL_AREA ( #8817 ) ;
#2940 = CARTESIAN_POINT ( 'NONE',  ( -7.080250000000003041, 15.49400000000000155, -0.9905999999999994809 ) ) ;
#2941 = VECTOR ( 'NONE', #7066, 1000.000000000000000 ) ;
#2942 = CARTESIAN_POINT ( 'NONE',  ( 3.505199999999999871, 0.000000000000000000, -2.226309999999997125 ) ) ;
#2943 = VECTOR ( 'NONE', #4579, 1000.000000000000000 ) ;
#2944 = EDGE_CURVE ( 'NONE', #4531, #7158, #3131, .T. ) ;
#2945 = EDGE_CURVE ( 'NONE', #5548, #4855, #259, .T. ) ;
#2946 = CARTESIAN_POINT ( 'NONE',  ( -15.49400000000000155, 15.49400000000000155, -2.514600000000000612 ) ) ;
#2947 = DIRECTION ( 'NONE',  ( 0.000000000000000000, -1.000000000000000000, 0.000000000000000000 ) ) ;
#2948 = ORIENTED_EDGE ( 'NONE', *, *, #2747, .F. ) ;
#2950 = LINE ( 'NONE', #4515, #488 ) ;
#2949 = VECTOR ( 'NONE', #6121, 1000.000000000000114 ) ;
#2951 = VERTEX_POINT ( 'NONE', #7169 ) ;
#2952 = DIRECTION ( 'NONE',  ( 0.000000000000000000, 1.000000000000000000, 0.000000000000000000 ) ) ;
#2953 = ORIENTED_EDGE ( 'NONE', *, *, #7678, .T. ) ;
#2954 = AXIS2_PLACEMENT_3D ( 'NONE', #902, #6161, #4542 ) ;
#2955 = MANIFOLD_SOLID_BREP ( 'Split2[16]', #8083 ) ;
#2956 = ORIENTED_EDGE ( 'NONE', *, *, #7752, .T. ) ;
#2957 = DIRECTION ( 'NONE',  ( -0.000000000000000000, -1.000000000000000000, -0.000000000000000000 ) ) ;
#2958 = ADVANCED_FACE ( 'NONE', ( #4296 ), #3550, .T. ) ;
#2959 = VECTOR ( 'NONE', #4105, 1000.000000000000000 ) ;
#2960 = SURFACE_STYLE_USAGE ( .BOTH. , #4376 ) ;
#2961 = AXIS2_PLACEMENT_3D ( 'NONE', #5243, #3942, #5395 ) ;
#2962 = ORIENTED_EDGE ( 'NONE', *, *, #7167, .T. ) ;
#2963 = ORIENTED_EDGE ( 'NONE', *, *, #4334, .F. ) ;
#2964 = CARTESIAN_POINT ( 'NONE',  ( -11.73480000000000345, 1.523999999999999355, -2.226310000000000233 ) ) ;
#2965 = ORIENTED_EDGE ( 'NONE', *, *, #1543, .T. ) ;
#2966 = CARTESIAN_POINT ( 'NONE',  ( 6.045200000000000351, -3.175000000000000711, -2.226310000000000233 ) ) ;
#2967 = VERTEX_POINT ( 'NONE', #613 ) ;
#2968 = CARTESIAN_POINT ( 'NONE',  ( 1.574800000000001088, -3.175000000000000711, -2.625089999999998369 ) ) ;
#2969 = ORIENTED_EDGE ( 'NONE', *, *, #1722, .T. ) ;
#2970 = AXIS2_PLACEMENT_3D ( 'NONE', #7595, #8267, #789 ) ;
#2971 = FACE_OUTER_BOUND ( 'NONE', #2696, .T. ) ;
#2972 = PLANE ( 'NONE',  #6353 ) ;
#2973 = EDGE_CURVE ( 'NONE', #2399, #290, #4140, .T. ) ;
#2974 = PLANE ( 'NONE',  #3250 ) ;
#2975 = DIRECTION ( 'NONE',  ( 0.000000000000000000, 0.9396926207858973257, -0.3420201433256990220 ) ) ;
#2976 = STYLED_ITEM ( 'NONE', ( #3236 ), #9182 ) ;
#2977 = ORIENTED_EDGE ( 'NONE', *, *, #9074, .T. ) ;
#2978 = FACE_OUTER_BOUND ( 'NONE', #9135, .T. ) ;
#2979 = VECTOR ( 'NONE', #5760, 1000.000000000000000 ) ;
#2980 = ORIENTED_EDGE ( 'NONE', *, *, #7313, .T. ) ;
#2981 = DIRECTION ( 'NONE',  ( 0.000000000000000000, -1.000000000000000000, 0.000000000000000000 ) ) ;
#2982 = VERTEX_POINT ( 'NONE', #3457 ) ;
#2983 = DIRECTION ( 'NONE',  ( 0.2567226118398510670, -0.9664851269264960187, -0.000000000000000000 ) ) ;
#2984 = VECTOR ( 'NONE', #491, 1000.000000000000000 ) ;
#2985 = AXIS2_PLACEMENT_3D ( 'NONE', #8770, #69, #8150 ) ;
#2986 = CARTESIAN_POINT ( 'NONE',  ( -0.5397499999999986198, 15.49400000000000155, 0.000000000000000000 ) ) ;
#2987 = LINE ( 'NONE', #8861, #8194 ) ;
#2988 = DIRECTION ( 'NONE',  ( -1.000000000000000000, 0.000000000000000000, 0.000000000000000000 ) ) ;
#2989 = DIRECTION ( 'NONE',  ( -1.000000000000000000, 0.000000000000000000, 0.000000000000000000 ) ) ;
#2990 = CARTESIAN_POINT ( 'NONE',  ( 6.654799999999995386, 1.523999999999999355, 2.625090000000000146 ) ) ;
#2991 = CIRCLE ( 'NONE', #6683, 2.158999999999999364 ) ;
#2992 = DIRECTION ( 'NONE',  ( 0.6684399804372965770, 0.000000000000000000, -0.7437660872565962089 ) ) ;
#2993 = ADVANCED_FACE ( 'NONE', ( #6392 ), #2831, .T. ) ;
#2994 = PLANE ( 'NONE',  #4082 ) ;
#2995 = DIRECTION ( 'NONE',  ( 0.000000000000000000, 1.000000000000000000, 0.000000000000000000 ) ) ;
#2996 = AXIS2_PLACEMENT_3D ( 'NONE', #1607, #4566, #7476 ) ;
#2997 = CLOSED_SHELL ( 'NONE', ( #7670, #8447, #809, #2607, #7029, #6463, #7486, #2302 ) ) ;
#2998 = DIRECTION ( 'NONE',  ( -0.2567226118398958090, -0.9664851269264842504, 0.000000000000000000 ) ) ;
#2999 = LINE ( 'NONE', #2853, #1495 ) ;
#3000 = PLANE ( 'NONE',  #2639 ) ;
#3001 = VERTEX_POINT ( 'NONE', #8519 ) ;
#3002 = DIRECTION ( 'NONE',  ( -1.000000000000000000, -0.000000000000000000, -0.000000000000000000 ) ) ;
#3003 = EDGE_LOOP ( 'NONE', ( #7748, #7252, #5492, #7979 ) ) ;
#3004 = EDGE_CURVE ( 'NONE', #1173, #6609, #8608, .T. ) ;
#3005 = CLOSED_SHELL ( 'NONE', ( #8900, #4899, #8377, #927 ) ) ;
#3006 = ADVANCED_FACE ( 'NONE', ( #5776 ), #472, .T. ) ;
#3007 = ORIENTED_EDGE ( 'NONE', *, *, #1657, .F. ) ;
#3008 = DIRECTION ( 'NONE',  ( -0.000000000000000000, -0.000000000000000000, 1.000000000000000000 ) ) ;
#3009 = CARTESIAN_POINT ( 'NONE',  ( 11.12520000000000131, -3.175000000000000711, -2.226310000000000233 ) ) ;
#3010 = EDGE_CURVE ( 'NONE', #3074, #4474, #8657, .T. ) ;
#3011 = ORIENTED_EDGE ( 'NONE', *, *, #5486, .F. ) ;
#3012 = ORIENTED_EDGE ( 'NONE', *, *, #9131, .F. ) ;
#3013 = DIRECTION ( 'NONE',  ( -1.000000000000000000, 0.000000000000000000, 0.000000000000000000 ) ) ;
#3014 = ORIENTED_EDGE ( 'NONE', *, *, #377, .T. ) ;
#3015 = CARTESIAN_POINT ( 'NONE',  ( 13.84300000000000175, 4.572000000000000064, 3.810000000000000941 ) ) ;
#3016 = EDGE_CURVE ( 'NONE', #5203, #40, #2660, .T. ) ;
#3017 = VERTEX_POINT ( 'NONE', #7758 ) ;
#3018 = CARTESIAN_POINT ( 'NONE',  ( 5.619749999999999801, 13.53961048947607893, 0.9905999999999317573 ) ) ;
#3019 = VERTEX_POINT ( 'NONE', #1924 ) ;
#3020 = CARTESIAN_POINT ( 'NONE',  ( 8.180387499999996592, 1.523999999999999355, 2.625090000000000146 ) ) ;
#3021 = FACE_OUTER_BOUND ( 'NONE', #2820, .T. ) ;
#3022 = LINE ( 'NONE', #3896, #5264 ) ;
#3023 = DIRECTION ( 'NONE',  ( 0.000000000000000000, 1.000000000000000000, 0.000000000000000000 ) ) ;
#3024 = FILL_AREA_STYLE_COLOUR ( '', #2726 ) ;
#3025 = ORIENTED_EDGE ( 'NONE', *, *, #7253, .T. ) ;
#3026 = VECTOR ( 'NONE', #4707, 1000.000000000000000 ) ;
#3027 = LINE ( 'NONE', #6779, #7871 ) ;
#3028 = EDGE_CURVE ( 'NONE', #9263, #9174, #2010, .T. ) ;
#3029 = VERTEX_POINT ( 'NONE', #1151 ) ;
#3030 = CARTESIAN_POINT ( 'NONE',  ( -4.114800000000001567, -3.175000000000000711, -2.226310000000000233 ) ) ;
#3031 = EDGE_LOOP ( 'NONE', ( #4134, #4325, #1298, #749 ) ) ;
#3032 = CARTESIAN_POINT ( 'NONE',  ( -9.620250000000003965, 10.33638951052392230, -0.9905999999999335337 ) ) ;
#3033 =( GEOMETRIC_REPRESENTATION_CONTEXT ( 3 ) GLOBAL_UNCERTAINTY_ASSIGNED_CONTEXT ( ( #8440 ) ) GLOBAL_UNIT_ASSIGNED_CONTEXT ( ( #8609, #2736, #8520 ) ) REPRESENTATION_CONTEXT ( 'NONE', 'WORKASPACE' ) );
#3034 = DIRECTION ( 'NONE',  ( 0.000000000000000000, 1.000000000000000000, 0.000000000000000000 ) ) ;
#3035 = AXIS2_PLACEMENT_3D ( 'NONE', #9493, #5032, #8623 ) ;
#3036 = DIRECTION ( 'NONE',  ( 0.000000000000000000, 1.000000000000000000, 0.000000000000000000 ) ) ;
#3037 = DIRECTION ( 'NONE',  ( 0.000000000000000000, 0.000000000000000000, 1.000000000000000000 ) ) ;
#3038 = DIRECTION ( 'NONE',  ( -1.000000000000000000, 0.000000000000000000, 0.000000000000000000 ) ) ;
#3039 =( GEOMETRIC_REPRESENTATION_CONTEXT ( 3 ) GLOBAL_UNCERTAINTY_ASSIGNED_CONTEXT ( ( #2556 ) ) GLOBAL_UNIT_ASSIGNED_CONTEXT ( ( #2547, #6385, #696 ) ) REPRESENTATION_CONTEXT ( 'NONE', 'WORKASPACE' ) );
#3040 = PRESENTATION_STYLE_ASSIGNMENT (( #6028 ) ) ;
#3041 = CYLINDRICAL_SURFACE ( 'NONE', #8073, 2.158999999999999364 ) ;
#3042 = PLANE ( 'NONE',  #1741 ) ;
#3043 = LINE ( 'NONE', #2127, #1766 ) ;
#3044 = VECTOR ( 'NONE', #5543, 1000.000000000000114 ) ;
#3045 = DIRECTION ( 'NONE',  ( 0.000000000000000000, -1.000000000000000000, 0.000000000000000000 ) ) ;
#3046 = DIRECTION ( 'NONE',  ( 0.000000000000000000, 1.000000000000000000, 0.000000000000000000 ) ) ;
#3047 = DIRECTION ( 'NONE',  ( -1.000000000000000000, 0.000000000000000000, 0.000000000000000000 ) ) ;
#3048 = STYLED_ITEM ( 'NONE', ( #1802 ), #1119 ) ;
#3049 = CARTESIAN_POINT ( 'NONE',  ( 10.69975000000000165, 13.53961048947610912, 0.9905999999999665073 ) ) ;
#3050 = ORIENTED_EDGE ( 'NONE', *, *, #9408, .T. ) ;
#3051 = ORIENTED_EDGE ( 'NONE', *, *, #9246, .F. ) ;
#3052 = ORIENTED_EDGE ( 'NONE', *, *, #5141, .F. ) ;
#3053 = DIRECTION ( 'NONE',  ( -0.000000000000000000, -1.000000000000000000, -0.000000000000000000 ) ) ;
#3054 = FACE_OUTER_BOUND ( 'NONE', #3147, .T. ) ;
#3055 = ADVANCED_FACE ( 'NONE', ( #7886 ), #1292, .T. ) ;
#3056 = VERTEX_POINT ( 'NONE', #2059 ) ;
#3057 = VERTEX_POINT ( 'NONE', #5014 ) ;
#3058 = FILL_AREA_STYLE_COLOUR ( '', #9106 ) ;
#3059 = ORIENTED_EDGE ( 'NONE', *, *, #4528, .F. ) ;
#3060 = CARTESIAN_POINT ( 'NONE',  ( 3.100387499999995633, 1.523999999999999355, 2.625090000000000146 ) ) ;
#3061 = EDGE_CURVE ( 'NONE', #2399, #8950, #7936, .T. ) ;
#3062 = ORIENTED_EDGE ( 'NONE', *, *, #8216, .F. ) ;
#3063 = LINE ( 'NONE', #7547, #4736 ) ;
#3064 = ORIENTED_EDGE ( 'NONE', *, *, #1029, .F. ) ;
#3065 = LINE ( 'NONE', #6006, #1502 ) ;
#3066 = PLANE ( 'NONE',  #6211 ) ;
#3067 = LINE ( 'NONE', #2922, #4216 ) ;
#3068 = LINE ( 'NONE', #5251, #1093 ) ;
#3069 = ADVANCED_FACE ( 'NONE', ( #5252 ), #5866, .T. ) ;
#3070 = EDGE_CURVE ( 'NONE', #6544, #6181, #8086, .T. ) ;
#3071 = DIRECTION ( 'NONE',  ( -0.000000000000000000, -0.000000000000000000, 1.000000000000000000 ) ) ;
#3072 = ORIENTED_EDGE ( 'NONE', *, *, #9365, .T. ) ;
#3073 = CARTESIAN_POINT ( 'NONE',  ( -11.44693332324000323, 1.523999999999999355, -1.200285093497998057 ) ) ;
#3074 = VERTEX_POINT ( 'NONE', #8175 ) ;
#3075 =( LENGTH_UNIT ( ) NAMED_UNIT ( * ) SI_UNIT ( .MILLI., .METRE. ) );
#3076 = ORIENTED_EDGE ( 'NONE', *, *, #8149, .F. ) ;
#3077 = DIRECTION ( 'NONE',  ( 0.000000000000000000, 1.000000000000000000, 0.000000000000000000 ) ) ;
#3078 = DIRECTION ( 'NONE',  ( -1.000000000000000000, 0.000000000000000000, 0.000000000000000000 ) ) ;
#3079 =( BOUNDED_CURVE ( )  B_SPLINE_CURVE ( 3, ( #5089, #547, #5662, #9453 ),
 .UNSPECIFIED., .F., .F. ) 
 B_SPLINE_CURVE_WITH_KNOTS ( ( 4, 4 ),
 ( 4.712388980384689674, 6.283185307179586232 ),
 .UNSPECIFIED. ) 
 CURVE ( )  GEOMETRIC_REPRESENTATION_ITEM ( )  RATIONAL_B_SPLINE_CURVE ( ( 1.000000000000000000, 0.8047378541243649375, 0.8047378541243649375, 1.000000000000000000 ) ) 
 REPRESENTATION_ITEM ( '' )  );
#3080 = SURFACE_STYLE_FILL_AREA ( #4648 ) ;
#3081 = DIRECTION ( 'NONE',  ( -1.000000000000000000, -0.000000000000000000, -0.000000000000000000 ) ) ;
#3082 = DIRECTION ( 'NONE',  ( 0.000000000000000000, 1.000000000000000000, 0.000000000000000000 ) ) ;
#3083 = DIRECTION ( 'NONE',  ( 0.000000000000000000, 1.000000000000000000, 0.000000000000000000 ) ) ;
#3084 = PLANE ( 'NONE',  #3337 ) ;
#3085 = LINE ( 'NONE', #4702, #1617 ) ;
#3086 = LINE ( 'NONE', #6031, #9116 ) ;
#3087 = LINE ( 'NONE', #8969, #2537 ) ;
#3088 = EDGE_CURVE ( 'NONE', #5639, #6162, #2924, .T. ) ;
#3089 = DIRECTION ( 'NONE',  ( 0.000000000000000000, 1.000000000000000000, 0.000000000000000000 ) ) ;
#3090 = CARTESIAN_POINT ( 'NONE',  ( 6.045199999999972817, -6.938893903907228378E-15, 2.226310000000002010 ) ) ;
#3091 = FACE_OUTER_BOUND ( 'NONE', #6220, .T. ) ;
#3092 = DIRECTION ( 'NONE',  ( 0.2567226118398505119, -0.9664851269264961298, -0.000000000000000000 ) ) ;
#3093 = ORIENTED_EDGE ( 'NONE', *, *, #5983, .F. ) ;
#3094 = ORIENTED_EDGE ( 'NONE', *, *, #7312, .F. ) ;
#3095 = AXIS2_PLACEMENT_3D ( 'NONE', #396, #3365, #4785 ) ;
#3096 =( GEOMETRIC_REPRESENTATION_CONTEXT ( 3 ) GLOBAL_UNCERTAINTY_ASSIGNED_CONTEXT ( ( #8683 ) ) GLOBAL_UNIT_ASSIGNED_CONTEXT ( ( #1639, #7512, #9096 ) ) REPRESENTATION_CONTEXT ( 'NONE', 'WORKASPACE' ) );
#3097 = CARTESIAN_POINT ( 'NONE',  ( -16.00200000000000244, 6.595969447502000982, 3.911600000000001298 ) ) ;
#3098 = LINE ( 'NONE', #8308, #6256 ) ;
#3099 = LINE ( 'NONE', #7638, #3759 ) ;
#3100 = VECTOR ( 'NONE', #8153, 1000.000000000000000 ) ;
#3101 = VECTOR ( 'NONE', #4406, 1000.000000000000000 ) ;
#3102 = ORIENTED_EDGE ( 'NONE', *, *, #4739, .F. ) ;
#3103 = VERTEX_POINT ( 'NONE', #1493 ) ;
#3104 = SURFACE_STYLE_USAGE ( .BOTH. , #3157 ) ;
#3105 =( GEOMETRIC_REPRESENTATION_CONTEXT ( 3 ) GLOBAL_UNCERTAINTY_ASSIGNED_CONTEXT ( ( #7757 ) ) GLOBAL_UNIT_ASSIGNED_CONTEXT ( ( #3495, #1332, #9410 ) ) REPRESENTATION_CONTEXT ( 'NONE', 'WORKASPACE' ) );
#3106 = ORIENTED_EDGE ( 'NONE', *, *, #4506, .T. ) ;
#3107 = CARTESIAN_POINT ( 'NONE',  ( -13.84300000000000175, 0.000000000000000000, 3.810000000000000941 ) ) ;
#3108 = VECTOR ( 'NONE', #1114, 1000.000000000000000 ) ;
#3109 = VERTEX_POINT ( 'NONE', #7400 ) ;
#3110 = DIRECTION ( 'NONE',  ( 0.000000000000000000, 1.000000000000000000, 0.000000000000000000 ) ) ;
#3111 = ORIENTED_EDGE ( 'NONE', *, *, #3835, .F. ) ;
#3112 = EDGE_CURVE ( 'NONE', #8473, #7403, #4539, .T. ) ;
#3113 = CARTESIAN_POINT ( 'NONE',  ( 14.60500000000000043, 0.000000000000000000, 2.540000000000000480 ) ) ;
#3114 = DIRECTION ( 'NONE',  ( 0.4397136649637224948, 0.000000000000000000, 0.8981380143631442214 ) ) ;
#3115 = VECTOR ( 'NONE', #2013, 1000.000000000000000 ) ;
#3116 = DIRECTION ( 'NONE',  ( 1.000000000000000000, 0.000000000000000000, 0.000000000000000000 ) ) ;
#3117 = VERTEX_POINT ( 'NONE', #100 ) ;
#3118 = LINE ( 'NONE', #194, #295 ) ;
#3119 = SURFACE_STYLE_USAGE ( .BOTH. , #3750 ) ;
#3120 = VERTEX_POINT ( 'NONE', #3797 ) ;
#3121 = CARTESIAN_POINT ( 'NONE',  ( -6.654799999999974958, 6.938893903907228378E-15, 2.226310000000002010 ) ) ;
#3122 = VECTOR ( 'NONE', #6386, 1000.000000000000000 ) ;
#3123 = VERTEX_POINT ( 'NONE', #5971 ) ;
#3124 = ADVANCED_FACE ( 'NONE', ( #3697 ), #6731, .F. ) ;
#3125 = LINE ( 'NONE', #5117, #7452 ) ;
#3126 = EDGE_CURVE ( 'NONE', #7389, #1992, #1442, .T. ) ;
#3127 = LINE ( 'NONE', #4549, #8491 ) ;
#3128 = VECTOR ( 'NONE', #2054, 1000.000000000000000 ) ;
#3129 = ADVANCED_FACE ( 'NONE', ( #753 ), #8033, .F. ) ;
#3130 = PRESENTATION_STYLE_ASSIGNMENT (( #208 ) ) ;
#3131 = LINE ( 'NONE', #4649, #4524 ) ;
#3132 = PLANE ( 'NONE',  #6268 ) ;
#3133 = VERTEX_POINT ( 'NONE', #2154 ) ;
#3134 = LINE ( 'NONE', #2307, #5373 ) ;
#3135 = EDGE_CURVE ( 'NONE', #305, #3944, #3606, .T. ) ;
#3136 =( NAMED_UNIT ( * ) PLANE_ANGLE_UNIT ( ) SI_UNIT ( $, .RADIAN. ) );
#3137 = CARTESIAN_POINT ( 'NONE',  ( 12.13961250000000014, 1.523999999999999355, -2.625089999999998369 ) ) ;
#3138 = VECTOR ( 'NONE', #3260, 1000.000000000000000 ) ;
#3139 = DIRECTION ( 'NONE',  ( -0.000000000000000000, -0.000000000000000000, 1.000000000000000000 ) ) ;
#3140 = CARTESIAN_POINT ( 'NONE',  ( 7.080249999999995936, 15.49400000000000155, -0.9905999999999994809 ) ) ;
#3141 = SURFACE_STYLE_FILL_AREA ( #2313 ) ;
#3142 = LINE ( 'NONE', #7377, #8069 ) ;
#3143 = DIRECTION ( 'NONE',  ( 0.000000000000000000, 1.000000000000000000, 0.000000000000000000 ) ) ;
#3144 = CARTESIAN_POINT ( 'NONE',  ( -12.70000000000000284, 6.604000000000000092, -3.810000000000002718 ) ) ;
#3145 = AXIS2_PLACEMENT_3D ( 'NONE', #2477, #3293, #9029 ) ;
#3146 = ORIENTED_EDGE ( 'NONE', *, *, #2945, .F. ) ;
#3147 = EDGE_LOOP ( 'NONE', ( #2965, #2669, #3862, #3638 ) ) ;
#3148 = EDGE_CURVE ( 'NONE', #9509, #2929, #2248, .T. ) ;
#3149 = DIRECTION ( 'NONE',  ( 1.000000000000000000, -0.000000000000000000, -0.000000000000000000 ) ) ;
#3150 = DIRECTION ( 'NONE',  ( 0.000000000000000000, 1.000000000000000000, 0.000000000000000000 ) ) ;
#3151 = VECTOR ( 'NONE', #5231, 1000.000000000000000 ) ;
#3152 = AXIS2_PLACEMENT_3D ( 'NONE', #9370, #7261, #9323 ) ;
#3153 = FACE_OUTER_BOUND ( 'NONE', #5115, .T. ) ;
#3154 = ORIENTED_EDGE ( 'NONE', *, *, #5657, .T. ) ;
#3155 = ORIENTED_EDGE ( 'NONE', *, *, #7828, .T. ) ;
#3156 = AXIS2_PLACEMENT_3D ( 'NONE', #2071, #9436, #2843 ) ;
#3157 = SURFACE_SIDE_STYLE ('',( #8840 ) ) ;
#3158 = EDGE_LOOP ( 'NONE', ( #447, #6092 ) ) ;
#3159 = CARTESIAN_POINT ( 'NONE',  ( -8.585200000000000387, 1.734723475976807094E-15, 2.625090000000000146 ) ) ;
#3160 = ORIENTED_EDGE ( 'NONE', *, *, #140, .T. ) ;
#3161 = LINE ( 'NONE', #6105, #1938 ) ;
#3162 = EDGE_LOOP ( 'NONE', ( #7723, #9522 ) ) ;
#3163 = CARTESIAN_POINT ( 'NONE',  ( -8.180387500000003698, 1.523999999999999355, -2.226309999999997125 ) ) ;
#3164 = CARTESIAN_POINT ( 'NONE',  ( -11.55276666162000154, 1.397000000000000686, -1.221902112197999601 ) ) ;
#3165 = SURFACE_STYLE_FILL_AREA ( #2590 ) ;
#3166 = CARTESIAN_POINT ( 'NONE',  ( -9.599612499999924609, 1.524000000000009791, -2.226309999999997125 ) ) ;
#3167 = ORIENTED_EDGE ( 'NONE', *, *, #5602, .F. ) ;
#3168 = DIRECTION ( 'NONE',  ( -1.000000000000000000, 0.000000000000000000, 0.000000000000000000 ) ) ;
#3169 = EDGE_CURVE ( 'NONE', #1947, #4274, #7314, .T. ) ;
#3170 = FACE_OUTER_BOUND ( 'NONE', #6278, .T. ) ;
#3171 = ORIENTED_EDGE ( 'NONE', *, *, #1956, .T. ) ;
#3172 = DIRECTION ( 'NONE',  ( -0.9797707055361106754, 0.000000000000000000, 0.2001233733807021575 ) ) ;
#3173 = ORIENTED_EDGE ( 'NONE', *, *, #5003, .T. ) ;
#3174 = PLANE ( 'NONE',  #6322 ) ;
#3175 = AXIS2_PLACEMENT_3D ( 'NONE', #8737, #780, #2138 ) ;
#3176 = EDGE_LOOP ( 'NONE', ( #6516, #5712, #674, #6257 ) ) ;
#3177 = DIRECTION ( 'NONE',  ( 0.000000000000000000, 1.000000000000000000, 0.000000000000000000 ) ) ;
#3178 = CARTESIAN_POINT ( 'NONE',  ( -12.13961250000000014, 1.523999999999999355, 2.625090000000000146 ) ) ;
#3179 = AXIS2_PLACEMENT_3D ( 'NONE', #3828, #6757, #3150 ) ;
#3180 = SURFACE_SIDE_STYLE ('',( #6595 ) ) ;
#3181 = CARTESIAN_POINT ( 'NONE',  ( -11.21410000000000551, 1.397000000000000686, -1.113817018699997830 ) ) ;
#3182 = ORIENTED_EDGE ( 'NONE', *, *, #7076, .T. ) ;
#3183 = PLANE ( 'NONE',  #8173 ) ;
#3184 = ADVANCED_FACE ( 'NONE', ( #660 ), #7266, .F. ) ;
#3185 = CARTESIAN_POINT ( 'NONE',  ( -6.045200000000000351, 1.734723475976807094E-15, 2.625090000000000146 ) ) ;
#3186 = LINE ( 'NONE', #7712, #4891 ) ;
#3187 = EDGE_CURVE ( 'NONE', #6323, #1152, #3749, .T. ) ;
#3188 = AXIS2_PLACEMENT_3D ( 'NONE', #5692, #6358, #5522 ) ;
#3189 = CARTESIAN_POINT ( 'NONE',  ( -3.079749999999999321, 15.49400000000000155, 0.000000000000000000 ) ) ;
#3190 = FACE_OUTER_BOUND ( 'NONE', #185, .T. ) ;
#3191 =( GEOMETRIC_REPRESENTATION_CONTEXT ( 3 ) GLOBAL_UNCERTAINTY_ASSIGNED_CONTEXT ( ( #3382 ) ) GLOBAL_UNIT_ASSIGNED_CONTEXT ( ( #1156, #3136, #2515 ) ) REPRESENTATION_CONTEXT ( 'NONE', 'WORKASPACE' ) );
#3192 = LINE ( 'NONE', #7576, #9150 ) ;
#3193 = FACE_OUTER_BOUND ( 'NONE', #5758, .T. ) ;
#3194 = CARTESIAN_POINT ( 'NONE',  ( -1.979612500000005326, 1.523999999999999355, 2.625090000000000146 ) ) ;
#3195 = CARTESIAN_POINT ( 'NONE',  ( 8.585199999999973741, -6.938893903907228378E-15, 2.226310000000002010 ) ) ;
#3196 = MECHANICAL_DESIGN_GEOMETRIC_PRESENTATION_REPRESENTATION (  '', ( #7345 ), #3033 ) ;
#3197 = EDGE_CURVE ( 'NONE', #8754, #7620, #8576, .T. ) ;
#3198 = CARTESIAN_POINT ( 'NONE',  ( -11.55276666162000154, 1.523999999999999355, -1.221902112197999601 ) ) ;
#3199 = EDGE_CURVE ( 'NONE', #3117, #2483, #6684, .T. ) ;
#3200 = EDGE_LOOP ( 'NONE', ( #3685, #5798, #7918, #3643 ) ) ;
#3201 = ORIENTED_EDGE ( 'NONE', *, *, #1362, .T. ) ;
#3202 = DIRECTION ( 'NONE',  ( -1.000000000000000000, 0.000000000000000000, 0.000000000000000000 ) ) ;
#3203 = DIRECTION ( 'NONE',  ( 0.000000000000000000, 0.000000000000000000, -1.000000000000000000 ) ) ;
#3204 = VECTOR ( 'NONE', #7219, 1000.000000000000000 ) ;
#3205 = DIRECTION ( 'NONE',  ( 0.2377713591533101856, 0.000000000000000000, 0.9713211522284416199 ) ) ;
#3206 = ORIENTED_EDGE ( 'NONE', *, *, #9297, .F. ) ;
#3207 = ORIENTED_EDGE ( 'NONE', *, *, #2206, .F. ) ;
#3208 = LINE ( 'NONE', #1769, #5874 ) ;
#3209 = ORIENTED_EDGE ( 'NONE', *, *, #705, .F. ) ;
#3210 = DIRECTION ( 'NONE',  ( 0.2567226118398505119, -0.9664851269264961298, -0.000000000000000000 ) ) ;
#3211 = EDGE_LOOP ( 'NONE', ( #4385, #1868, #5563, #321 ) ) ;
#3212 = DIRECTION ( 'NONE',  ( -0.9797707111493118015, 0.000000000000000000, -0.2001233458994023939 ) ) ;
#3213 = VERTEX_POINT ( 'NONE', #5109 ) ;
#3214 = ADVANCED_FACE ( 'NONE', ( #708 ), #3653, .F. ) ;
#3215 = PLANE ( 'NONE',  #4837 ) ;
#3216 = DIRECTION ( 'NONE',  ( -1.000000000000000000, 0.000000000000000000, 0.000000000000000000 ) ) ;
#3217 = EDGE_CURVE ( 'NONE', #8557, #3434, #3996, .T. ) ;
#3218 = DIRECTION ( 'NONE',  ( 0.000000000000000000, 1.000000000000000000, 0.000000000000000000 ) ) ;
#3219 = ORIENTED_EDGE ( 'NONE', *, *, #5956, .F. ) ;
#3220 = FACE_OUTER_BOUND ( 'NONE', #4992, .T. ) ;
#3221 = ORIENTED_EDGE ( 'NONE', *, *, #307, .F. ) ;
#3222 = LINE ( 'NONE', #3801, #5889 ) ;
#3223 = ORIENTED_EDGE ( 'NONE', *, *, #1186, .T. ) ;
#3224 = FACE_OUTER_BOUND ( 'NONE', #8828, .T. ) ;
#3225 = ORIENTED_EDGE ( 'NONE', *, *, #2405, .F. ) ;
#3226 = DIRECTION ( 'NONE',  ( -1.000000000000000000, 0.000000000000000000, -0.000000000000000000 ) ) ;
#3227 = CARTESIAN_POINT ( 'NONE',  ( 15.49400000000000688, 15.49400000000000155, -1.621861469056595340 ) ) ;
#3228 = CARTESIAN_POINT ( 'NONE',  ( 16.00199999999999889, 6.604000000000000092, 0.000000000000000000 ) ) ;
#3229 = ORIENTED_EDGE ( 'NONE', *, *, #4442, .F. ) ;
#3230 = DIRECTION ( 'NONE',  ( 0.000000000000000000, 0.000000000000000000, 1.000000000000000000 ) ) ;
#3231 = FILL_AREA_STYLE_COLOUR ( '', #6117 ) ;
#3232 = LINE ( 'NONE', #4655, #6846 ) ;
#3233 = ADVANCED_FACE ( 'NONE', ( #246 ), #1001, .F. ) ;
#3234 = DIRECTION ( 'NONE',  ( 0.000000000000000000, 0.000000000000000000, 1.000000000000000000 ) ) ;
#3235 = DIRECTION ( 'NONE',  ( 0.000000000000000000, 1.000000000000000000, 0.000000000000000000 ) ) ;
#3236 = PRESENTATION_STYLE_ASSIGNMENT (( #3819 ) ) ;
#3237 = LINE ( 'NONE', #1891, #8529 ) ;
#3238 = LINE ( 'NONE', #6901, #9179 ) ;
#3239 = EDGE_CURVE ( 'NONE', #4760, #8903, #8998, .T. ) ;
#3240 = DIRECTION ( 'NONE',  ( 1.000000000000000000, 0.000000000000000000, 0.000000000000000000 ) ) ;
#3241 = ORIENTED_EDGE ( 'NONE', *, *, #7827, .T. ) ;
#3242 = ORIENTED_EDGE ( 'NONE', *, *, #9195, .F. ) ;
#3243 = ORIENTED_EDGE ( 'NONE', *, *, #4984, .F. ) ;
#3244 = CARTESIAN_POINT ( 'NONE',  ( -9.194800000000002527, 1.523999999999999355, 2.226310000000002010 ) ) ;
#3245 = EDGE_CURVE ( 'NONE', #1832, #6609, #6113, .T. ) ;
#3246 = ADVANCED_FACE ( 'NONE', ( #3220 ), #7605, .T. ) ;
#3247 = LINE ( 'NONE', #4024, #8067 ) ;
#3248 = ADVANCED_FACE ( 'NONE', ( #6826 ), #5454, .T. ) ;
#3249 = ORIENTED_EDGE ( 'NONE', *, *, #5958, .T. ) ;
#3250 = AXIS2_PLACEMENT_3D ( 'NONE', #8851, #4488, #1582 ) ;
#3251 = ORIENTED_EDGE ( 'NONE', *, *, #3625, .T. ) ;
#3252 = DIRECTION ( 'NONE',  ( -0.000000000000000000, -1.000000000000000000, -0.000000000000000000 ) ) ;
#3253 = ORIENTED_EDGE ( 'NONE', *, *, #3955, .T. ) ;
#3254 = CARTESIAN_POINT ( 'NONE',  ( 12.69999999999999929, 1.523999999999999355, 3.810000000000000941 ) ) ;
#3255 = ADVANCED_FACE ( 'NONE', ( #339 ), #1683, .T. ) ;
#3256 = EDGE_LOOP ( 'NONE', ( #2134, #7596, #7135, #5719, #7298, #7021 ) ) ;
#3257 = PLANE ( 'NONE',  #1489 ) ;
#3258 = VERTEX_POINT ( 'NONE', #5354 ) ;
#3259 = AXIS2_PLACEMENT_3D ( 'NONE', #4393, #612, #6582 ) ;
#3260 = DIRECTION ( 'NONE',  ( -1.000000000000000000, -0.000000000000000000, -0.000000000000000000 ) ) ;
#3261 = VECTOR ( 'NONE', #3252, 1000.000000000000000 ) ;
#3262 = CARTESIAN_POINT ( 'NONE',  ( -11.57393333838000693, 1.397000000000000686, -1.113817018699997830 ) ) ;
#3263 = ORIENTED_EDGE ( 'NONE', *, *, #6317, .T. ) ;
#3264 = LINE ( 'NONE', #6062, #7201 ) ;
#3265 = FILL_AREA_STYLE ('',( #4867 ) ) ;
#3266 = ORIENTED_EDGE ( 'NONE', *, *, #5456, .F. ) ;
#3267 = AXIS2_PLACEMENT_3D ( 'NONE', #3961, #1593, #3226 ) ;
#3268 = DIRECTION ( 'NONE',  ( -1.000000000000000000, 0.000000000000000000, 0.000000000000000000 ) ) ;
#3269 = VERTEX_POINT ( 'NONE', #4043 ) ;
#3270 = CARTESIAN_POINT ( 'NONE',  ( 11.12520000000000131, 1.523999999999999355, -2.625089999999998369 ) ) ;
#3271 = ORIENTED_EDGE ( 'NONE', *, *, #8899, .F. ) ;
#3272 = VECTOR ( 'NONE', #1153, 1000.000000000000000 ) ;
#3273 = EDGE_CURVE ( 'NONE', #7207, #4862, #4638, .T. ) ;
#3274 = VECTOR ( 'NONE', #4200, 1000.000000000000000 ) ;
#3275 = DIRECTION ( 'NONE',  ( -0.000000000000000000, -1.000000000000000000, -0.000000000000000000 ) ) ;
#3276 = LINE ( 'NONE', #7667, #4804 ) ;
#3277 = FILL_AREA_STYLE ('',( #2557 ) ) ;
#3278 = DIRECTION ( 'NONE',  ( 0.000000000000000000, 0.000000000000000000, -1.000000000000000000 ) ) ;
#3279 = ORIENTED_EDGE ( 'NONE', *, *, #6032, .F. ) ;
#3280 = DIRECTION ( 'NONE',  ( 0.000000000000000000, -1.000000000000000000, 0.000000000000000000 ) ) ;
#3281 = AXIS2_PLACEMENT_3D ( 'NONE', #2921, #6439, #7932 ) ;
#3282 = DIRECTION ( 'NONE',  ( -0.000000000000000000, -0.000000000000000000, 1.000000000000000000 ) ) ;
#3283 = DIRECTION ( 'NONE',  ( -0.6428711427641899956, 0.000000000000000000, -0.7659743427824879936 ) ) ;
#3284 = CARTESIAN_POINT ( 'NONE',  ( 11.73479999999999634, 1.734723475976807094E-15, 2.625090000000000146 ) ) ;
#3285 = CARTESIAN_POINT ( 'NONE',  ( -8.585199999999980847, -6.938893903907228378E-15, -2.226310000000000233 ) ) ;
#3286 = CARTESIAN_POINT ( 'NONE',  ( -3.505199999999999871, 0.000000000000000000, -2.625089999999998369 ) ) ;
#3287 = LINE ( 'NONE', #1933, #2582 ) ;
#3288 = ADVANCED_FACE ( 'NONE', ( #7653 ), #5499, .T. ) ;
#3289 = ORIENTED_EDGE ( 'NONE', *, *, #2544, .F. ) ;
#3290 = MECHANICAL_DESIGN_GEOMETRIC_PRESENTATION_REPRESENTATION (  '', ( #8373 ), #4990 ) ;
#3291 = DIRECTION ( 'NONE',  ( -0.000000000000000000, -1.000000000000000000, -0.000000000000000000 ) ) ;
#3292 = DIRECTION ( 'NONE',  ( -0.5466227294004906145, 0.000000000000000000, -0.8373790012310782238 ) ) ;
#3293 = DIRECTION ( 'NONE',  ( 0.000000000000000000, -1.000000000000000000, 0.000000000000000000 ) ) ;
#3294 = VECTOR ( 'NONE', #4666, 1000.000000000000000 ) ;
#3295 = ORIENTED_EDGE ( 'NONE', *, *, #478, .T. ) ;
#3296 = ORIENTED_EDGE ( 'NONE', *, *, #912, .F. ) ;
#3297 = FACE_OUTER_BOUND ( 'NONE', #1845, .T. ) ;
#3298 = ORIENTED_EDGE ( 'NONE', *, *, #592, .T. ) ;
#3299 = EDGE_CURVE ( 'NONE', #7385, #5963, #5528, .T. ) ;
#3300 = PLANE ( 'NONE',  #9121 ) ;
#3301 = VECTOR ( 'NONE', #8202, 1000.000000000000000 ) ;
#3302 = VECTOR ( 'NONE', #147, 1000.000000000000000 ) ;
#3303 = ORIENTED_EDGE ( 'NONE', *, *, #1162, .F. ) ;
#3304 = CARTESIAN_POINT ( 'NONE',  ( -16.00200000000000244, 15.49400000000000155, 3.911600000000001298 ) ) ;
#3305 = ORIENTED_EDGE ( 'NONE', *, *, #8782, .F. ) ;
#3306 = EDGE_CURVE ( 'NONE', #8711, #3056, #7555, .T. ) ;
#3307 = PRODUCT_CONTEXT ( 'NONE', #7221, 'mechanical' ) ;
#3308 = DIRECTION ( 'NONE',  ( -0.2567226118398958090, -0.9664851269264842504, 0.000000000000000000 ) ) ;
#3309 = PRODUCT_RELATED_PRODUCT_CATEGORY ( 'part', '', ( #8251 ) ) ;
#3310 = AXIS2_PLACEMENT_3D ( 'NONE', #161, #4, #2935 ) ;
#3311 = CLOSED_SHELL ( 'NONE', ( #4194, #7323, #4797, #6081, #107, #4316, #286, #7562 ) ) ;
#3312 = VERTEX_POINT ( 'NONE', #3951 ) ;
#3313 = CARTESIAN_POINT ( 'NONE',  ( -7.080250000000003041, 11.93800000000000061, 2.438400000000000123 ) ) ;
#3314 = EDGE_CURVE ( 'NONE', #2754, #238, #1047, .T. ) ;
#3315 = LINE ( 'NONE', #2727, #7590 ) ;
#3316 = ORIENTED_EDGE ( 'NONE', *, *, #2973, .T. ) ;
#3317 = SURFACE_SIDE_STYLE ('',( #6068 ) ) ;
#3318 = VERTEX_POINT ( 'NONE', #2496 ) ;
#3319 = DIRECTION ( 'NONE',  ( -0.000000000000000000, -1.000000000000000000, -0.000000000000000000 ) ) ;
#3320 = CARTESIAN_POINT ( 'NONE',  ( -2.000250000000002082, 15.49400000000000155, 0.9906000000000012573 ) ) ;
#3321 = UNCERTAINTY_MEASURE_WITH_UNIT (LENGTH_MEASURE( 1.000000000000000082E-05 ), #6749, 'distance_accuracy_value', 'NONE');
#3322 = DIRECTION ( 'NONE',  ( 0.000000000000000000, 1.000000000000000000, 0.000000000000000000 ) ) ;
#3323 = SURFACE_SIDE_STYLE ('',( #7709 ) ) ;
#3324 = EDGE_CURVE ( 'NONE', #8109, #1084, #3264, .T. ) ;
#3325 = ORIENTED_EDGE ( 'NONE', *, *, #6171, .T. ) ;
#3326 = CARTESIAN_POINT ( 'NONE',  ( -13.84300000000000175, 4.572000000000000064, 3.810000000000000941 ) ) ;
#3327 = VECTOR ( 'NONE', #2957, 1000.000000000000000 ) ;
#3328 = DIRECTION ( 'NONE',  ( 0.000000000000000000, 0.000000000000000000, -1.000000000000000000 ) ) ;
#3329 = VECTOR ( 'NONE', #1075, 1000.000000000000000 ) ;
#3330 = DIRECTION ( 'NONE',  ( 0.2567226118398510670, 0.9664851269264960187, 0.000000000000000000 ) ) ;
#3331 = CARTESIAN_POINT ( 'NONE',  ( 7.059612499999999180, 1.523999999999999355, -2.226309999999997125 ) ) ;
#3332 = CARTESIAN_POINT ( 'NONE',  ( 14.60500000000000043, 0.000000000000000000, 3.810000000000000941 ) ) ;
#3333 = EDGE_CURVE ( 'NONE', #3741, #4161, #3118, .T. ) ;
#3334 = DIRECTION ( 'NONE',  ( -1.000000000000000000, -0.000000000000000000, -0.000000000000000000 ) ) ;
#3335 = AXIS2_PLACEMENT_3D ( 'NONE', #4363, #5844, #1556 ) ;
#3336 = VERTEX_POINT ( 'NONE', #6159 ) ;
#3337 = AXIS2_PLACEMENT_3D ( 'NONE', #5321, #2992, #8767 ) ;
#3338 = CYLINDRICAL_SURFACE ( 'NONE', #6673, 0.6350000000000000089 ) ;
#3339 = DIRECTION ( 'NONE',  ( 0.9664851269265090083, -0.2567226118398023837, -0.000000000000000000 ) ) ;
#3340 = VECTOR ( 'NONE', #2604, 1000.000000000000000 ) ;
#3341 = VERTEX_POINT ( 'NONE', #2342 ) ;
#3342 = ORIENTED_EDGE ( 'NONE', *, *, #8733, .F. ) ;
#3343 = DIRECTION ( 'NONE',  ( -1.000000000000000000, 0.000000000000000000, 0.000000000000000000 ) ) ;
#3344 = ORIENTED_EDGE ( 'NONE', *, *, #3199, .T. ) ;
#3345 = AXIS2_PLACEMENT_3D ( 'NONE', #362, #2570, #8408 ) ;
#3346 = FACE_OUTER_BOUND ( 'NONE', #2003, .T. ) ;
#3347 = MECHANICAL_DESIGN_GEOMETRIC_PRESENTATION_REPRESENTATION (  '', ( #6276 ), #3039 ) ;
#3348 = ORIENTED_EDGE ( 'NONE', *, *, #9239, .F. ) ;
#3349 = DIRECTION ( 'NONE',  ( 0.000000000000000000, -1.000000000000000000, 0.000000000000000000 ) ) ;
#3350 = ORIENTED_EDGE ( 'NONE', *, *, #163, .T. ) ;
#3351 = CARTESIAN_POINT ( 'NONE',  ( 13.97000000000000064, 15.49400000000000155, 0.9906000000000012573 ) ) ;
#3352 = ADVANCED_FACE ( 'NONE', ( #8281 ), #6207, .T. ) ;
#3353 = VECTOR ( 'NONE', #3071, 1000.000000000000000 ) ;
#3354 = ORIENTED_EDGE ( 'NONE', *, *, #6253, .F. ) ;
#3355 = CARTESIAN_POINT ( 'NONE',  ( -11.19293335352000796, 1.397000000000000686, -1.459689378452000863 ) ) ;
#3356 = EDGE_CURVE ( 'NONE', #6249, #4907, #7861, .T. ) ;
#3357 = AXIS2_PLACEMENT_3D ( 'NONE', #5021, #6494, #524 ) ;
#3358 = CARTESIAN_POINT ( 'NONE',  ( 13.84300000000000175, 0.000000000000000000, 3.810000000000000941 ) ) ;
#3359 = ORIENTED_EDGE ( 'NONE', *, *, #4970, .T. ) ;
#3360 = CARTESIAN_POINT ( 'NONE',  ( -12.13961250000000014, 1.523999999999999355, 2.625090000000000146 ) ) ;
#3361 = EDGE_LOOP ( 'NONE', ( #2453, #5954 ) ) ;
#3362 = EDGE_CURVE ( 'NONE', #4332, #6098, #6461, .T. ) ;
#3363 = ADVANCED_FACE ( 'NONE', ( #2176 ), #8632, .T. ) ;
#3364 = CARTESIAN_POINT ( 'NONE',  ( -16.00200000000000244, 1.523999999999999355, 2.625090000000000146 ) ) ;
#3365 = DIRECTION ( 'NONE',  ( 0.000000000000000000, -1.000000000000000000, 0.000000000000000000 ) ) ;
#3366 = DIRECTION ( 'NONE',  ( -0.8265992787996335744, 0.000000000000000000, -0.5627909312417228582 ) ) ;
#3367 = CARTESIAN_POINT ( 'NONE',  ( -11.58239999999999981, 1.397000000000000686, 1.783944658947000272 ) ) ;
#3368 = ORIENTED_EDGE ( 'NONE', *, *, #2663, .F. ) ;
#3369 = CARTESIAN_POINT ( 'NONE',  ( -9.194800000000030948, -6.938893903907228378E-15, 2.226310000000002010 ) ) ;
#3370 = DIRECTION ( 'NONE',  ( 0.000000000000000000, 0.000000000000000000, -1.000000000000000000 ) ) ;
#3371 = LINE ( 'NONE', #404, #1109 ) ;
#3372 = DIRECTION ( 'NONE',  ( 0.000000000000000000, 1.000000000000000000, 0.000000000000000000 ) ) ;
#3373 = CARTESIAN_POINT ( 'NONE',  ( 11.73480000000002477, -6.938893903907228378E-15, -2.226310000000000233 ) ) ;
#3374 = DIRECTION ( 'NONE',  ( 0.000000000000000000, -1.000000000000000000, 0.000000000000000000 ) ) ;
#3375 = EDGE_CURVE ( 'NONE', #2644, #1321, #5702, .T. ) ;
#3376 = ORIENTED_EDGE ( 'NONE', *, *, #5710, .F. ) ;
#3377 = VECTOR ( 'NONE', #7230, 1000.000000000000000 ) ;
#3378 = DIRECTION ( 'NONE',  ( 0.000000000000000000, 0.000000000000000000, -1.000000000000000000 ) ) ;
#3379 = EDGE_CURVE ( 'NONE', #2621, #1673, #8586, .T. ) ;
#3380 = COLOUR_RGB ( '',0.7921568627450980005, 0.8196078431372548767, 0.9333333333333333481 ) ;
#3381 = DIRECTION ( 'NONE',  ( 0.000000000000000000, 0.000000000000000000, -1.000000000000000000 ) ) ;
#3382 = UNCERTAINTY_MEASURE_WITH_UNIT (LENGTH_MEASURE( 1.000000000000000082E-05 ), #1156, 'distance_accuracy_value', 'NONE');
#3383 = ORIENTED_EDGE ( 'NONE', *, *, #865, .T. ) ;
#3384 = ORIENTED_EDGE ( 'NONE', *, *, #3967, .T. ) ;
#3385 = LINE ( 'NONE', #6958, #3409 ) ;
#3386 = ORIENTED_EDGE ( 'NONE', *, *, #5653, .F. ) ;
#3387 = ORIENTED_EDGE ( 'NONE', *, *, #8134, .T. ) ;
#3388 = CARTESIAN_POINT ( 'NONE',  ( -3.505199999999999871, 1.523999999999999355, 2.226310000000002010 ) ) ;
#3389 = VERTEX_POINT ( 'NONE', #8685 ) ;
#3390 = CARTESIAN_POINT ( 'NONE',  ( -9.194800000000002527, -3.175000000000000711, -2.226310000000000233 ) ) ;
#3391 = VERTEX_POINT ( 'NONE', #2755 ) ;
#3392 = SURFACE_STYLE_FILL_AREA ( #3265 ) ;
#3393 = DIRECTION ( 'NONE',  ( 0.000000000000000000, -1.000000000000000000, 0.000000000000000000 ) ) ;
#3394 = EDGE_CURVE ( 'NONE', #5814, #8381, #5040, .T. ) ;
#3395 = VECTOR ( 'NONE', #8439, 1000.000000000000000 ) ;
#3396 = ORIENTED_EDGE ( 'NONE', *, *, #9305, .F. ) ;
#3397 = STYLED_ITEM ( 'NONE', ( #2551 ), #1275 ) ;
#3398 = SURFACE_SIDE_STYLE ('',( #5676 ) ) ;
#3399 = ORIENTED_EDGE ( 'NONE', *, *, #694, .F. ) ;
#3400 = LINE ( 'NONE', #5678, #7141 ) ;
#3401 = DIRECTION ( 'NONE',  ( 0.000000000000000000, -1.000000000000000000, 0.000000000000000000 ) ) ;
#3402 = VECTOR ( 'NONE', #5562, 1000.000000000000000 ) ;
#3403 = AXIS2_PLACEMENT_3D ( 'NONE', #4303, #3563, #2889 ) ;
#3404 = UNCERTAINTY_MEASURE_WITH_UNIT (LENGTH_MEASURE( 1.000000000000000082E-05 ), #5214, 'distance_accuracy_value', 'NONE');
#3405 = CARTESIAN_POINT ( 'NONE',  ( -0.5397499999999986198, 11.93800000000000061, 2.438400000000000123 ) ) ;
#3406 = PLANE ( 'NONE',  #5202 ) ;
#3407 = VERTEX_POINT ( 'NONE', #2035 ) ;
#3408 = LINE ( 'NONE', #8479, #4360 ) ;
#3409 = VECTOR ( 'NONE', #8545, 1000.000000000000000 ) ;
#3410 = EDGE_CURVE ( 'NONE', #7967, #1706, #7288, .T. ) ;
#3411 = EDGE_CURVE ( 'NONE', #1132, #2399, #4938, .T. ) ;
#3412 = VERTEX_POINT ( 'NONE', #5087 ) ;
#3413 = PRESENTATION_STYLE_ASSIGNMENT (( #7892 ) ) ;
#3414 = MECHANICAL_DESIGN_GEOMETRIC_PRESENTATION_REPRESENTATION (  '', ( #4521 ), #6954 ) ;
#3415 = ADVANCED_FACE ( 'NONE', ( #7339 ), #5135, .T. ) ;
#3416 = DIRECTION ( 'NONE',  ( 0.000000000000000000, 1.000000000000000000, 0.000000000000000000 ) ) ;
#3417 = VECTOR ( 'NONE', #4734, 1000.000000000000000 ) ;
#3418 = DIRECTION ( 'NONE',  ( 0.000000000000000000, 0.000000000000000000, 1.000000000000000000 ) ) ;
#3419 = EDGE_CURVE ( 'NONE', #755, #2440, #1567, .T. ) ;
#3420 = DIRECTION ( 'NONE',  ( -1.000000000000000000, 0.000000000000000000, 0.000000000000000000 ) ) ;
#3421 = PLANE ( 'NONE',  #718 ) ;
#3422 = PLANE ( 'NONE',  #9076 ) ;
#3423 = EDGE_LOOP ( 'NONE', ( #3076, #830, #9524, #6977 ) ) ;
#3424 = CARTESIAN_POINT ( 'NONE',  ( -16.00200000000000244, 6.604000000000000092, 4.673600000000000421 ) ) ;
#3425 = AXIS2_PLACEMENT_3D ( 'NONE', #1092, #8602, #1230 ) ;
#3426 = STYLED_ITEM ( 'NONE', ( #7708 ), #2877 ) ;
#3427 = LINE ( 'NONE', #4156, #4848 ) ;
#3428 = LINE ( 'NONE', #9303, #1291 ) ;
#3429 = SURFACE_STYLE_FILL_AREA ( #542 ) ;
#3430 = AXIS2_PLACEMENT_3D ( 'NONE', #6533, #6581, #6485 ) ;
#3431 = DIRECTION ( 'NONE',  ( 0.2567226118398510670, 0.9664851269264960187, 0.000000000000000000 ) ) ;
#3432 = ORIENTED_EDGE ( 'NONE', *, *, #2973, .F. ) ;
#3433 = AXIS2_PLACEMENT_3D ( 'NONE', #7451, #4441, #4391 ) ;
#3434 = VERTEX_POINT ( 'NONE', #9354 ) ;
#3435 = DIRECTION ( 'NONE',  ( 0.000000000000000000, 0.000000000000000000, 1.000000000000000000 ) ) ;
#3436 = EDGE_CURVE ( 'NONE', #8892, #877, #6563, .T. ) ;
#3437 = ORIENTED_EDGE ( 'NONE', *, *, #3783, .F. ) ;
#3438 = ORIENTED_EDGE ( 'NONE', *, *, #5082, .T. ) ;
#3439 = CARTESIAN_POINT ( 'NONE',  ( 9.599612500000000992, 1.523999999999999355, 2.226310000000002010 ) ) ;
#3440 = EDGE_LOOP ( 'NONE', ( #179, #4328, #3580, #5687 ) ) ;
#3441 =( GEOMETRIC_REPRESENTATION_CONTEXT ( 3 ) GLOBAL_UNCERTAINTY_ASSIGNED_CONTEXT ( ( #1371 ) ) GLOBAL_UNIT_ASSIGNED_CONTEXT ( ( #5541, #6109, #6155 ) ) REPRESENTATION_CONTEXT ( 'NONE', 'WORKASPACE' ) );
#3442 = SURFACE_STYLE_USAGE ( .BOTH. , #8693 ) ;
#3443 =( BOUNDED_CURVE ( )  B_SPLINE_CURVE ( 3, ( #1238, #4184, #3227, #9100 ),
 .UNSPECIFIED., .F., .F. ) 
 B_SPLINE_CURVE_WITH_KNOTS ( ( 4, 4 ),
 ( 4.712388980384687009, 6.283185307179586232 ),
 .UNSPECIFIED. ) 
 CURVE ( )  GEOMETRIC_REPRESENTATION_ITEM ( )  RATIONAL_B_SPLINE_CURVE ( ( 1.000000000000000000, 0.8047378541243643824, 0.8047378541243643824, 1.000000000000000000 ) ) 
 REPRESENTATION_ITEM ( '' )  );
#3444 = ORIENTED_EDGE ( 'NONE', *, *, #4167, .T. ) ;
#3445 = PLANE ( 'NONE',  #1666 ) ;
#3446 = PLANE ( 'NONE',  #2038 ) ;
#3447 = VECTOR ( 'NONE', #5565, 1000.000000000000000 ) ;
#3448 = VERTEX_POINT ( 'NONE', #4420 ) ;
#3449 = DIRECTION ( 'NONE',  ( -1.000000000000000000, -0.000000000000000000, -0.000000000000000000 ) ) ;
#3450 = VERTEX_POINT ( 'NONE', #734 ) ;
#3451 = DIRECTION ( 'NONE',  ( -0.8265992787996335744, 0.000000000000000000, 0.5627909312417228582 ) ) ;
#3452 = AXIS2_PLACEMENT_3D ( 'NONE', #4497, #906, #6636 ) ;
#3453 = VECTOR ( 'NONE', #914, 1000.000000000000000 ) ;
#3454 = DIRECTION ( 'NONE',  ( -1.000000000000000000, 0.000000000000000000, 0.000000000000000000 ) ) ;
#3455 = EDGE_CURVE ( 'NONE', #8551, #8728, #8011, .T. ) ;
#3456 = DIRECTION ( 'NONE',  ( -0.2567226118398023837, 0.9664851269265090083, 0.000000000000000000 ) ) ;
#3457 = CARTESIAN_POINT ( 'NONE',  ( 4.540249999999995900, 13.53961048947610912, -0.9905999999999682837 ) ) ;
#3458 = CARTESIAN_POINT ( 'NONE',  ( -16.00200000000000244, 1.523999999999999355, 1.092200000000001392 ) ) ;
#3459 = ORIENTED_EDGE ( 'NONE', *, *, #8134, .F. ) ;
#3460 = CARTESIAN_POINT ( 'NONE',  ( 9.194800000000002527, -3.175000000000000711, 2.226310000000002010 ) ) ;
#3461 = AXIS2_PLACEMENT_3D ( 'NONE', #6808, #1813, #1762 ) ;
#3462 = ORIENTED_EDGE ( 'NONE', *, *, #5666, .T. ) ;
#3463 = CARTESIAN_POINT ( 'NONE',  ( 5.640387499999996557, 1.523999999999999355, 2.226309999999998901 ) ) ;
#3464 = DIRECTION ( 'NONE',  ( -0.000000000000000000, -0.000000000000000000, 1.000000000000000000 ) ) ;
#3465 = DIRECTION ( 'NONE',  ( -1.000000000000000000, 0.000000000000000000, 0.000000000000000000 ) ) ;
#3466 = ADVANCED_FACE ( 'NONE', ( #7915 ), #2902, .F. ) ;
#3467 = CARTESIAN_POINT ( 'NONE',  ( -4.519612500000075528, 1.523999999999980259, -2.625089999999998369 ) ) ;
#3468 = EDGE_CURVE ( 'NONE', #1007, #78, #1320, .T. ) ;
#3469 = CARTESIAN_POINT ( 'NONE',  ( 3.079749999999999321, 10.33638951052389210, 0.9905999999999665073 ) ) ;
#3470 = DIRECTION ( 'NONE',  ( -1.000000000000000000, 0.000000000000000000, 0.000000000000000000 ) ) ;
#3471 = CARTESIAN_POINT ( 'NONE',  ( -6.654800000000002491, -3.175000000000000711, 0.000000000000000000 ) ) ;
#3472 = ADVANCED_FACE ( 'NONE', ( #3484 ), #2803, .T. ) ;
#3473 = ORIENTED_EDGE ( 'NONE', *, *, #4004, .F. ) ;
#3474 = LINE ( 'NONE', #2848, #1818 ) ;
#3475 = CARTESIAN_POINT ( 'NONE',  ( 6.654799999999995386, -3.175000000000000711, 2.625090000000000146 ) ) ;
#3476 = AXIS2_PLACEMENT_3D ( 'NONE', #4994, #5707, #7012 ) ;
#3477 = LINE ( 'NONE', #7140, #5471 ) ;
#3478 = EDGE_CURVE ( 'NONE', #4432, #2082, #4318, .T. ) ;
#3479 = EDGE_CURVE ( 'NONE', #922, #5219, #2855, .T. ) ;
#3480 = CARTESIAN_POINT ( 'NONE',  ( 8.585200000000000387, -3.175000000000000711, 2.625090000000000146 ) ) ;
#3481 = DIRECTION ( 'NONE',  ( 1.000000000000000000, -0.000000000000000000, -0.000000000000000000 ) ) ;
#3482 = VECTOR ( 'NONE', #9437, 1000.000000000000000 ) ;
#3483 = EDGE_LOOP ( 'NONE', ( #7363, #962, #3519, #1682 ) ) ;
#3484 = FACE_OUTER_BOUND ( 'NONE', #4145, .T. ) ;
#3485 = ORIENTED_EDGE ( 'NONE', *, *, #3835, .T. ) ;
#3486 = PLANE ( 'NONE',  #6487 ) ;
#3487 = ORIENTED_EDGE ( 'NONE', *, *, #8074, .T. ) ;
#3488 = VERTEX_POINT ( 'NONE', #4660 ) ;
#3489 = LINE ( 'NONE', #3439, #7173 ) ;
#3490 = EDGE_LOOP ( 'NONE', ( #6209, #3839, #4800, #2948 ) ) ;
#3491 = AXIS2_PLACEMENT_3D ( 'NONE', #5, #8719, #62 ) ;
#3492 = CARTESIAN_POINT ( 'NONE',  ( -11.12943335351963903, 1.523999999999999355, -1.157051056098644004 ) ) ;
#3493 = VECTOR ( 'NONE', #6409, 1000.000000000000000 ) ;
#3494 = VERTEX_POINT ( 'NONE', #826 ) ;
#3495 =( LENGTH_UNIT ( ) NAMED_UNIT ( * ) SI_UNIT ( .MILLI., .METRE. ) );
#3496 = EDGE_LOOP ( 'NONE', ( #344, #7548, #7504, #6760 ) ) ;
#3497 = DIRECTION ( 'NONE',  ( 0.9858211730930743766, 0.000000000000000000, -0.1677993286082956337 ) ) ;
#3498 = VERTEX_POINT ( 'NONE', #7582 ) ;
#3499 = DIRECTION ( 'NONE',  ( -0.7437660872565962089, 0.000000000000000000, -0.6684399804372965770 ) ) ;
#3500 = ORIENTED_EDGE ( 'NONE', *, *, #4904, .F. ) ;
#3501 = DIRECTION ( 'NONE',  ( -1.000000000000000000, 0.000000000000000000, 0.000000000000000000 ) ) ;
#3502 = CARTESIAN_POINT ( 'NONE',  ( -8.159750000000000725, 13.53961048947610912, 0.9905999999999665073 ) ) ;
#3503 = LINE ( 'NONE', #8029, #1595 ) ;
#3504 = AXIS2_PLACEMENT_3D ( 'NONE', #3898, #2395, #1785 ) ;
#3505 = EDGE_CURVE ( 'NONE', #3074, #4862, #36, .T. ) ;
#3506 = PRESENTATION_LAYER_ASSIGNMENT (  '', '', ( #9343 ) ) ;
#3507 = DIRECTION ( 'NONE',  ( -1.000000000000000000, 0.000000000000000000, -0.000000000000000000 ) ) ;
#3508 = DIRECTION ( 'NONE',  ( 0.000000000000000000, 0.000000000000000000, -1.000000000000000000 ) ) ;
#3509 = DIRECTION ( 'NONE',  ( 0.000000000000000000, 1.000000000000000000, 0.000000000000000000 ) ) ;
#3510 = ORIENTED_EDGE ( 'NONE', *, *, #6664, .F. ) ;
#3511 = CARTESIAN_POINT ( 'NONE',  ( -11.73480000000000345, 1.523999999999999355, 2.226310000000002010 ) ) ;
#3512 = ORIENTED_EDGE ( 'NONE', *, *, #163, .F. ) ;
#3513 =( LENGTH_UNIT ( ) NAMED_UNIT ( * ) SI_UNIT ( .MILLI., .METRE. ) );
#3514 = CARTESIAN_POINT ( 'NONE',  ( 13.97000000000000064, 13.97000000000000064, 0.9906000000000012573 ) ) ;
#3515 = PLANE ( 'NONE',  #6030 ) ;
#3516 = DIRECTION ( 'NONE',  ( 0.000000000000000000, 0.000000000000000000, 1.000000000000000000 ) ) ;
#3517 = DIRECTION ( 'NONE',  ( -1.000000000000000000, -0.000000000000000000, -0.000000000000000000 ) ) ;
#3518 = LINE ( 'NONE', #534, #2464 ) ;
#3519 = ORIENTED_EDGE ( 'NONE', *, *, #2588, .F. ) ;
#3520 = DIRECTION ( 'NONE',  ( 0.000000000000000000, 1.000000000000000000, 0.000000000000000000 ) ) ;
#3521 = ADVANCED_FACE ( 'NONE', ( #1558 ), #3000, .T. ) ;
#3522 = LINE ( 'NONE', #6366, #4394 ) ;
#3523 = LINE ( 'NONE', #9391, #7142 ) ;
#3524 = EDGE_CURVE ( 'NONE', #6871, #2658, #9022, .T. ) ;
#3525 = PLANE ( 'NONE',  #3758 ) ;
#3526 = LINE ( 'NONE', #543, #5953 ) ;
#3527 = ORIENTED_EDGE ( 'NONE', *, *, #196, .T. ) ;
#3528 = DIRECTION ( 'NONE',  ( -1.000000000000000000, 0.000000000000000000, 0.000000000000000000 ) ) ;
#3529 = EDGE_LOOP ( 'NONE', ( #3229, #6297, #4248, #5761 ) ) ;
#3530 = DIRECTION ( 'NONE',  ( 0.000000000000000000, -1.000000000000000000, 0.000000000000000000 ) ) ;
#3531 = ORIENTED_EDGE ( 'NONE', *, *, #4929, .T. ) ;
#3532 = EDGE_CURVE ( 'NONE', #5533, #4473, #6804, .T. ) ;
#3533 = EDGE_CURVE ( 'NONE', #6756, #7583, #5233, .T. ) ;
#3534 = EDGE_LOOP ( 'NONE', ( #4143, #8630, #6363, #5701, #741, #23, #4400, #747 ) ) ;
#3535 = LINE ( 'NONE', #5046, #2707 ) ;
#3536 = ORIENTED_EDGE ( 'NONE', *, *, #3735, .T. ) ;
#3537 = DIRECTION ( 'NONE',  ( -0.000000000000000000, -1.000000000000000000, -0.000000000000000000 ) ) ;
#3538 = EDGE_CURVE ( 'NONE', #1007, #5957, #6753, .T. ) ;
#3539 = ORIENTED_EDGE ( 'NONE', *, *, #264, .T. ) ;
#3540 = EDGE_CURVE ( 'NONE', #2080, #2644, #2950, .T. ) ;
#3541 = SURFACE_SIDE_STYLE ('',( #1279 ) ) ;
#3542 = VERTEX_POINT ( 'NONE', #2424 ) ;
#3543 = DIRECTION ( 'NONE',  ( -0.000000000000000000, -1.000000000000000000, -0.000000000000000000 ) ) ;
#3544 = ORIENTED_EDGE ( 'NONE', *, *, #4255, .F. ) ;
#3545 = FACE_OUTER_BOUND ( 'NONE', #6864, .T. ) ;
#3546 = VERTEX_POINT ( 'NONE', #3049 ) ;
#3547 = LINE ( 'NONE', #657, #5931 ) ;
#3548 = CARTESIAN_POINT ( 'NONE',  ( 14.60500000000000043, 1.523999999999999355, 0.000000000000000000 ) ) ;
#3549 = DIRECTION ( 'NONE',  ( 1.000000000000000000, -0.000000000000000000, -0.000000000000000000 ) ) ;
#3550 = PLANE ( 'NONE',  #5289 ) ;
#3551 = FACE_OUTER_BOUND ( 'NONE', #4603, .T. ) ;
#3552 = ORIENTED_EDGE ( 'NONE', *, *, #2444, .F. ) ;
#3553 = VECTOR ( 'NONE', #9473, 1000.000000000000000 ) ;
#3554 = FACE_OUTER_BOUND ( 'NONE', #2373, .T. ) ;
#3555 = VECTOR ( 'NONE', #1189, 1000.000000000000000 ) ;
#3556 = ADVANCED_FACE ( 'NONE', ( #5943 ), #5384, .T. ) ;
#3557 = ORIENTED_EDGE ( 'NONE', *, *, #4013, .F. ) ;
#3558 = FACE_OUTER_BOUND ( 'NONE', #3950, .T. ) ;
#3559 = VECTOR ( 'NONE', #9351, 1000.000000000000000 ) ;
#3560 = CARTESIAN_POINT ( 'NONE',  ( -11.04476664647999939, 1.523999999999999355, -1.459689378452000863 ) ) ;
#3561 = VECTOR ( 'NONE', #1986, 1000.000000000000000 ) ;
#3562 = VECTOR ( 'NONE', #109, 1000.000000000000227 ) ;
#3563 = DIRECTION ( 'NONE',  ( -1.000000000000000000, 0.000000000000000000, 0.000000000000000000 ) ) ;
#3564 = CARTESIAN_POINT ( 'NONE',  ( 13.97000000000000242, 13.96999999999999886, -0.9905999999999994809 ) ) ;
#3565 = DIRECTION ( 'NONE',  ( -1.000000000000000000, 0.000000000000000000, 0.000000000000000000 ) ) ;
#3566 = CARTESIAN_POINT ( 'NONE',  ( -2.000250000000002082, 11.93800000000000061, -2.438400000000001899 ) ) ;
#3567 = VECTOR ( 'NONE', #4472, 1000.000000000000000 ) ;
#3568 = DIRECTION ( 'NONE',  ( 0.000000000000000000, 1.000000000000000000, 0.000000000000000000 ) ) ;
#3569 = VERTEX_POINT ( 'NONE', #2316 ) ;
#3570 = AXIS2_PLACEMENT_3D ( 'NONE', #8958, #908, #5366 ) ;
#3571 = LINE ( 'NONE', #2705, #5517 ) ;
#3572 = FACE_OUTER_BOUND ( 'NONE', #7212, .T. ) ;
#3573 = VECTOR ( 'NONE', #756, 1000.000000000000000 ) ;
#3574 = DIRECTION ( 'NONE',  ( -0.2567226118398506785, 0.9664851269264961298, 0.000000000000000000 ) ) ;
#3575 = EDGE_CURVE ( 'NONE', #3336, #5957, #7430, .T. ) ;
#3576 = FACE_OUTER_BOUND ( 'NONE', #6206, .T. ) ;
#3577 = CARTESIAN_POINT ( 'NONE',  ( 13.84300000000000175, 4.572000000000000064, 3.810000000000000941 ) ) ;
#3578 = EDGE_LOOP ( 'NONE', ( #1903, #2756, #2539, #6754 ) ) ;
#3579 = DIRECTION ( 'NONE',  ( 1.000000000000000000, 0.000000000000000000, 0.000000000000000000 ) ) ;
#3580 = ORIENTED_EDGE ( 'NONE', *, *, #3148, .T. ) ;
#3581 = DIRECTION ( 'NONE',  ( -0.5466225923192865599, 0.000000000000000000, -0.8373790907146793083 ) ) ;
#3582 = VECTOR ( 'NONE', #1526, 1000.000000000000000 ) ;
#3583 = ORIENTED_EDGE ( 'NONE', *, *, #8818, .T. ) ;
#3584 = STYLED_ITEM ( 'NONE', ( #9283 ), #2955 ) ;
#3585 = ORIENTED_EDGE ( 'NONE', *, *, #206, .T. ) ;
#3586 = CARTESIAN_POINT ( 'NONE',  ( -12.70000000000000284, 1.523999999999999355, -1.540677576214998235 ) ) ;
#3587 = VERTEX_POINT ( 'NONE', #1516 ) ;
#3588 = FILL_AREA_STYLE ('',( #7977 ) ) ;
#3589 = AXIS2_PLACEMENT_3D ( 'NONE', #6007, #1579, #7450 ) ;
#3590 = PRESENTATION_LAYER_ASSIGNMENT (  '', '', ( #1902 ) ) ;
#3591 = ADVANCED_FACE ( 'NONE', ( #1705 ), #3823, .T. ) ;
#3592 = ORIENTED_EDGE ( 'NONE', *, *, #2120, .T. ) ;
#3593 = EDGE_LOOP ( 'NONE', ( #2627, #1633, #3051, #5587, #235, #19 ) ) ;
#3594 = PLANE ( 'NONE',  #4523 ) ;
#3595 = EDGE_CURVE ( 'NONE', #4402, #3017, #8875, .T. ) ;
#3596 = VERTEX_POINT ( 'NONE', #8252 ) ;
#3597 =( GEOMETRIC_REPRESENTATION_CONTEXT ( 3 ) GLOBAL_UNCERTAINTY_ASSIGNED_CONTEXT ( ( #16 ) ) GLOBAL_UNIT_ASSIGNED_CONTEXT ( ( #8424, #1829, #1726 ) ) REPRESENTATION_CONTEXT ( 'NONE', 'WORKASPACE' ) );
#3598 = LINE ( 'NONE', #2968, #7848 ) ;
#3599 = VERTEX_POINT ( 'NONE', #4469 ) ;
#3600 = CARTESIAN_POINT ( 'NONE',  ( 13.84300000000000175, 0.000000000000000000, -3.047999999999996934 ) ) ;
#3601 = LINE ( 'NONE', #9470, #4981 ) ;
#3602 = SURFACE_SIDE_STYLE ('',( #7165 ) ) ;
#3603 = FACE_OUTER_BOUND ( 'NONE', #5340, .T. ) ;
#3604 = EDGE_CURVE ( 'NONE', #1540, #6077, #172, .T. ) ;
#3605 = CIRCLE ( 'NONE', #8384, 2.158999999999999364 ) ;
#3606 = LINE ( 'NONE', #5064, #1044 ) ;
#3607 = FILL_AREA_STYLE_COLOUR ( '', #4284 ) ;
#3608 = ORIENTED_EDGE ( 'NONE', *, *, #2588, .T. ) ;
#3609 = CARTESIAN_POINT ( 'NONE',  ( -6.654800000000002491, 0.000000000000000000, -2.226310000000000233 ) ) ;
#3610 = VERTEX_POINT ( 'NONE', #775 ) ;
#3611 = AXIS2_PLACEMENT_3D ( 'NONE', #8971, #5329, #8249 ) ;
#3612 = VECTOR ( 'NONE', #1461, 1000.000000000000000 ) ;
#3613 = CARTESIAN_POINT ( 'NONE',  ( -6.045200000000000351, -3.175000000000000711, -2.625089999999998369 ) ) ;
#3614 = CARTESIAN_POINT ( 'NONE',  ( -3.505199999999999871, 1.523999999999999355, -2.625089999999998369 ) ) ;
#3615 = EDGE_CURVE ( 'NONE', #5487, #778, #6038, .T. ) ;
#3616 = DIRECTION ( 'NONE',  ( -0.000000000000000000, 1.000000000000000000, -0.000000000000000000 ) ) ;
#3617 = AXIS2_PLACEMENT_3D ( 'NONE', #2744, #2020, #7849 ) ;
#3618 = DIRECTION ( 'NONE',  ( -0.000000000000000000, -1.000000000000000000, -0.000000000000000000 ) ) ;
#3619 = LINE ( 'NONE', #2072, #5515 ) ;
#3620 = DIRECTION ( 'NONE',  ( -0.2567226118398510670, -0.9664851269264960187, 0.000000000000000000 ) ) ;
#3621 = ORIENTED_EDGE ( 'NONE', *, *, #2913, .F. ) ;
#3622 = LINE ( 'NONE', #4358, #3493 ) ;
#3623 = CARTESIAN_POINT ( 'NONE',  ( -0.5603875000000022588, 1.523999999999999355, -2.226310000000000233 ) ) ;
#3624 = DIRECTION ( 'NONE',  ( -1.000000000000000000, 0.000000000000000000, 0.000000000000000000 ) ) ;
#3625 = EDGE_CURVE ( 'NONE', #8903, #4711, #74, .T. ) ;
#3626 = DIRECTION ( 'NONE',  ( 0.000000000000000000, -1.000000000000000000, 0.000000000000000000 ) ) ;
#3627 = DIRECTION ( 'NONE',  ( -1.000000000000000000, -0.000000000000000000, -0.000000000000000000 ) ) ;
#3628 = VERTEX_POINT ( 'NONE', #1659 ) ;
#3629 = CARTESIAN_POINT ( 'NONE',  ( -10.72038750000000462, 1.523999999999999355, -2.625089999999998369 ) ) ;
#3630 = ORIENTED_EDGE ( 'NONE', *, *, #1970, .F. ) ;
#3631 = CARTESIAN_POINT ( 'NONE',  ( -5.619749999999999801, 10.33638951052389210, -0.9905999999999682837 ) ) ;
#3632 = VERTEX_POINT ( 'NONE', #4617 ) ;
#3633 = VECTOR ( 'NONE', #7693, 1000.000000000000000 ) ;
#3634 = VERTEX_POINT ( 'NONE', #7531 ) ;
#3635 = DIRECTION ( 'NONE',  ( -1.000000000000000000, 0.000000000000000000, 0.000000000000000000 ) ) ;
#3636 = DIRECTION ( 'NONE',  ( 0.000000000000000000, 1.000000000000000000, 0.000000000000000000 ) ) ;
#3637 = VECTOR ( 'NONE', #130, 1000.000000000000000 ) ;
#3638 = ORIENTED_EDGE ( 'NONE', *, *, #787, .T. ) ;
#3639 = CARTESIAN_POINT ( 'NONE',  ( 12.16024999999999778, 10.33638951052389210, 0.9905999999999665073 ) ) ;
#3640 = EDGE_LOOP ( 'NONE', ( #6677, #686, #4020, #5098 ) ) ;
#3641 = LINE ( 'NONE', #5714, #4687 ) ;
#3642 = VECTOR ( 'NONE', #732, 1000.000000000000000 ) ;
#3643 = ORIENTED_EDGE ( 'NONE', *, *, #6197, .T. ) ;
#3644 = FACE_OUTER_BOUND ( 'NONE', #261, .T. ) ;
#3645 = ORIENTED_EDGE ( 'NONE', *, *, #5019, .F. ) ;
#3646 = EDGE_CURVE ( 'NONE', #4806, #6230, #6330, .T. ) ;
#3647 = AXIS2_PLACEMENT_3D ( 'NONE', #4463, #6793, #5838 ) ;
#3648 = CARTESIAN_POINT ( 'NONE',  ( -13.97000000000000242, 15.49400000000000155, -0.9905999999999994809 ) ) ;
#3649 = DIRECTION ( 'NONE',  ( -0.2567226118398958090, 0.9664851269264842504, 0.000000000000000000 ) ) ;
#3650 = EDGE_CURVE ( 'NONE', #2343, #2379, #6229, .T. ) ;
#3652 = DIRECTION ( 'NONE',  ( 0.000000000000000000, 1.000000000000000000, 0.000000000000000000 ) ) ;
#3651 = CIRCLE ( 'NONE', #9491, 0.7620000000000005658 ) ;
#3653 = PLANE ( 'NONE',  #2591 ) ;
#3654 =( NAMED_UNIT ( * ) PLANE_ANGLE_UNIT ( ) SI_UNIT ( $, .RADIAN. ) );
#3655 = VERTEX_POINT ( 'NONE', #320 ) ;
#3656 = CARTESIAN_POINT ( 'NONE',  ( -0.9651999999999993918, 0.000000000000000000, 2.625090000000000146 ) ) ;
#3657 = ORIENTED_EDGE ( 'NONE', *, *, #3505, .T. ) ;
#3658 = VECTOR ( 'NONE', #3863, 1000.000000000000000 ) ;
#3659 = ORIENTED_EDGE ( 'NONE', *, *, #327, .T. ) ;
#3660 = AXIS2_PLACEMENT_3D ( 'NONE', #2880, #5823, #3023 ) ;
#3661 =( GEOMETRIC_REPRESENTATION_CONTEXT ( 3 ) GLOBAL_UNCERTAINTY_ASSIGNED_CONTEXT ( ( #3404 ) ) GLOBAL_UNIT_ASSIGNED_CONTEXT ( ( #5214, #2396, #5355 ) ) REPRESENTATION_CONTEXT ( 'NONE', 'WORKASPACE' ) );
#3662 = EDGE_CURVE ( 'NONE', #8209, #5241, #8533, .T. ) ;
#3663 = PLANE ( 'NONE',  #5483 ) ;
#3664 = EDGE_CURVE ( 'NONE', #4531, #1046, #6856, .T. ) ;
#3665 = CARTESIAN_POINT ( 'NONE',  ( -11.25643335352001451, 1.523999999999999355, -1.221902112197878143 ) ) ;
#3666 = DIRECTION ( 'NONE',  ( 1.000000000000000000, 0.000000000000000000, 0.000000000000000000 ) ) ;
#3667 = DIRECTION ( 'NONE',  ( 0.000000000000000000, -1.000000000000000000, 0.000000000000000000 ) ) ;
#3668 = FACE_OUTER_BOUND ( 'NONE', #7105, .T. ) ;
#3669 = CARTESIAN_POINT ( 'NONE',  ( 14.60500000000000043, 1.106182791009999500, -2.137382390414001687 ) ) ;
#3670 = EDGE_CURVE ( 'NONE', #7508, #572, #4759, .T. ) ;
#3671 =( NAMED_UNIT ( * ) SI_UNIT ( $, .STERADIAN. ) SOLID_ANGLE_UNIT ( ) );
#3672 = DIRECTION ( 'NONE',  ( 0.000000000000000000, -1.000000000000000000, 0.000000000000000000 ) ) ;
#3673 = CARTESIAN_POINT ( 'NONE',  ( 10.69975000000000165, 13.53961048947610912, -0.9905999999999682837 ) ) ;
#3674 = PLANE ( 'NONE',  #2540 ) ;
#3675 = CARTESIAN_POINT ( 'NONE',  ( -0.9651999999999993918, 0.000000000000000000, 2.226310000000002010 ) ) ;
#3676 = UNCERTAINTY_MEASURE_WITH_UNIT (LENGTH_MEASURE( 1.000000000000000082E-05 ), #6075, 'distance_accuracy_value', 'NONE');
#3677 = ORIENTED_EDGE ( 'NONE', *, *, #3538, .F. ) ;
#3678 = CARTESIAN_POINT ( 'NONE',  ( 8.585200000000000387, 1.523999999999999355, 2.625090000000000146 ) ) ;
#3679 = EDGE_LOOP ( 'NONE', ( #2099, #1363, #6812, #5308 ) ) ;
#3680 = CARTESIAN_POINT ( 'NONE',  ( -6.045200000000000351, 1.523999999999999355, -2.226310000000000233 ) ) ;
#3681 = ORIENTED_EDGE ( 'NONE', *, *, #1956, .F. ) ;
#3682 = EDGE_CURVE ( 'NONE', #350, #1570, #446, .T. ) ;
#3683 = ORIENTED_EDGE ( 'NONE', *, *, #5906, .F. ) ;
#3684 = DIRECTION ( 'NONE',  ( -1.000000000000000000, 0.000000000000000000, 0.000000000000000000 ) ) ;
#3685 = ORIENTED_EDGE ( 'NONE', *, *, #3895, .F. ) ;
#3686 = ORIENTED_EDGE ( 'NONE', *, *, #5043, .F. ) ;
#3687 = CARTESIAN_POINT ( 'NONE',  ( 12.69999999999999929, 1.523999999999999355, 0.000000000000000000 ) ) ;
#3688 = ORIENTED_EDGE ( 'NONE', *, *, #8131, .F. ) ;
#3689 = CARTESIAN_POINT ( 'NONE',  ( 3.100387499999995633, 1.523999999999999355, 2.625090000000000146 ) ) ;
#3690 = ORIENTED_EDGE ( 'NONE', *, *, #8591, .T. ) ;
#3691 = CARTESIAN_POINT ( 'NONE',  ( -16.00200000000000244, 1.523999999999999355, 2.625090000000000146 ) ) ;
#3692 = EDGE_LOOP ( 'NONE', ( #7686, #329, #3271, #7461, #7655, #6863 ) ) ;
#3693 = CARTESIAN_POINT ( 'NONE',  ( -11.02360000000000184, 1.397000000000000686, -2.000114891362000602 ) ) ;
#3694 = CYLINDRICAL_SURFACE ( 'NONE', #3430, 0.6350000000000000089 ) ;
#3695 = SURFACE_STYLE_USAGE ( .BOTH. , #7308 ) ;
#3696 = CARTESIAN_POINT ( 'NONE',  ( -16.00200000000000244, 1.523999999999999355, -1.540677576214998235 ) ) ;
#3697 = FACE_OUTER_BOUND ( 'NONE', #3496, .T. ) ;
#3698 = EDGE_CURVE ( 'NONE', #5505, #1037, #9249, .T. ) ;
#3699 =( NAMED_UNIT ( * ) SI_UNIT ( $, .STERADIAN. ) SOLID_ANGLE_UNIT ( ) );
#3700 = ORIENTED_EDGE ( 'NONE', *, *, #7365, .T. ) ;
#3701 = PLANE ( 'NONE',  #6041 ) ;
#3702 = AXIS2_PLACEMENT_3D ( 'NONE', #8793, #2192, #5155 ) ;
#3703 = ORIENTED_EDGE ( 'NONE', *, *, #4950, .F. ) ;
#3704 = DIRECTION ( 'NONE',  ( -1.000000000000000000, -0.000000000000000000, -0.000000000000000000 ) ) ;
#3705 = FACE_OUTER_BOUND ( 'NONE', #9380, .T. ) ;
#3706 = DIRECTION ( 'NONE',  ( 0.000000000000000000, 0.000000000000000000, -1.000000000000000000 ) ) ;
#3707 = DIRECTION ( 'NONE',  ( -0.2567226118398958090, 0.9664851269264842504, 0.000000000000000000 ) ) ;
#3708 = PRESENTATION_LAYER_ASSIGNMENT (  '', '', ( #9094 ) ) ;
#3709 = CARTESIAN_POINT ( 'NONE',  ( -11.32840000000000202, 1.397000000000000686, 2.108200000000000962 ) ) ;
#3710 = PLANE ( 'NONE',  #3491 ) ;
#3711 = EDGE_CURVE ( 'NONE', #9509, #2080, #6139, .T. ) ;
#3712 = LINE ( 'NONE', #5984, #1664 ) ;
#3713 = EDGE_CURVE ( 'NONE', #2967, #2379, #128, .T. ) ;
#3714 = CARTESIAN_POINT ( 'NONE',  ( -6.654800000000002491, 1.523999999999999355, 2.226310000000002010 ) ) ;
#3715 = EDGE_CURVE ( 'NONE', #7306, #6466, #9068, .T. ) ;
#3716 = CARTESIAN_POINT ( 'NONE',  ( -7.059612499999999180, 1.523999999999999355, 2.226310000000002010 ) ) ;
#3717 = VECTOR ( 'NONE', #4917, 1000.000000000000000 ) ;
#3718 = LINE ( 'NONE', #8006, #8835 ) ;
#3719 = VECTOR ( 'NONE', #77, 1000.000000000000000 ) ;
#3720 = PLANE ( 'NONE',  #2376 ) ;
#3721 = DIRECTION ( 'NONE',  ( -0.000000000000000000, 1.000000000000000000, -0.000000000000000000 ) ) ;
#3723 = CARTESIAN_POINT ( 'NONE',  ( 4.114800000000001567, 0.000000000000000000, 2.625090000000000146 ) ) ;
#3722 = AXIS2_PLACEMENT_3D ( 'NONE', #2209, #5933, #1544 ) ;
#3724 = ADVANCED_FACE ( 'NONE', ( #2523 ), #2612, .F. ) ;
#3725 = EDGE_LOOP ( 'NONE', ( #7598, #598, #9040, #5167, #5777, #5284 ) ) ;
#3726 = FACE_OUTER_BOUND ( 'NONE', #5103, .T. ) ;
#3727 = ORIENTED_EDGE ( 'NONE', *, *, #5194, .F. ) ;
#3728 = VECTOR ( 'NONE', #199, 1000.000000000000000 ) ;
#3729 = ORIENTED_EDGE ( 'NONE', *, *, #1178, .T. ) ;
#3730 = DIRECTION ( 'NONE',  ( -1.000000000000000000, 0.000000000000000000, 0.000000000000000000 ) ) ;
#3731 = ADVANCED_FACE ( 'NONE', ( #1810 ), #9165, .T. ) ;
#3732 = AXIS2_PLACEMENT_3D ( 'NONE', #621, #5880, #1454 ) ;
#3733 = CARTESIAN_POINT ( 'NONE',  ( 8.585200000000000387, -3.175000000000000711, -2.226310000000000233 ) ) ;
#3734 = VECTOR ( 'NONE', #8501, 1000.000000000000000 ) ;
#3735 = EDGE_CURVE ( 'NONE', #9038, #7241, #3287, .T. ) ;
#3736 = ORIENTED_EDGE ( 'NONE', *, *, #7401, .T. ) ;
#3737 = ORIENTED_EDGE ( 'NONE', *, *, #9154, .T. ) ;
#3738 = DIRECTION ( 'NONE',  ( 0.000000000000000000, -1.000000000000000000, 0.000000000000000000 ) ) ;
#3739 = EDGE_LOOP ( 'NONE', ( #6526, #7342, #7556, #3897 ) ) ;
#3740 = CARTESIAN_POINT ( 'NONE',  ( -13.97000000000000242, 13.97000000000000064, 0.9906000000000012573 ) ) ;
#3741 = VERTEX_POINT ( 'NONE', #8453 ) ;
#3742 = CARTESIAN_POINT ( 'NONE',  ( -14.60500000000000043, 4.572000000000000064, -3.047999999999996934 ) ) ;
#3743 = ORIENTED_EDGE ( 'NONE', *, *, #1362, .F. ) ;
#3744 = FACE_OUTER_BOUND ( 'NONE', #7737, .T. ) ;
#3745 = CARTESIAN_POINT ( 'NONE',  ( 1.574800000000001088, -3.175000000000000711, 2.625090000000000146 ) ) ;
#3746 = COLOUR_RGB ( '',0.7921568627450980005, 0.8196078431372548767, 0.9333333333333333481 ) ;
#3747 = SURFACE_STYLE_FILL_AREA ( #796 ) ;
#3748 = CARTESIAN_POINT ( 'NONE',  ( 11.12519999999999776, -3.175000000000000711, 0.000000000000000000 ) ) ;
#3749 = LINE ( 'NONE', #8852, #4292 ) ;
#3750 = SURFACE_SIDE_STYLE ('',( #1732 ) ) ;
#3751 = ORIENTED_EDGE ( 'NONE', *, *, #5196, .F. ) ;
#3752 = DIRECTION ( 'NONE',  ( 0.000000000000000000, -1.000000000000000000, 0.000000000000000000 ) ) ;
#3753 = VECTOR ( 'NONE', #4476, 1000.000000000000000 ) ;
#3754 = ORIENTED_EDGE ( 'NONE', *, *, #7358, .F. ) ;
#3755 = ORIENTED_EDGE ( 'NONE', *, *, #9423, .T. ) ;
#3756 = CYLINDRICAL_SURFACE ( 'NONE', #6845, 0.7620000000000005658 ) ;
#3757 = EDGE_CURVE ( 'NONE', #8728, #4931, #1856, .T. ) ;
#3758 = AXIS2_PLACEMENT_3D ( 'NONE', #7194, #589, #6416 ) ;
#3759 = VECTOR ( 'NONE', #4623, 1000.000000000000000 ) ;
#3760 = LINE ( 'NONE', #6694, #3562 ) ;
#3761 =( LENGTH_UNIT ( ) NAMED_UNIT ( * ) SI_UNIT ( .MILLI., .METRE. ) );
#3762 = LINE ( 'NONE', #2891, #5772 ) ;
#3763 = DIRECTION ( 'NONE',  ( -1.000000000000000000, 0.000000000000000000, 0.000000000000000000 ) ) ;
#3764 = CARTESIAN_POINT ( 'NONE',  ( -11.02360000000000184, 1.397000000000000686, -1.329987205696001373 ) ) ;
#3765 = AXIS2_PLACEMENT_3D ( 'NONE', #7396, #186, #1531 ) ;
#3766 = VECTOR ( 'NONE', #3817, 1000.000000000000000 ) ;
#3767 = FACE_OUTER_BOUND ( 'NONE', #9409, .T. ) ;
#3768 = CARTESIAN_POINT ( 'NONE',  ( -16.00200000000000244, 15.49400000000000155, -4.673600000000001309 ) ) ;
#3769 = EDGE_CURVE ( 'NONE', #8695, #6915, #3978, .T. ) ;
#3770 = LINE ( 'NONE', #4509, #4709 ) ;
#3771 = AXIS2_PLACEMENT_3D ( 'NONE', #359, #4795, #4065 ) ;
#3772 = CARTESIAN_POINT ( 'NONE',  ( -11.73480000000000345, 0.000000000000000000, -2.625089999999998369 ) ) ;
#3773 = CLOSED_SHELL ( 'NONE', ( #317, #6413, #8385, #5166, #6745, #2225, #6199, #1879 ) ) ;
#3774 = DIRECTION ( 'NONE',  ( 0.000000000000000000, 0.9396926207858973257, -0.3420201433256990220 ) ) ;
#3775 = CARTESIAN_POINT ( 'NONE',  ( 0.9651999999999993918, 0.000000000000000000, 2.625090000000000146 ) ) ;
#3776 = ADVANCED_FACE ( 'NONE', ( #1893 ), #4886, .T. ) ;
#3777 = CARTESIAN_POINT ( 'NONE',  ( 3.079749999999999321, 15.49400000000000155, 0.9906000000000012573 ) ) ;
#3778 = ORIENTED_EDGE ( 'NONE', *, *, #7253, .F. ) ;
#3779 = ORIENTED_EDGE ( 'NONE', *, *, #3664, .T. ) ;
#3780 = ORIENTED_EDGE ( 'NONE', *, *, #2405, .T. ) ;
#3781 = CARTESIAN_POINT ( 'NONE',  ( -12.70000000000000284, 1.523999999999999355, 1.540677576215000011 ) ) ;
#3782 = ADVANCED_FACE ( 'NONE', ( #7041 ), #6315, .T. ) ;
#3783 = EDGE_CURVE ( 'NONE', #4421, #7760, #8352, .T. ) ;
#3784 = LINE ( 'NONE', #5095, #3753 ) ;
#3785 = ORIENTED_EDGE ( 'NONE', *, *, #5338, .F. ) ;
#3786 = ORIENTED_EDGE ( 'NONE', *, *, #457, .F. ) ;
#3787 = DIRECTION ( 'NONE',  ( 1.000000000000000000, -0.000000000000000000, -0.000000000000000000 ) ) ;
#3788 = EDGE_LOOP ( 'NONE', ( #2908, #2980, #7496, #691, #4288 ) ) ;
#3789 = CARTESIAN_POINT ( 'NONE',  ( -11.44693332323996948, 1.523999999999999355, -1.200285093498077993 ) ) ;
#3790 = EDGE_LOOP ( 'NONE', ( #6956, #338, #1118, #2552 ) ) ;
#3791 = CARTESIAN_POINT ( 'NONE',  ( -3.505199999999999871, 1.523999999999999355, -2.625089999999998369 ) ) ;
#3792 = ORIENTED_EDGE ( 'NONE', *, *, #4910, .F. ) ;
#3793 = FACE_OUTER_BOUND ( 'NONE', #8161, .T. ) ;
#3794 = PLANE ( 'NONE',  #7747 ) ;
#3795 = AXIS2_PLACEMENT_3D ( 'NONE', #4971, #4763, #7894 ) ;
#3796 = CARTESIAN_POINT ( 'NONE',  ( 8.159750000000000725, 10.33638951052392230, -0.9905999999999335337 ) ) ;
#3797 = CARTESIAN_POINT ( 'NONE',  ( 2.000250000000002082, 13.53961048947610912, 0.9905999999999665073 ) ) ;
#3798 = FILL_AREA_STYLE_COLOUR ( '', #7191 ) ;
#3799 = VERTEX_POINT ( 'NONE', #6903 ) ;
#3800 = VECTOR ( 'NONE', #3976, 1000.000000000000000 ) ;
#3801 = CARTESIAN_POINT ( 'NONE',  ( -11.12520000000000131, 1.523999999999999355, 2.226310000000002010 ) ) ;
#3802 = ORIENTED_EDGE ( 'NONE', *, *, #4264, .T. ) ;
#3803 = DIRECTION ( 'NONE',  ( 0.000000000000000000, 0.000000000000000000, 1.000000000000000000 ) ) ;
#3804 = ORIENTED_EDGE ( 'NONE', *, *, #2677, .F. ) ;
#3805 = EDGE_CURVE ( 'NONE', #7930, #2951, #7501, .T. ) ;
#3806 = CARTESIAN_POINT ( 'NONE',  ( -1.574800000000001088, 1.523999999999999355, 2.625090000000000146 ) ) ;
#3807 = VECTOR ( 'NONE', #2892, 1000.000000000000000 ) ;
#3808 = CARTESIAN_POINT ( 'NONE',  ( 3.079749999999999321, 11.93800000000000061, 2.438400000000000123 ) ) ;
#3809 = AXIS2_PLACEMENT_3D ( 'NONE', #5652, #1406, #6454 ) ;
#3810 = PLANE ( 'NONE',  #2341 ) ;
#3811 = FACE_OUTER_BOUND ( 'NONE', #1907, .T. ) ;
#3812 = DIRECTION ( 'NONE',  ( -1.000000000000000000, 0.000000000000000000, 0.000000000000000000 ) ) ;
#3813 = VECTOR ( 'NONE', #9209, 1000.000000000000000 ) ;
#3814 = LINE ( 'NONE', #4461, #4451 ) ;
#3815 = FACE_OUTER_BOUND ( 'NONE', #153, .T. ) ;
#3816 = DIRECTION ( 'NONE',  ( 0.2567226118398958090, -0.9664851269264842504, -0.000000000000000000 ) ) ;
#3817 = DIRECTION ( 'NONE',  ( 0.000000000000000000, 0.000000000000000000, -1.000000000000000000 ) ) ;
#3818 = AXIS2_PLACEMENT_3D ( 'NONE', #9141, #946, #8427 ) ;
#3819 = SURFACE_STYLE_USAGE ( .BOTH. , #3923 ) ;
#3820 = DIRECTION ( 'NONE',  ( -1.000000000000000000, 0.000000000000000000, 0.000000000000000000 ) ) ;
#3821 = DIRECTION ( 'NONE',  ( 0.000000000000000000, 0.000000000000000000, -1.000000000000000000 ) ) ;
#3822 = AXIS2_PLACEMENT_3D ( 'NONE', #8712, #618, #5780 ) ;
#3823 = CYLINDRICAL_SURFACE ( 'NONE', #4036, 2.158999999999999364 ) ;
#3824 = ORIENTED_EDGE ( 'NONE', *, *, #7431, .T. ) ;
#3825 = EDGE_CURVE ( 'NONE', #7541, #2440, #1361, .T. ) ;
#3826 = EDGE_LOOP ( 'NONE', ( #1003, #1943, #8317, #1059 ) ) ;
#3827 = CARTESIAN_POINT ( 'NONE',  ( -11.12520000000000131, -3.175000000000000711, 2.625090000000000146 ) ) ;
#3828 = CARTESIAN_POINT ( 'NONE',  ( 5.619749999999999801, 11.93800000000000061, -2.438400000000001899 ) ) ;
#3829 = CARTESIAN_POINT ( 'NONE',  ( -12.70000000000000284, 0.000000000000000000, -3.810000000000002718 ) ) ;
#3830 = ORIENTED_EDGE ( 'NONE', *, *, #7083, .T. ) ;
#3831 = ORIENTED_EDGE ( 'NONE', *, *, #5429, .F. ) ;
#3832 =( LENGTH_UNIT ( ) NAMED_UNIT ( * ) SI_UNIT ( .MILLI., .METRE. ) );
#3833 = EDGE_CURVE ( 'NONE', #4402, #323, #2164, .T. ) ;
#3834 = VERTEX_POINT ( 'NONE', #582 ) ;
#3835 = EDGE_CURVE ( 'NONE', #8465, #6249, #3518, .T. ) ;
#3836 = DIRECTION ( 'NONE',  ( 1.000000000000000000, 0.000000000000000000, 0.000000000000000000 ) ) ;
#3837 = VERTEX_POINT ( 'NONE', #8001 ) ;
#3838 = LINE ( 'NONE', #184, #1330 ) ;
#3839 = ORIENTED_EDGE ( 'NONE', *, *, #4179, .F. ) ;
#3840 = EDGE_CURVE ( 'NONE', #6453, #922, #5741, .T. ) ;
#3841 = DIRECTION ( 'NONE',  ( 0.000000000000000000, 0.000000000000000000, -1.000000000000000000 ) ) ;
#3842 = DIRECTION ( 'NONE',  ( 0.000000000000000000, 0.000000000000000000, -1.000000000000000000 ) ) ;
#3843 =( NAMED_UNIT ( * ) SI_UNIT ( $, .STERADIAN. ) SOLID_ANGLE_UNIT ( ) );
#3844 = EDGE_CURVE ( 'NONE', #4951, #4473, #6505, .T. ) ;
#3845 = DIRECTION ( 'NONE',  ( 0.000000000000000000, 1.000000000000000000, 0.000000000000000000 ) ) ;
#3846 = VERTEX_POINT ( 'NONE', #8621 ) ;
#3847 = CARTESIAN_POINT ( 'NONE',  ( 8.159750000000000725, 11.93800000000000061, -2.438400000000001899 ) ) ;
#3848 = SURFACE_SIDE_STYLE ('',( #1684 ) ) ;
#3849 = ORIENTED_EDGE ( 'NONE', *, *, #5466, .T. ) ;
#3850 = CARTESIAN_POINT ( 'NONE',  ( -9.620250000000003965, 10.33638951052392230, 0.9905999999999317573 ) ) ;
#3851 = ORIENTED_EDGE ( 'NONE', *, *, #6651, .T. ) ;
#3852 = FILL_AREA_STYLE_COLOUR ( '', #940 ) ;
#3853 = EDGE_LOOP ( 'NONE', ( #6290, #202, #1559, #2914 ) ) ;
#3854 = DIRECTION ( 'NONE',  ( 1.000000000000000000, -0.000000000000000000, -0.000000000000000000 ) ) ;
#3855 = PRESENTATION_LAYER_ASSIGNMENT (  '', '', ( #8172 ) ) ;
#3856 = ADVANCED_FACE ( 'NONE', ( #8672 ), #3422, .F. ) ;
#3857 = FACE_OUTER_BOUND ( 'NONE', #2387, .T. ) ;
#3858 = DIRECTION ( 'NONE',  ( -0.2567226118398023837, 0.9664851269265090083, 0.000000000000000000 ) ) ;
#3859 = LINE ( 'NONE', #6788, #1897 ) ;
#3860 = FACE_OUTER_BOUND ( 'NONE', #5488, .T. ) ;
#3861 = EDGE_CURVE ( 'NONE', #7091, #1832, #2846, .T. ) ;
#3862 = ORIENTED_EDGE ( 'NONE', *, *, #2278, .F. ) ;
#3863 = DIRECTION ( 'NONE',  ( 1.000000000000000000, -0.000000000000000000, -0.000000000000000000 ) ) ;
#3864 = CARTESIAN_POINT ( 'NONE',  ( -16.00200000000000244, 4.572000000000000064, -3.810000000000002718 ) ) ;
#3865 = FACE_OUTER_BOUND ( 'NONE', #8232, .T. ) ;
#3866 = LINE ( 'NONE', #6938, #5002 ) ;
#3867 = DIRECTION ( 'NONE',  ( 0.000000000000000000, 1.000000000000000000, 0.000000000000000000 ) ) ;
#3868 = CARTESIAN_POINT ( 'NONE',  ( -14.86273853094340325, 14.86273853094340325, -0.9906000000000003691 ) ) ;
#3869 = CARTESIAN_POINT ( 'NONE',  ( -5.619749999999999801, 15.49400000000000155, 0.000000000000000000 ) ) ;
#3870 = UNCERTAINTY_MEASURE_WITH_UNIT (LENGTH_MEASURE( 1.000000000000000082E-05 ), #3761, 'distance_accuracy_value', 'NONE');
#3871 = CARTESIAN_POINT ( 'NONE',  ( -16.00200000000000244, -3.175000000000000711, 2.226310000000002010 ) ) ;
#3872 = ORIENTED_EDGE ( 'NONE', *, *, #68, .T. ) ;
#3873 = VERTEX_POINT ( 'NONE', #624 ) ;
#3874 = VECTOR ( 'NONE', #2032, 1000.000000000000114 ) ;
#3875 = VECTOR ( 'NONE', #3957, 1000.000000000000000 ) ;
#3876 = FACE_OUTER_BOUND ( 'NONE', #95, .T. ) ;
#3877 = DIRECTION ( 'NONE',  ( 0.000000000000000000, 0.000000000000000000, -1.000000000000000000 ) ) ;
#3878 = DIRECTION ( 'NONE',  ( 0.000000000000000000, 1.000000000000000000, 0.000000000000000000 ) ) ;
#3879 = EDGE_CURVE ( 'NONE', #1331, #2728, #9490, .T. ) ;
#3880 = VECTOR ( 'NONE', #6091, 1000.000000000000000 ) ;
#3881 = AXIS2_PLACEMENT_3D ( 'NONE', #7322, #5071, #3034 ) ;
#3882 = VERTEX_POINT ( 'NONE', #6451 ) ;
#3883 = ORIENTED_EDGE ( 'NONE', *, *, #9363, .T. ) ;
#3884 = CARTESIAN_POINT ( 'NONE',  ( -11.12943335351999963, 1.523999999999999355, -1.157051056099001496 ) ) ;
#3885 = VECTOR ( 'NONE', #2668, 1000.000000000000000 ) ;
#3886 = EDGE_LOOP ( 'NONE', ( #8312, #8894 ) ) ;
#3887 = CARTESIAN_POINT ( 'NONE',  ( 9.194800000000002527, 1.523999999999999355, 2.226310000000002010 ) ) ;
#3888 = VECTOR ( 'NONE', #4754, 1000.000000000000227 ) ;
#3889 = ORIENTED_EDGE ( 'NONE', *, *, #6774, .F. ) ;
#3890 = CARTESIAN_POINT ( 'NONE',  ( -16.00200000000000244, -3.175000000000000711, 2.226310000000002010 ) ) ;
#3891 = ORIENTED_EDGE ( 'NONE', *, *, #6310, .T. ) ;
#3892 = LINE ( 'NONE', #6821, #2259 ) ;
#3893 = FACE_OUTER_BOUND ( 'NONE', #6372, .T. ) ;
#3894 = AXIS2_PLACEMENT_3D ( 'NONE', #2156, #2109, #8854 ) ;
#3895 = EDGE_CURVE ( 'NONE', #6857, #1612, #9438, .T. ) ;
#3896 = CARTESIAN_POINT ( 'NONE',  ( 8.585200000000000387, 1.523999999999999355, -2.625089999999998369 ) ) ;
#3897 = ORIENTED_EDGE ( 'NONE', *, *, #315, .T. ) ;
#3898 = CARTESIAN_POINT ( 'NONE',  ( 12.16024999999999778, 15.49400000000000155, 0.000000000000000000 ) ) ;
#3899 = FILL_AREA_STYLE ('',( #2294 ) ) ;
#3900 = EDGE_CURVE ( 'NONE', #1035, #4437, #9296, .T. ) ;
#3901 = ORIENTED_EDGE ( 'NONE', *, *, #8141, .T. ) ;
#3902 = DIRECTION ( 'NONE',  ( 0.000000000000000000, 1.000000000000000000, 0.000000000000000000 ) ) ;
#3903 = AXIS2_PLACEMENT_3D ( 'NONE', #6252, #9188, #2596 ) ;
#3904 = PRESENTATION_LAYER_ASSIGNMENT (  '', '', ( #3426 ) ) ;
#3905 = ORIENTED_EDGE ( 'NONE', *, *, #9246, .T. ) ;
#3906 = ORIENTED_EDGE ( 'NONE', *, *, #3135, .F. ) ;
#3907 = DIRECTION ( 'NONE',  ( -1.000000000000000000, 0.000000000000000000, 0.000000000000000000 ) ) ;
#3908 = EDGE_CURVE ( 'NONE', #4710, #1788, #5788, .T. ) ;
#3909 = EDGE_CURVE ( 'NONE', #2481, #7591, #8720, .T. ) ;
#3910 = CARTESIAN_POINT ( 'NONE',  ( 6.045200000000000351, 1.523999999999999355, 2.226310000000002010 ) ) ;
#3911 = AXIS2_PLACEMENT_3D ( 'NONE', #9371, #2875, #3649 ) ;
#3912 = PRESENTATION_LAYER_ASSIGNMENT (  '', '', ( #5902 ) ) ;
#3913 = DIRECTION ( 'NONE',  ( 0.9858211730926114136, 0.000000000000000000, -0.1677993286110156523 ) ) ;
#3914 = LINE ( 'NONE', #6125, #725 ) ;
#3915 = EDGE_LOOP ( 'NONE', ( #2858, #9053, #5339, #8459, #4373 ) ) ;
#3916 = CARTESIAN_POINT ( 'NONE',  ( 10.72038749999999752, 1.523999999999999355, 2.625090000000000146 ) ) ;
#3917 = LINE ( 'NONE', #4653, #2795 ) ;
#3918 = FILL_AREA_STYLE_COLOUR ( '', #4131 ) ;
#3919 = FACE_OUTER_BOUND ( 'NONE', #523, .T. ) ;
#3920 = STYLED_ITEM ( 'NONE', ( #2811 ), #4438 ) ;
#3921 = DIRECTION ( 'NONE',  ( 0.000000000000000000, -1.000000000000000000, 0.000000000000000000 ) ) ;
#3922 = CARTESIAN_POINT ( 'NONE',  ( -3.505199999999999871, 0.000000000000000000, 2.625090000000000146 ) ) ;
#3923 = SURFACE_SIDE_STYLE ('',( #8348 ) ) ;
#3924 = LINE ( 'NONE', #318, #6375 ) ;
#3925 = PLANE ( 'NONE',  #7177 ) ;
#3926 = DIRECTION ( 'NONE',  ( -0.8265992788013936110, 0.000000000000000000, -0.5627909312391379260 ) ) ;
#3927 = VECTOR ( 'NONE', #5081, 1000.000000000000000 ) ;
#3928 = ORIENTED_EDGE ( 'NONE', *, *, #5194, .T. ) ;
#3929 = ORIENTED_EDGE ( 'NONE', *, *, #5698, .F. ) ;
#3930 = DIRECTION ( 'NONE',  ( 0.000000000000000000, 1.000000000000000000, 0.000000000000000000 ) ) ;
#3931 = FACE_OUTER_BOUND ( 'NONE', #5156, .T. ) ;
#3932 = VECTOR ( 'NONE', #3774, 1000.000000000000114 ) ;
#3933 = EDGE_CURVE ( 'NONE', #6615, #303, #7134, .T. ) ;
#3934 = VECTOR ( 'NONE', #5104, 1000.000000000000000 ) ;
#3935 = PLANE ( 'NONE',  #3145 ) ;
#3936 = VERTEX_POINT ( 'NONE', #9344 ) ;
#3937 = EDGE_LOOP ( 'NONE', ( #8496, #2489, #5461, #3485 ) ) ;
#3938 = VECTOR ( 'NONE', #9293, 1000.000000000000000 ) ;
#3939 = CARTESIAN_POINT ( 'NONE',  ( 16.05555164856999895, 13.97000000000000064, 2.514599999999998836 ) ) ;
#3940 = VERTEX_POINT ( 'NONE', #2121 ) ;
#3941 = CLOSED_SHELL ( 'NONE', ( #4682, #3352, #848, #1619, #7957, #2514, #6066, #9129 ) ) ;
#3942 = DIRECTION ( 'NONE',  ( -1.000000000000000000, 0.000000000000000000, 0.000000000000000000 ) ) ;
#3943 = EDGE_CURVE ( 'NONE', #2872, #4596, #4153, .T. ) ;
#3944 = VERTEX_POINT ( 'NONE', #486 ) ;
#3945 = LINE ( 'NONE', #6767, #4262 ) ;
#3946 = VERTEX_POINT ( 'NONE', #8578 ) ;
#3947 = CARTESIAN_POINT ( 'NONE',  ( 1.574800000000001088, 1.523999999999999355, 2.625090000000000146 ) ) ;
#3948 = CARTESIAN_POINT ( 'NONE',  ( 9.599612500000000992, 1.523999999999999355, -2.226310000000000233 ) ) ;
#3949 = DIRECTION ( 'NONE',  ( -0.9664851269264842504, -0.2567226118398958090, 0.000000000000000000 ) ) ;
#3950 = EDGE_LOOP ( 'NONE', ( #3263, #714, #6284, #5998 ) ) ;
#3951 = CARTESIAN_POINT ( 'NONE',  ( -6.654800000000002491, -3.175000000000000711, -2.226310000000000233 ) ) ;
#3952 = DIRECTION ( 'NONE',  ( 0.000000000000000000, -1.000000000000000000, 0.000000000000000000 ) ) ;
#3953 = ORIENTED_EDGE ( 'NONE', *, *, #7782, .T. ) ;
#3954 = DIRECTION ( 'NONE',  ( -0.000000000000000000, -1.000000000000000000, -0.000000000000000000 ) ) ;
#3955 = EDGE_CURVE ( 'NONE', #181, #7385, #1977, .T. ) ;
#3956 = ORIENTED_EDGE ( 'NONE', *, *, #2018, .T. ) ;
#3957 = DIRECTION ( 'NONE',  ( 0.000000000000000000, -1.000000000000000000, 0.000000000000000000 ) ) ;
#3958 = VECTOR ( 'NONE', #8370, 1000.000000000000000 ) ;
#3959 = ORIENTED_EDGE ( 'NONE', *, *, #4346, .T. ) ;
#3960 = ADVANCED_FACE ( 'NONE', ( #4203 ), #2746, .T. ) ;
#3961 = CARTESIAN_POINT ( 'NONE',  ( -13.97000000000000242, 13.97000000000000064, 0.9906000000000012573 ) ) ;
#3962 = VECTOR ( 'NONE', #3047, 1000.000000000000000 ) ;
#3963 = CARTESIAN_POINT ( 'NONE',  ( -11.55276666162009036, 1.397000000000000686, -1.221902112197867707 ) ) ;
#3964 = DIRECTION ( 'NONE',  ( 0.000000000000000000, 1.000000000000000000, 0.000000000000000000 ) ) ;
#3965 = ORIENTED_EDGE ( 'NONE', *, *, #3900, .F. ) ;
#3966 = PLANE ( 'NONE',  #1888 ) ;
#3967 = EDGE_CURVE ( 'NONE', #4955, #3133, #1457, .T. ) ;
#3968 = EDGE_CURVE ( 'NONE', #4596, #1768, #2264, .T. ) ;
#3969 = FACE_OUTER_BOUND ( 'NONE', #3534, .T. ) ;
#3970 = PLANE ( 'NONE',  #2649 ) ;
#3971 = AXIS2_PLACEMENT_3D ( 'NONE', #7550, #4634, #937 ) ;
#3972 = DIRECTION ( 'NONE',  ( -0.2567226118398510670, -0.9664851269264960187, 0.000000000000000000 ) ) ;
#3973 = CARTESIAN_POINT ( 'NONE',  ( -15.23999999999999666, 15.49400000000000155, 3.911600000000001298 ) ) ;
#3974 = EDGE_CURVE ( 'NONE', #7731, #6181, #8146, .T. ) ;
#3975 = DIRECTION ( 'NONE',  ( -1.000000000000000000, 0.000000000000000000, 0.000000000000000000 ) ) ;
#3976 = DIRECTION ( 'NONE',  ( 0.000000000000000000, 0.000000000000000000, -1.000000000000000000 ) ) ;
#3977 = VECTOR ( 'NONE', #7170, 1000.000000000000000 ) ;
#3978 = LINE ( 'NONE', #6277, #3813 ) ;
#3979 = VERTEX_POINT ( 'NONE', #8241 ) ;
#3980 = ORIENTED_EDGE ( 'NONE', *, *, #8914, .T. ) ;
#3981 = PLANE ( 'NONE',  #3461 ) ;
#3982 = FACE_OUTER_BOUND ( 'NONE', #4176, .T. ) ;
#3983 =( GEOMETRIC_REPRESENTATION_CONTEXT ( 3 ) GLOBAL_UNCERTAINTY_ASSIGNED_CONTEXT ( ( #6752 ) ) GLOBAL_UNIT_ASSIGNED_CONTEXT ( ( #8786, #4380, #6432 ) ) REPRESENTATION_CONTEXT ( 'NONE', 'WORKASPACE' ) );
#3984 = CARTESIAN_POINT ( 'NONE',  ( -11.74326666540999931, 1.523999999999999355, -1.243519130898000924 ) ) ;
#3985 = VERTEX_POINT ( 'NONE', #1549 ) ;
#3986 = EDGE_LOOP ( 'NONE', ( #5342, #5705, #4699, #2739 ) ) ;
#3987 = DIRECTION ( 'NONE',  ( 0.000000000000000000, -0.000000000000000000, 1.000000000000000000 ) ) ;
#3988 = EDGE_CURVE ( 'NONE', #1837, #5533, #1648, .T. ) ;
#3989 = ORIENTED_EDGE ( 'NONE', *, *, #1208, .T. ) ;
#3990 = FACE_OUTER_BOUND ( 'NONE', #595, .T. ) ;
#3991 = ORIENTED_EDGE ( 'NONE', *, *, #2141, .T. ) ;
#3992 = CARTESIAN_POINT ( 'NONE',  ( -4.519612499999999145, 1.523999999999999355, 2.625090000000000146 ) ) ;
#3993 = ORIENTED_EDGE ( 'NONE', *, *, #3943, .T. ) ;
#3994 = DIRECTION ( 'NONE',  ( -1.000000000000000000, 0.000000000000000000, 0.000000000000000000 ) ) ;
#3995 = ORIENTED_EDGE ( 'NONE', *, *, #217, .F. ) ;
#3996 = LINE ( 'NONE', #9090, #4612 ) ;
#3997 =( NAMED_UNIT ( * ) SI_UNIT ( $, .STERADIAN. ) SOLID_ANGLE_UNIT ( ) );
#3998 = ORIENTED_EDGE ( 'NONE', *, *, #4739, .T. ) ;
#3999 = CARTESIAN_POINT ( 'NONE',  ( -5.640387499999969023, 1.523999999999994026, 2.226310000000002010 ) ) ;
#4000 = ORIENTED_EDGE ( 'NONE', *, *, #4565, .F. ) ;
#4001 = CARTESIAN_POINT ( 'NONE',  ( -0.9651999999999993918, 0.000000000000000000, 2.625090000000000146 ) ) ;
#4002 = ORIENTED_EDGE ( 'NONE', *, *, #2868, .T. ) ;
#4003 = LINE ( 'NONE', #347, #2640 ) ;
#4004 = EDGE_CURVE ( 'NONE', #4643, #8858, #911, .T. ) ;
#4005 = DIRECTION ( 'NONE',  ( -0.2567226118398958090, 0.9664851269264842504, 0.000000000000000000 ) ) ;
#4006 =( LENGTH_UNIT ( ) NAMED_UNIT ( * ) SI_UNIT ( .MILLI., .METRE. ) );
#4007 = LINE ( 'NONE', #1239, #2102 ) ;
#4008 = ORIENTED_EDGE ( 'NONE', *, *, #8507, .T. ) ;
#4009 = DIRECTION ( 'NONE',  ( -1.000000000000000000, 0.000000000000000000, 0.000000000000000000 ) ) ;
#4010 = CARTESIAN_POINT ( 'NONE',  ( -2.000250000000002082, 11.93800000000000061, 2.438400000000000123 ) ) ;
#4011 = FACE_OUTER_BOUND ( 'NONE', #4639, .T. ) ;
#4012 = LINE ( 'NONE', #3140, #1302 ) ;
#4013 = EDGE_CURVE ( 'NONE', #6871, #6988, #4413, .T. ) ;
#4014 = CARTESIAN_POINT ( 'NONE',  ( -16.00200000000000244, 8.001000000000001222, -0.9905999999999994809 ) ) ;
#4015 = EDGE_CURVE ( 'NONE', #3391, #5199, #8277, .T. ) ;
#4016 = DIRECTION ( 'NONE',  ( -0.9664851269264842504, -0.2567226118398958090, 0.000000000000000000 ) ) ;
#4017 = DIRECTION ( 'NONE',  ( 0.000000000000000000, -1.000000000000000000, 0.000000000000000000 ) ) ;
#4018 = DIRECTION ( 'NONE',  ( 0.000000000000000000, -1.000000000000000000, 0.000000000000000000 ) ) ;
#4019 = EDGE_CURVE ( 'NONE', #7583, #7591, #164, .T. ) ;
#4020 = ORIENTED_EDGE ( 'NONE', *, *, #8017, .T. ) ;
#4021 = VECTOR ( 'NONE', #9466, 1000.000000000000000 ) ;
#4022 = EDGE_LOOP ( 'NONE', ( #4889, #5750, #7954, #1737 ) ) ;
#4023 = LINE ( 'NONE', #2574, #8709 ) ;
#4024 = CARTESIAN_POINT ( 'NONE',  ( 0.9651999999999993918, 0.000000000000000000, -2.226310000000000233 ) ) ;
#4025 = ADVANCED_FACE ( 'NONE', ( #7372 ), #723, .T. ) ;
#4026 = VERTEX_POINT ( 'NONE', #8913 ) ;
#4027 = VECTOR ( 'NONE', #897, 1000.000000000000000 ) ;
#4028 = VERTEX_POINT ( 'NONE', #863 ) ;
#4029 = DIRECTION ( 'NONE',  ( -1.000000000000000000, -0.000000000000000000, -0.000000000000000000 ) ) ;
#4030 = ORIENTED_EDGE ( 'NONE', *, *, #2295, .T. ) ;
#4031 = LINE ( 'NONE', #5443, #804 ) ;
#4032 = VECTOR ( 'NONE', #7090, 999.9999999999998863 ) ;
#4033 = VERTEX_POINT ( 'NONE', #8047 ) ;
#4034 = PLANE ( 'NONE',  #4578 ) ;
#4035 = ORIENTED_EDGE ( 'NONE', *, *, #4260, .T. ) ;
#4036 = AXIS2_PLACEMENT_3D ( 'NONE', #4568, #6605, #5897 ) ;
#4037 = LINE ( 'NONE', #1828, #4061 ) ;
#4038 = AXIS2_PLACEMENT_3D ( 'NONE', #8481, #7715, #4103 ) ;
#4039 = EDGE_CURVE ( 'NONE', #4895, #934, #3712, .T. ) ;
#4040 = AXIS2_PLACEMENT_3D ( 'NONE', #4077, #2482, #416 ) ;
#4041 = PLANE ( 'NONE',  #9242 ) ;
#4042 = ORIENTED_EDGE ( 'NONE', *, *, #8165, .T. ) ;
#4043 = CARTESIAN_POINT ( 'NONE',  ( 3.505199999999999871, -3.175000000000000711, -2.226310000000000233 ) ) ;
#4044 = CARTESIAN_POINT ( 'NONE',  ( 8.159750000000000725, 10.33638951052392230, 0.9905999999999317573 ) ) ;
#4045 = VECTOR ( 'NONE', #3616, 1000.000000000000000 ) ;
#4046 = CARTESIAN_POINT ( 'NONE',  ( -11.21410000000000551, 1.523999999999999355, -1.113817018699997830 ) ) ;
#4047 = ORIENTED_EDGE ( 'NONE', *, *, #4102, .F. ) ;
#4048 = PRESENTATION_STYLE_ASSIGNMENT (( #391 ) ) ;
#4049 = VERTEX_POINT ( 'NONE', #213 ) ;
#4050 = VECTOR ( 'NONE', #3002, 1000.000000000000000 ) ;
#4051 = STYLED_ITEM ( 'NONE', ( #3130 ), #6165 ) ;
#4052 = CARTESIAN_POINT ( 'NONE',  ( -11.65860000000000518, 1.523999999999999355, -1.329987205696001373 ) ) ;
#4053 = FACE_OUTER_BOUND ( 'NONE', #2333, .T. ) ;
#4054 = DIRECTION ( 'NONE',  ( -0.2567226118398958090, -0.9664851269264842504, 0.000000000000000000 ) ) ;
#4055 = LINE ( 'NONE', #2691, #122 ) ;
#4056 = VECTOR ( 'NONE', #8430, 1000.000000000000000 ) ;
#4057 = ORIENTED_EDGE ( 'NONE', *, *, #4845, .T. ) ;
#4058 = COLOUR_RGB ( '',0.7921568627450980005, 0.8196078431372548767, 0.9333333333333333481 ) ;
#4059 = LINE ( 'NONE', #1201, #7733 ) ;
#4060 = SURFACE_SIDE_STYLE ('',( #4835 ) ) ;
#4061 = VECTOR ( 'NONE', #458, 1000.000000000000114 ) ;
#4062 = VECTOR ( 'NONE', #8081, 1000.000000000000114 ) ;
#4063 = DIRECTION ( 'NONE',  ( 0.000000000000000000, -1.000000000000000000, 0.000000000000000000 ) ) ;
#4064 = FACE_OUTER_BOUND ( 'NONE', #839, .T. ) ;
#4065 = DIRECTION ( 'NONE',  ( 0.000000000000000000, 1.000000000000000000, 0.000000000000000000 ) ) ;
#4066 = CARTESIAN_POINT ( 'NONE',  ( 13.84300000000000175, 6.604000000000000092, -3.810000000000002718 ) ) ;
#4067 = CARTESIAN_POINT ( 'NONE',  ( -9.194800000000002527, -3.175000000000000711, -2.625089999999998369 ) ) ;
#4068 = ORIENTED_EDGE ( 'NONE', *, *, #6820, .F. ) ;
#4069 = EDGE_CURVE ( 'NONE', #1706, #8837, #3814, .T. ) ;
#4070 = CARTESIAN_POINT ( 'NONE',  ( 15.24000000000000021, 15.49400000000000155, 4.673600000000000421 ) ) ;
#4071 = DIRECTION ( 'NONE',  ( 0.000000000000000000, -1.000000000000000000, 0.000000000000000000 ) ) ;
#4072 = EDGE_CURVE ( 'NONE', #6668, #7967, #6078, .T. ) ;
#4073 = VECTOR ( 'NONE', #7815, 1000.000000000000000 ) ;
#4074 = VECTOR ( 'NONE', #5229, 1000.000000000000000 ) ;
#4075 = ORIENTED_EDGE ( 'NONE', *, *, #7123, .T. ) ;
#4076 = EDGE_LOOP ( 'NONE', ( #3736, #4516, #193, #7663 ) ) ;
#4077 = CARTESIAN_POINT ( 'NONE',  ( -9.620250000000003965, 11.93800000000000061, -2.438400000000001899 ) ) ;
#4078 = ORIENTED_EDGE ( 'NONE', *, *, #823, .T. ) ;
#4079 = DIRECTION ( 'NONE',  ( 1.000000000000000000, 0.000000000000000000, 0.000000000000000000 ) ) ;
#4080 = VECTOR ( 'NONE', #6995, 1000.000000000000000 ) ;
#4081 = EDGE_CURVE ( 'NONE', #1146, #1046, #3134, .T. ) ;
#4082 = AXIS2_PLACEMENT_3D ( 'NONE', #3768, #5840, #116 ) ;
#4083 = EDGE_CURVE ( 'NONE', #2229, #8113, #6026, .T. ) ;
#4084 = VERTEX_POINT ( 'NONE', #3764 ) ;
#4085 = PLANE ( 'NONE',  #8862 ) ;
#4086 = ORIENTED_EDGE ( 'NONE', *, *, #1541, .F. ) ;
#4087 = CARTESIAN_POINT ( 'NONE',  ( 1.574800000000001088, 0.000000000000000000, -2.625089999999998369 ) ) ;
#4088 = VECTOR ( 'NONE', #1931, 1000.000000000000000 ) ;
#4089 = CLOSED_SHELL ( 'NONE', ( #3124, #6184, #9212, #8065, #8937, #6452, #8850, #2602 ) ) ;
#4090 = ORIENTED_EDGE ( 'NONE', *, *, #8489, .T. ) ;
#4091 = CARTESIAN_POINT ( 'NONE',  ( 6.654799999999995386, -3.175000000000000711, 2.226310000000002010 ) ) ;
#4092 = CARTESIAN_POINT ( 'NONE',  ( -12.70000000000000284, 1.523999999999999355, -1.540677576214998235 ) ) ;
#4093 = EDGE_LOOP ( 'NONE', ( #3512, #2531, #2866, #4860 ) ) ;
#4094 = CARTESIAN_POINT ( 'NONE',  ( -11.65860000000000518, 1.397000000000000686, -1.329987205696001373 ) ) ;
#4095 = ORIENTED_EDGE ( 'NONE', *, *, #9519, .F. ) ;
#4096 = CARTESIAN_POINT ( 'NONE',  ( 13.97000000000000242, 8.001000000000001222, -0.9905999999999994809 ) ) ;
#4097 = EDGE_CURVE ( 'NONE', #8490, #1776, #6644, .T. ) ;
#4098 = DIRECTION ( 'NONE',  ( 0.000000000000000000, 1.000000000000000000, 0.000000000000000000 ) ) ;
#4099 =( NAMED_UNIT ( * ) SI_UNIT ( $, .STERADIAN. ) SOLID_ANGLE_UNIT ( ) );
#4100 = EDGE_LOOP ( 'NONE', ( #5803, #5925, #5154, #6513 ) ) ;
#4101 = DIRECTION ( 'NONE',  ( 0.000000000000000000, 0.000000000000000000, -1.000000000000000000 ) ) ;
#4102 = EDGE_CURVE ( 'NONE', #254, #3120, #5318, .T. ) ;
#4103 = DIRECTION ( 'NONE',  ( -1.000000000000000000, 0.000000000000000000, 0.000000000000000000 ) ) ;
#4104 = VECTOR ( 'NONE', #6809, 1000.000000000000000 ) ;
#4105 = DIRECTION ( 'NONE',  ( -1.000000000000000000, -0.000000000000000000, -0.000000000000000000 ) ) ;
#4106 = CARTESIAN_POINT ( 'NONE',  ( 15.24000000000000021, 15.51387510473823994, -3.810000000000002718 ) ) ;
#4107 = DIRECTION ( 'NONE',  ( -0.000000000000000000, 1.000000000000000000, -0.000000000000000000 ) ) ;
#4108 = EDGE_CURVE ( 'NONE', #3450, #3882, #5124, .T. ) ;
#4109 = DIRECTION ( 'NONE',  ( 1.000000000000000000, -0.000000000000000000, -0.000000000000000000 ) ) ;
#4110 = VECTOR ( 'NONE', #8008, 1000.000000000000000 ) ;
#4111 = ORIENTED_EDGE ( 'NONE', *, *, #8789, .T. ) ;
#4112 = COLOUR_RGB ( '',0.7921568627450980005, 0.8196078431372548767, 0.9333333333333333481 ) ;
#4113 = FACE_OUTER_BOUND ( 'NONE', #6040, .T. ) ;
#4114 = CARTESIAN_POINT ( 'NONE',  ( 11.12520000000000131, 0.000000000000000000, -2.625089999999998369 ) ) ;
#4115 = VECTOR ( 'NONE', #623, 1000.000000000000000 ) ;
#4116 = ADVANCED_FACE ( 'NONE', ( #4554 ), #8962, .T. ) ;
#4117 = ORIENTED_EDGE ( 'NONE', *, *, #2214, .F. ) ;
#4118 = EDGE_LOOP ( 'NONE', ( #3785, #4142, #7789, #8594, #6490, #8319, #6093, #2512 ) ) ;
#4119 = DIRECTION ( 'NONE',  ( 0.6996248298838071422, 0.000000000000000000, 0.7145103899944730275 ) ) ;
#4120 = VERTEX_POINT ( 'NONE', #8293 ) ;
#4121 = AXIS2_PLACEMENT_3D ( 'NONE', #7418, #3038, #6791 ) ;
#4122 = ORIENTED_EDGE ( 'NONE', *, *, #7263, .T. ) ;
#4123 = CARTESIAN_POINT ( 'NONE',  ( -11.45540000000000447, 1.397000000000000686, 2.108200000000000962 ) ) ;
#4124 = VERTEX_POINT ( 'NONE', #262 ) ;
#4125 = DIRECTION ( 'NONE',  ( -0.2377711385310060377, 0.000000000000000000, -0.9713212062349246834 ) ) ;
#4126 = DIRECTION ( 'NONE',  ( -1.000000000000000000, 0.000000000000000000, 0.000000000000000000 ) ) ;
#4127 = EDGE_CURVE ( 'NONE', #8378, #6857, #6127, .T. ) ;
#4128 = ADVANCED_FACE ( 'NONE', ( #4652 ), #3183, .F. ) ;
#4129 = ORIENTED_EDGE ( 'NONE', *, *, #4608, .T. ) ;
#4130 = DIRECTION ( 'NONE',  ( -1.000000000000000000, 0.000000000000000000, 0.000000000000000000 ) ) ;
#4131 = COLOUR_RGB ( '',0.2509803921568627416, 0.2509803921568627416, 0.2509803921568627416 ) ;
#4132 = CARTESIAN_POINT ( 'NONE',  ( -10.69975000000000165, 15.49400000000000155, 0.000000000000000000 ) ) ;
#4133 = EDGE_CURVE ( 'NONE', #8378, #5993, #963, .T. ) ;
#4134 = ORIENTED_EDGE ( 'NONE', *, *, #1512, .F. ) ;
#4135 = FILL_AREA_STYLE_COLOUR ( '', #1392 ) ;
#4136 = ORIENTED_EDGE ( 'NONE', *, *, #7417, .T. ) ;
#4137 = EDGE_CURVE ( 'NONE', #2111, #3407, #5794, .T. ) ;
#4138 = LINE ( 'NONE', #3364, #1881 ) ;
#4139 = FACE_OUTER_BOUND ( 'NONE', #2380, .T. ) ;
#4140 = LINE ( 'NONE', #9424, #658 ) ;
#4141 = DIRECTION ( 'NONE',  ( -0.8981380143666251037, 0.000000000000000000, 0.4397136649566123490 ) ) ;
#4142 = ORIENTED_EDGE ( 'NONE', *, *, #8060, .F. ) ;
#4143 = ORIENTED_EDGE ( 'NONE', *, *, #6359, .F. ) ;
#4144 = CARTESIAN_POINT ( 'NONE',  ( -11.61626666162000276, 1.523999999999999355, -2.000114891362000602 ) ) ;
#4145 = EDGE_LOOP ( 'NONE', ( #372, #6283, #5360, #7682 ) ) ;
#4146 = DIRECTION ( 'NONE',  ( 0.000000000000000000, -1.000000000000000000, 0.000000000000000000 ) ) ;
#4147 = EDGE_CURVE ( 'NONE', #7101, #6568, #5699, .T. ) ;
#4148 = FACE_OUTER_BOUND ( 'NONE', #487, .T. ) ;
#4149 = EDGE_CURVE ( 'NONE', #9503, #5386, #2752, .T. ) ;
#4150 = DIRECTION ( 'NONE',  ( 1.000000000000000000, -0.000000000000000000, -0.000000000000000000 ) ) ;
#4151 = CARTESIAN_POINT ( 'NONE',  ( -8.159750000000000725, 11.93800000000000061, -2.438400000000001899 ) ) ;
#4152 = CARTESIAN_POINT ( 'NONE',  ( -7.080250000000003041, 13.53961048947607893, -0.9905999999999335337 ) ) ;
#4153 = LINE ( 'NONE', #6552, #5849 ) ;
#4154 = ORIENTED_EDGE ( 'NONE', *, *, #8009, .F. ) ;
#4155 = CARTESIAN_POINT ( 'NONE',  ( -6.654800000000002491, -3.175000000000000711, 2.226310000000002010 ) ) ;
#4156 = CARTESIAN_POINT ( 'NONE',  ( -11.78560000000000052, 1.523999999999999355, -2.108199999999999186 ) ) ;
#4157 = DIRECTION ( 'NONE',  ( -0.000000000000000000, 1.000000000000000000, -0.000000000000000000 ) ) ;
#4158 = LINE ( 'NONE', #5084, #7309 ) ;
#4159 = UNCERTAINTY_MEASURE_WITH_UNIT (LENGTH_MEASURE( 1.000000000000000082E-05 ), #6771, 'distance_accuracy_value', 'NONE');
#4160 = ORIENTED_EDGE ( 'NONE', *, *, #4947, .T. ) ;
#4161 = VERTEX_POINT ( 'NONE', #3480 ) ;
#4162 = CARTESIAN_POINT ( 'NONE',  ( 11.12520000000000131, 0.000000000000000000, -2.226309999999997125 ) ) ;
#4163 = ORIENTED_EDGE ( 'NONE', *, *, #9031, .F. ) ;
#4164 = ORIENTED_EDGE ( 'NONE', *, *, #9044, .T. ) ;
#4165 = CARTESIAN_POINT ( 'NONE',  ( -8.159750000000000725, 15.49400000000000155, 0.000000000000000000 ) ) ;
#4166 = ORIENTED_EDGE ( 'NONE', *, *, #4015, .F. ) ;
#4167 = EDGE_CURVE ( 'NONE', #4437, #6374, #7236, .T. ) ;
#4168 = SURFACE_STYLE_FILL_AREA ( #1869 ) ;
#4169 = DIRECTION ( 'NONE',  ( -1.000000000000000000, 0.000000000000000000, 0.000000000000000000 ) ) ;
#4170 = ORIENTED_EDGE ( 'NONE', *, *, #3419, .F. ) ;
#4171 = PLANE ( 'NONE',  #9496 ) ;
#4172 = CARTESIAN_POINT ( 'NONE',  ( -11.12520000000000131, 0.000000000000000000, 2.625090000000000146 ) ) ;
#4173 = ORIENTED_EDGE ( 'NONE', *, *, #8710, .T. ) ;
#4174 = VECTOR ( 'NONE', #2299, 1000.000000000000000 ) ;
#4175 = LINE ( 'NONE', #2683, #7716 ) ;
#4176 = EDGE_LOOP ( 'NONE', ( #2298, #9331, #1217, #1987, #3851, #9450 ) ) ;
#4177 = ADVANCED_FACE ( 'NONE', ( #3576 ), #3525, .T. ) ;
#4178 = DIRECTION ( 'NONE',  ( 0.000000000000000000, 1.000000000000000000, 0.000000000000000000 ) ) ;
#4179 = EDGE_CURVE ( 'NONE', #5392, #3001, #4158, .T. ) ;
#4180 = CARTESIAN_POINT ( 'NONE',  ( 16.00199999999999889, 6.604000000000000092, 3.911600000000001298 ) ) ;
#4181 =( GEOMETRIC_REPRESENTATION_CONTEXT ( 3 ) GLOBAL_UNCERTAINTY_ASSIGNED_CONTEXT ( ( #9282 ) ) GLOBAL_UNIT_ASSIGNED_CONTEXT ( ( #3832, #838, #6719 ) ) REPRESENTATION_CONTEXT ( 'NONE', 'WORKASPACE' ) );
#4182 = CARTESIAN_POINT ( 'NONE',  ( -9.599612500000000992, 1.523999999999999355, 2.226309999999998901 ) ) ;
#4183 = EDGE_CURVE ( 'NONE', #5505, #1331, #4265, .T. ) ;
#4184 = CARTESIAN_POINT ( 'NONE',  ( 14.86273853094340502, 14.86273853094340147, -0.9905999999999974825 ) ) ;
#4185 = AXIS2_PLACEMENT_3D ( 'NONE', #6420, #1469, #7240 ) ;
#4186 = VECTOR ( 'NONE', #1204, 1000.000000000000114 ) ;
#4187 = CARTESIAN_POINT ( 'NONE',  ( -11.04476664647999939, 1.523999999999999355, -1.459689378452000863 ) ) ;
#4188 = CARTESIAN_POINT ( 'NONE',  ( -1.574800000000001088, 0.000000000000000000, -2.226310000000000233 ) ) ;
#4189 = ORIENTED_EDGE ( 'NONE', *, *, #7485, .T. ) ;
#4190 = CARTESIAN_POINT ( 'NONE',  ( 12.69999999999999929, 0.000000000000000000, -2.540000000000002256 ) ) ;
#4191 = VECTOR ( 'NONE', #8383, 1000.000000000000000 ) ;
#4192 = ORIENTED_EDGE ( 'NONE', *, *, #2235, .F. ) ;
#4193 = FILL_AREA_STYLE_COLOUR ( '', #142 ) ;
#4194 = ADVANCED_FACE ( 'NONE', ( #7963 ), #7285, .F. ) ;
#4195 = LINE ( 'NONE', #9381, #3329 ) ;
#4196 = VECTOR ( 'NONE', #7131, 1000.000000000000000 ) ;
#4197 = ADVANCED_FACE ( 'NONE', ( #9497 ), #4986, .T. ) ;
#4198 = CARTESIAN_POINT ( 'NONE',  ( -3.079749999999999321, 11.93800000000000061, 2.438400000000000123 ) ) ;
#4199 = VECTOR ( 'NONE', #1383, 1000.000000000000000 ) ;
#4200 = DIRECTION ( 'NONE',  ( -0.000000000000000000, 1.000000000000000000, -0.000000000000000000 ) ) ;
#4201 = FACE_OUTER_BOUND ( 'NONE', #7594, .T. ) ;
#4202 = CARTESIAN_POINT ( 'NONE',  ( -16.00200000000000244, 1.523999999999999355, 2.625090000000000146 ) ) ;
#4203 = FACE_OUTER_BOUND ( 'NONE', #2581, .T. ) ;
#4204 = ORIENTED_EDGE ( 'NONE', *, *, #8601, .T. ) ;
#4205 = CARTESIAN_POINT ( 'NONE',  ( 9.620249999999996859, 11.93800000000000061, -2.438400000000001899 ) ) ;
#4206 = VECTOR ( 'NONE', #3322, 1000.000000000000000 ) ;
#4207 = LINE ( 'NONE', #5655, #6836 ) ;
#4208 = COLOUR_RGB ( '',0.7921568627450980005, 0.8196078431372548767, 0.9333333333333333481 ) ;
#4209 = CARTESIAN_POINT ( 'NONE',  ( 3.505199999999999871, -3.175000000000000711, 2.625090000000000146 ) ) ;
#4210 = CARTESIAN_POINT ( 'NONE',  ( 12.13961250000000014, 1.523999999999999355, -2.625089999999998369 ) ) ;
#4211 = VECTOR ( 'NONE', #5208, 1000.000000000000000 ) ;
#4212 = DIRECTION ( 'NONE',  ( 0.000000000000000000, -1.000000000000000000, 0.000000000000000000 ) ) ;
#4213 = EDGE_CURVE ( 'NONE', #4922, #4327, #1317, .T. ) ;
#4214 = ORIENTED_EDGE ( 'NONE', *, *, #7507, .F. ) ;
#4215 = DIRECTION ( 'NONE',  ( -0.000000000000000000, -1.000000000000000000, -0.000000000000000000 ) ) ;
#4216 = VECTOR ( 'NONE', #2245, 1000.000000000000000 ) ;
#4217 = EDGE_LOOP ( 'NONE', ( #2854, #5453, #466, #2046 ) ) ;
#4218 = CARTESIAN_POINT ( 'NONE',  ( 7.080249999999995936, 10.33638951052389210, -0.9905999999999682837 ) ) ;
#4219 = EDGE_LOOP ( 'NONE', ( #5742, #6329, #7611, #5170 ) ) ;
#4220 = ADVANCED_FACE ( 'NONE', ( #8681 ), #9393, .T. ) ;
#4221 = ORIENTED_EDGE ( 'NONE', *, *, #554, .F. ) ;
#4222 = CARTESIAN_POINT ( 'NONE',  ( 9.194800000000002527, 1.523999999999999355, -2.226310000000000233 ) ) ;
#4223 = ORIENTED_EDGE ( 'NONE', *, *, #4787, .F. ) ;
#4224 = VECTOR ( 'NONE', #409, 1000.000000000000000 ) ;
#4225 = VECTOR ( 'NONE', #8299, 1000.000000000000000 ) ;
#4226 = ORIENTED_EDGE ( 'NONE', *, *, #4102, .T. ) ;
#4227 = PRESENTATION_STYLE_ASSIGNMENT (( #7208 ) ) ;
#4228 = ORIENTED_EDGE ( 'NONE', *, *, #5958, .F. ) ;
#4229 = VECTOR ( 'NONE', #5939, 1000.000000000000000 ) ;
#4230 = CARTESIAN_POINT ( 'NONE',  ( -11.78560000000000052, 1.397000000000000686, -2.108199999999999186 ) ) ;
#4231 = AXIS2_PLACEMENT_3D ( 'NONE', #8449, #8402, #4753 ) ;
#4232 = ORIENTED_EDGE ( 'NONE', *, *, #7193, .T. ) ;
#4233 = CARTESIAN_POINT ( 'NONE',  ( 5.619749999999999801, 15.49400000000000155, 0.000000000000000000 ) ) ;
#4234 = ORIENTED_EDGE ( 'NONE', *, *, #4383, .T. ) ;
#4235 = MANIFOLD_SOLID_BREP ( 'Split1[18]', #2997 ) ;
#4236 = CYLINDRICAL_SURFACE ( 'NONE', #82, 2.158999999999999364 ) ;
#4237 = DIRECTION ( 'NONE',  ( 0.000000000000000000, 1.000000000000000000, 0.000000000000000000 ) ) ;
#4238 = FILL_AREA_STYLE ('',( #2774 ) ) ;
#4239 = VECTOR ( 'NONE', #7037, 1000.000000000000000 ) ;
#4240 = CLOSED_SHELL ( 'NONE', ( #890, #8542, #1356, #8645 ) ) ;
#4241 = CARTESIAN_POINT ( 'NONE',  ( -16.04285701104000950, 13.97000000000000064, -2.514600000000000612 ) ) ;
#4242 = LINE ( 'NONE', #5865, #6631 ) ;
#4243 = CARTESIAN_POINT ( 'NONE',  ( -11.19293335352000796, 1.523999999999999355, -1.265136149596999715 ) ) ;
#4244 = EDGE_CURVE ( 'NONE', #8692, #4951, #4537, .T. ) ;
#4245 = LINE ( 'NONE', #2060, #3977 ) ;
#4246 = VERTEX_POINT ( 'NONE', #4180 ) ;
#4247 = CARTESIAN_POINT ( 'NONE',  ( 14.60500000000000043, 0.000000000000000000, 3.810000000000000941 ) ) ;
#4248 = ORIENTED_EDGE ( 'NONE', *, *, #5023, .T. ) ;
#4249 = EDGE_CURVE ( 'NONE', #5789, #7112, #7215, .T. ) ;
#4250 = CARTESIAN_POINT ( 'NONE',  ( -11.65859999999999097, 1.523999999999999355, -1.157051056099053454 ) ) ;
#4251 = CARTESIAN_POINT ( 'NONE',  ( -9.620250000000003965, 15.49400000000000155, 0.000000000000000000 ) ) ;
#4252 = MANIFOLD_SOLID_BREP ( 'Split1[6]', #690 ) ;
#4253 = DIRECTION ( 'NONE',  ( 0.000000000000000000, 1.000000000000000000, 0.000000000000000000 ) ) ;
#4254 = CARTESIAN_POINT ( 'NONE',  ( -11.61626666162000276, 1.523999999999999355, -1.265136149596999715 ) ) ;
#4255 = EDGE_CURVE ( 'NONE', #2533, #3741, #9324, .T. ) ;
#4256 = DIRECTION ( 'NONE',  ( -1.000000000000000000, 0.000000000000000000, 0.000000000000000000 ) ) ;
#4257 = EDGE_CURVE ( 'NONE', #3546, #4576, #5009, .T. ) ;
#4258 = ORIENTED_EDGE ( 'NONE', *, *, #8005, .T. ) ;
#4259 = CARTESIAN_POINT ( 'NONE',  ( -10.72038750000004015, 1.524000000000004462, 2.625090000000000146 ) ) ;
#4260 = EDGE_CURVE ( 'NONE', #2047, #3979, #3503, .T. ) ;
#4261 = DIRECTION ( 'NONE',  ( 1.000000000000000000, 0.000000000000000000, 0.000000000000000000 ) ) ;
#4262 = VECTOR ( 'NONE', #4583, 1000.000000000000000 ) ;
#4263 = CARTESIAN_POINT ( 'NONE',  ( -4.540250000000003006, 15.49400000000000155, -0.9905999999999994809 ) ) ;
#4264 = EDGE_CURVE ( 'NONE', #3946, #1768, #6823, .T. ) ;
#4265 = LINE ( 'NONE', #4210, #7329 ) ;
#4266 = FACE_OUTER_BOUND ( 'NONE', #2717, .T. ) ;
#4267 = UNCERTAINTY_MEASURE_WITH_UNIT (LENGTH_MEASURE( 1.000000000000000082E-05 ), #8569, 'distance_accuracy_value', 'NONE');
#4268 = AXIS2_PLACEMENT_3D ( 'NONE', #3869, #9021, #5381 ) ;
#4269 = ORIENTED_EDGE ( 'NONE', *, *, #8507, .F. ) ;
#4270 = DIRECTION ( 'NONE',  ( -0.000000000000000000, -1.000000000000000000, -0.000000000000000000 ) ) ;
#4271 = ORIENTED_EDGE ( 'NONE', *, *, #2461, .F. ) ;
#4272 = MANIFOLD_SOLID_BREP ( 'Split1[13]', #3773 ) ;
#4273 = PLANE ( 'NONE',  #492 ) ;
#4274 = VERTEX_POINT ( 'NONE', #1390 ) ;
#4275 = ORIENTED_EDGE ( 'NONE', *, *, #9392, .T. ) ;
#4276 = DIRECTION ( 'NONE',  ( 0.000000000000000000, 1.000000000000000000, 0.000000000000000000 ) ) ;
#4277 = ORIENTED_EDGE ( 'NONE', *, *, #6774, .T. ) ;
#4278 = MECHANICAL_DESIGN_GEOMETRIC_PRESENTATION_REPRESENTATION (  '', ( #4748 ), #5807 ) ;
#4279 = SURFACE_STYLE_FILL_AREA ( #1993 ) ;
#4280 = MECHANICAL_DESIGN_GEOMETRIC_PRESENTATION_REPRESENTATION (  '', ( #4752 ), #7045 ) ;
#4281 = EDGE_CURVE ( 'NONE', #7924, #570, #4337, .T. ) ;
#4282 = ORIENTED_EDGE ( 'NONE', *, *, #6700, .F. ) ;
#4283 = DIRECTION ( 'NONE',  ( -1.000000000000000000, 0.000000000000000000, 0.000000000000000000 ) ) ;
#4284 = COLOUR_RGB ( '',0.7921568627450980005, 0.8196078431372548767, 0.9333333333333333481 ) ;
#4285 = EDGE_LOOP ( 'NONE', ( #8025, #3754, #3354, #4057 ) ) ;
#4286 = CARTESIAN_POINT ( 'NONE',  ( -11.73480000000000345, 1.523999999999999355, 2.226310000000002010 ) ) ;
#4287 = ORIENTED_EDGE ( 'NONE', *, *, #3356, .F. ) ;
#4288 = ORIENTED_EDGE ( 'NONE', *, *, #3411, .T. ) ;
#4289 = MANIFOLD_SOLID_BREP ( 'Split2[21]', #6383 ) ;
#4290 = FACE_OUTER_BOUND ( 'NONE', #1380, .T. ) ;
#4291 = FILL_AREA_STYLE ('',( #5820 ) ) ;
#4292 = VECTOR ( 'NONE', #5213, 999.9999999999998863 ) ;
#4293 = LINE ( 'NONE', #565, #6489 ) ;
#4294 = CARTESIAN_POINT ( 'NONE',  ( -11.08710000000000306, 1.523999999999999355, -1.524540434550998969 ) ) ;
#4295 = AXIS2_PLACEMENT_3D ( 'NONE', #2112, #2836, #4146 ) ;
#4296 = FACE_OUTER_BOUND ( 'NONE', #9404, .T. ) ;
#4297 = CARTESIAN_POINT ( 'NONE',  ( -11.78560000000000052, 1.523999999999999355, 0.000000000000000000 ) ) ;
#4298 = ORIENTED_EDGE ( 'NONE', *, *, #3010, .F. ) ;
#4299 = FACE_OUTER_BOUND ( 'NONE', #4898, .T. ) ;
#4300 = ORIENTED_EDGE ( 'NONE', *, *, #9365, .F. ) ;
#4301 = CARTESIAN_POINT ( 'NONE',  ( 1.574800000000001088, 0.000000000000000000, 2.625090000000000146 ) ) ;
#4302 = EDGE_CURVE ( 'NONE', #7255, #2765, #7882, .T. ) ;
#4303 = CARTESIAN_POINT ( 'NONE',  ( -7.080250000000003041, 11.93800000000000061, -2.438400000000001899 ) ) ;
#4304 = MANIFOLD_SOLID_BREP ( 'Split1[2]', #8405 ) ;
#4305 = LINE ( 'NONE', #6548, #799 ) ;
#4306 = CARTESIAN_POINT ( 'NONE',  ( -11.65859999999991459, 1.523999999999999355, -1.157051056099174913 ) ) ;
#4307 = DIRECTION ( 'NONE',  ( 0.000000000000000000, -1.000000000000000000, 0.000000000000000000 ) ) ;
#4308 = CARTESIAN_POINT ( 'NONE',  ( 14.60500000000000043, 1.106182791010226651, 2.137382390414624300 ) ) ;
#4309 = ORIENTED_EDGE ( 'NONE', *, *, #8547, .F. ) ;
#4310 = CARTESIAN_POINT ( 'NONE',  ( -14.60500000000000043, 1.106182791010226651, -2.137382390414626077 ) ) ;
#4311 = DIRECTION ( 'NONE',  ( -0.000000000000000000, 1.000000000000000000, -0.000000000000000000 ) ) ;
#4312 = ADVANCED_FACE ( 'NONE', ( #2338 ), #8993, .T. ) ;
#4313 = PLANE ( 'NONE',  #7446 ) ;
#4314 = CARTESIAN_POINT ( 'NONE',  ( -11.32840000000000202, 1.523999999999999355, 2.108200000000000962 ) ) ;
#4315 = PLANE ( 'NONE',  #3335 ) ;
#4316 = ADVANCED_FACE ( 'NONE', ( #4587 ), #149, .T. ) ;
#4317 = ORIENTED_EDGE ( 'NONE', *, *, #5100, .F. ) ;
#4318 = LINE ( 'NONE', #635, #8790 ) ;
#4319 = ORIENTED_EDGE ( 'NONE', *, *, #4167, .F. ) ;
#4320 = MANIFOLD_SOLID_BREP ( 'Split1[7]', #7157 ) ;
#4321 = CARTESIAN_POINT ( 'NONE',  ( -12.70000000000000284, 1.523999999999999355, -1.540677576214998235 ) ) ;
#4322 = ORIENTED_EDGE ( 'NONE', *, *, #6545, .T. ) ;
#4323 = ORIENTED_EDGE ( 'NONE', *, *, #6659, .T. ) ;
#4324 = CARTESIAN_POINT ( 'NONE',  ( 15.49399999999999977, 15.49399999999999977, 1.621861469056595340 ) ) ;
#4325 = ORIENTED_EDGE ( 'NONE', *, *, #7645, .F. ) ;
#4326 = EDGE_CURVE ( 'NONE', #7436, #4993, #3067, .T. ) ;
#4327 = VERTEX_POINT ( 'NONE', #5209 ) ;
#4328 = ORIENTED_EDGE ( 'NONE', *, *, #3711, .F. ) ;
#4329 = CARTESIAN_POINT ( 'NONE',  ( -11.21410000000000551, 1.397000000000000686, -1.113817018699997830 ) ) ;
#4330 = EDGE_LOOP ( 'NONE', ( #7223, #806, #2449, #3160 ) ) ;
#4331 = FACE_OUTER_BOUND ( 'NONE', #3158, .T. ) ;
#4332 = VERTEX_POINT ( 'NONE', #4087 ) ;
#4333 = MANIFOLD_SOLID_BREP ( 'Split1[14]', #8539 ) ;
#4334 = EDGE_CURVE ( 'NONE', #2856, #1254, #2443, .T. ) ;
#4335 = DIRECTION ( 'NONE',  ( 0.000000000000000000, 1.000000000000000000, 0.000000000000000000 ) ) ;
#4336 = DIRECTION ( 'NONE',  ( -0.2567226118398958090, 0.9664851269264842504, 0.000000000000000000 ) ) ;
#4337 = LINE ( 'NONE', #2876, #8976 ) ;
#4338 = CARTESIAN_POINT ( 'NONE',  ( -4.540250000000003006, 11.93800000000000061, -2.438400000000001899 ) ) ;
#4339 = DIRECTION ( 'NONE',  ( -0.000000000000000000, -1.000000000000000000, -0.000000000000000000 ) ) ;
#4340 = CARTESIAN_POINT ( 'NONE',  ( 1.979612499999998443, 1.523999999999999355, -2.625089999999998369 ) ) ;
#4341 = VERTEX_POINT ( 'NONE', #8374 ) ;
#4342 = AXIS2_PLACEMENT_3D ( 'NONE', #2800, #1089, #3218 ) ;
#4343 = DIRECTION ( 'NONE',  ( -0.9664851269264842504, -0.2567226118398958090, 0.000000000000000000 ) ) ;
#4344 = ORIENTED_EDGE ( 'NONE', *, *, #4873, .F. ) ;
#4345 =( LENGTH_UNIT ( ) NAMED_UNIT ( * ) SI_UNIT ( .MILLI., .METRE. ) );
#4346 = EDGE_CURVE ( 'NONE', #9322, #5045, #4817, .T. ) ;
#4347 = DIRECTION ( 'NONE',  ( 1.000000000000000000, 0.000000000000000000, 0.000000000000000000 ) ) ;
#4348 = VECTOR ( 'NONE', #685, 1000.000000000000000 ) ;
#4349 = VECTOR ( 'NONE', #8616, 1000.000000000000000 ) ;
#4350 = LINE ( 'NONE', #7226, #5878 ) ;
#4351 =( LENGTH_UNIT ( ) NAMED_UNIT ( * ) SI_UNIT ( .MILLI., .METRE. ) );
#4352 = DIRECTION ( 'NONE',  ( -1.000000000000000000, 0.000000000000000000, 0.000000000000000000 ) ) ;
#4353 = LINE ( 'NONE', #9489, #3807 ) ;
#4354 = AXIS2_PLACEMENT_3D ( 'NONE', #2083, #3435, #3530 ) ;
#4355 = DIRECTION ( 'NONE',  ( 0.2567226118398023837, -0.9664851269265090083, -0.000000000000000000 ) ) ;
#4356 = ORIENTED_EDGE ( 'NONE', *, *, #797, .F. ) ;
#4357 = AXIS2_PLACEMENT_3D ( 'NONE', #8401, #117, #5272 ) ;
#4358 = CARTESIAN_POINT ( 'NONE',  ( 11.73479999999999990, -3.175000000000000711, -2.625089999999998369 ) ) ;
#4359 = DIRECTION ( 'NONE',  ( 0.000000000000000000, -1.000000000000000000, 0.000000000000000000 ) ) ;
#4360 = VECTOR ( 'NONE', #9332, 1000.000000000000000 ) ;
#4361 = CARTESIAN_POINT ( 'NONE',  ( 10.69975000000000165, 11.93800000000000061, 2.438400000000000123 ) ) ;
#4362 = CARTESIAN_POINT ( 'NONE',  ( -12.70000000000000284, 1.523999999999999355, -1.540677576214998235 ) ) ;
#4363 = CARTESIAN_POINT ( 'NONE',  ( 14.60500000000000043, 6.604000000000000092, -3.047999999999996934 ) ) ;
#4364 = UNCERTAINTY_MEASURE_WITH_UNIT (LENGTH_MEASURE( 1.000000000000000082E-05 ), #7249, 'distance_accuracy_value', 'NONE');
#4365 = ORIENTED_EDGE ( 'NONE', *, *, #4260, .F. ) ;
#4366 = DIRECTION ( 'NONE',  ( -0.2567226118398958090, -0.9664851269264842504, 0.000000000000000000 ) ) ;
#4367 = EDGE_LOOP ( 'NONE', ( #3243, #5975, #4154, #3279 ) ) ;
#4368 = EDGE_CURVE ( 'NONE', #7522, #238, #5495, .T. ) ;
#4369 = FACE_OUTER_BOUND ( 'NONE', #3788, .T. ) ;
#4370 = VECTOR ( 'NONE', #8247, 1000.000000000000114 ) ;
#4371 = VERTEX_POINT ( 'NONE', #996 ) ;
#4372 = AXIS2_PLACEMENT_3D ( 'NONE', #6262, #1798, #209 ) ;
#4373 = ORIENTED_EDGE ( 'NONE', *, *, #6361, .F. ) ;
#4374 = CARTESIAN_POINT ( 'NONE',  ( -10.69975000000000165, 13.53961048947610912, 0.9905999999999665073 ) ) ;
#4375 = EDGE_CURVE ( 'NONE', #7924, #9032, #423, .T. ) ;
#4376 = SURFACE_SIDE_STYLE ('',( #5145 ) ) ;
#4377 = AXIS2_PLACEMENT_3D ( 'NONE', #3973, #2367, #2520 ) ;
#4378 = VECTOR ( 'NONE', #1288, 1000.000000000000114 ) ;
#4379 = ORIENTED_EDGE ( 'NONE', *, *, #8832, .T. ) ;
#4380 =( NAMED_UNIT ( * ) PLANE_ANGLE_UNIT ( ) SI_UNIT ( $, .RADIAN. ) );
#4381 = EDGE_CURVE ( 'NONE', #5039, #78, #6874, .T. ) ;
#4382 = ORIENTED_EDGE ( 'NONE', *, *, #5018, .F. ) ;
#4383 = EDGE_CURVE ( 'NONE', #2123, #1169, #5579, .T. ) ;
#4384 = LINE ( 'NONE', #7302, #5450 ) ;
#4385 = ORIENTED_EDGE ( 'NONE', *, *, #3379, .F. ) ;
#4386 = LINE ( 'NONE', #5057, #5417 ) ;
#4387 = VERTEX_POINT ( 'NONE', #6968 ) ;
#4388 = MANIFOLD_SOLID_BREP ( 'Split1[9]', #1793 ) ;
#4389 = DIRECTION ( 'NONE',  ( -1.000000000000000000, 0.000000000000000000, 0.000000000000000000 ) ) ;
#4390 =( LENGTH_UNIT ( ) NAMED_UNIT ( * ) SI_UNIT ( .MILLI., .METRE. ) );
#4391 = DIRECTION ( 'NONE',  ( -1.000000000000000000, 0.000000000000000000, 0.000000000000000000 ) ) ;
#4392 = ADVANCED_FACE ( 'NONE', ( #1086 ), #6203, .T. ) ;
#4393 = CARTESIAN_POINT ( 'NONE',  ( 1.574800000000001088, 1.523999999999999355, 2.226310000000002010 ) ) ;
#4394 = VECTOR ( 'NONE', #7087, 1000.000000000000000 ) ;
#4395 = VECTOR ( 'NONE', #7296, 1000.000000000000000 ) ;
#4396 = DIRECTION ( 'NONE',  ( -1.000000000000000000, 0.000000000000000000, 0.000000000000000000 ) ) ;
#4397 = CARTESIAN_POINT ( 'NONE',  ( 0.9651999999999993918, 1.523999999999999355, -2.625089999999998369 ) ) ;
#4398 = ORIENTED_EDGE ( 'NONE', *, *, #7192, .T. ) ;
#4399 = CARTESIAN_POINT ( 'NONE',  ( 15.24000000000000021, 6.604000000000000092, -3.911600000000003075 ) ) ;
#4400 = ORIENTED_EDGE ( 'NONE', *, *, #6833, .F. ) ;
#4401 = VECTOR ( 'NONE', #3975, 1000.000000000000000 ) ;
#4402 = VERTEX_POINT ( 'NONE', #9087 ) ;
#4403 = VECTOR ( 'NONE', #8148, 999.9999999999998863 ) ;
#4404 = CARTESIAN_POINT ( 'NONE',  ( -11.15060000000000429, 1.523999999999999355, -1.329987205696001373 ) ) ;
#4405 = ADVANCED_FACE ( 'NONE', ( #552 ), #5049, .T. ) ;
#4406 = DIRECTION ( 'NONE',  ( -0.000000000000000000, -0.000000000000000000, 1.000000000000000000 ) ) ;
#4407 = CARTESIAN_POINT ( 'NONE',  ( 5.640387499999996557, 1.523999999999999355, 2.226309999999998901 ) ) ;
#4408 = AXIS2_PLACEMENT_3D ( 'NONE', #5316, #3667, #8239 ) ;
#4409 = FILL_AREA_STYLE ('',( #1455 ) ) ;
#4410 = DIRECTION ( 'NONE',  ( 1.000000000000000000, 0.000000000000000000, 0.000000000000000000 ) ) ;
#4411 = EDGE_CURVE ( 'NONE', #7902, #1527, #5752, .T. ) ;
#4412 = AXIS2_PLACEMENT_3D ( 'NONE', #5432, #6231, #7483 ) ;
#4413 = LINE ( 'NONE', #4605, #3658 ) ;
#4414 = DIRECTION ( 'NONE',  ( 0.7389229549020032151, 0.000000000000000000, 0.6737899277363029737 ) ) ;
#4415 = CARTESIAN_POINT ( 'NONE',  ( -9.620250000000003965, 15.49400000000000155, 0.9906000000000012573 ) ) ;
#4416 = LINE ( 'NONE', #13, #4074 ) ;
#4417 = CARTESIAN_POINT ( 'NONE',  ( 7.059612500000033819, 1.523999999999994026, 2.226310000000002010 ) ) ;
#4418 = PLANE ( 'NONE',  #1811 ) ;
#4419 = ORIENTED_EDGE ( 'NONE', *, *, #4381, .T. ) ;
#4420 = CARTESIAN_POINT ( 'NONE',  ( -14.60500000000000043, 1.106182791011038669, -2.137382390414379607 ) ) ;
#4421 = VERTEX_POINT ( 'NONE', #4906 ) ;
#4422 = MANIFOLD_SOLID_BREP ( 'Split2[22]', #3005 ) ;
#4423 = CARTESIAN_POINT ( 'NONE',  ( -2.000250000000002082, 13.53961048947607893, -0.9905999999999335337 ) ) ;
#4424 = ORIENTED_EDGE ( 'NONE', *, *, #2169, .T. ) ;
#4425 = AXIS2_PLACEMENT_3D ( 'NONE', #4165, #1221, #6244 ) ;
#4426 = ORIENTED_EDGE ( 'NONE', *, *, #3187, .F. ) ;
#4427 = CARTESIAN_POINT ( 'NONE',  ( -16.00200000000000244, 6.604000000000000092, 4.673600000000000421 ) ) ;
#4428 = DIRECTION ( 'NONE',  ( 0.000000000000000000, 1.000000000000000000, 0.000000000000000000 ) ) ;
#4429 = EDGE_CURVE ( 'NONE', #7840, #8015, #6065, .T. ) ;
#4430 = CIRCLE ( 'NONE', #8556, 0.6350000000000000089 ) ;
#4431 = ORIENTED_EDGE ( 'NONE', *, *, #3478, .F. ) ;
#4432 = VERTEX_POINT ( 'NONE', #9460 ) ;
#4433 = PLANE ( 'NONE',  #7742 ) ;
#4434 = AXIS2_PLACEMENT_3D ( 'NONE', #2369, #9115, #8250 ) ;
#4435 = ORIENTED_EDGE ( 'NONE', *, *, #4183, .T. ) ;
#4436 = DIRECTION ( 'NONE',  ( 0.2567226118398510670, -0.9664851269264960187, -0.000000000000000000 ) ) ;
#4437 = VERTEX_POINT ( 'NONE', #2862 ) ;
#4438 = MANIFOLD_SOLID_BREP ( 'Split2[5]', #1009 ) ;
#4439 = CIRCLE ( 'NONE', #1348, 0.7619999999999987894 ) ;
#4440 = FACE_OUTER_BOUND ( 'NONE', #1188, .T. ) ;
#4441 = DIRECTION ( 'NONE',  ( 0.000000000000000000, -1.000000000000000000, 0.000000000000000000 ) ) ;
#4442 = EDGE_CURVE ( 'NONE', #3610, #4084, #9314, .T. ) ;
#4443 = EDGE_CURVE ( 'NONE', #6102, #2765, #1911, .T. ) ;
#4445 = LINE ( 'NONE', #9045, #1561 ) ;
#4444 = AXIS2_PLACEMENT_3D ( 'NONE', #2510, #5368, #3964 ) ;
#4446 = DIRECTION ( 'NONE',  ( 0.000000000000000000, 1.000000000000000000, 0.000000000000000000 ) ) ;
#4447 = ADVANCED_FACE ( 'NONE', ( #9406 ), #2090, .F. ) ;
#4448 = ORIENTED_EDGE ( 'NONE', *, *, #307, .T. ) ;
#4449 = PLANE ( 'NONE',  #4826 ) ;
#4450 = VERTEX_POINT ( 'NONE', #3390 ) ;
#4451 = VECTOR ( 'NONE', #5884, 1000.000000000000000 ) ;
#4452 = CARTESIAN_POINT ( 'NONE',  ( -3.100387499999968099, 1.523999999999994026, 2.625090000000000146 ) ) ;
#4453 = ORIENTED_EDGE ( 'NONE', *, *, #2542, .F. ) ;
#4454 = AXIS2_PLACEMENT_3D ( 'NONE', #2447, #9047, #8325 ) ;
#4455 = CARTESIAN_POINT ( 'NONE',  ( -11.12520000000000131, 1.523999999999999355, -2.226310000000000233 ) ) ;
#4456 = DIRECTION ( 'NONE',  ( -1.000000000000000000, 0.000000000000000000, 0.000000000000000000 ) ) ;
#4457 =( BOUNDED_CURVE ( )  B_SPLINE_CURVE ( 3, ( #1378, #4324, #7587, #6908 ),
 .UNSPECIFIED., .F., .F. ) 
 B_SPLINE_CURVE_WITH_KNOTS ( ( 4, 4 ),
 ( 3.141592653589793116, 4.712388980384689674 ),
 .UNSPECIFIED. ) 
 CURVE ( )  GEOMETRIC_REPRESENTATION_ITEM ( )  RATIONAL_B_SPLINE_CURVE ( ( 1.000000000000000000, 0.8047378541243649375, 0.8047378541243649375, 1.000000000000000000 ) ) 
 REPRESENTATION_ITEM ( '' )  );
#4458 = DIRECTION ( 'NONE',  ( 0.000000000000000000, 0.000000000000000000, -1.000000000000000000 ) ) ;
#4459 = FACE_OUTER_BOUND ( 'NONE', #1326, .T. ) ;
#4460 = LINE ( 'NONE', #7371, #3482 ) ;
#4461 = CARTESIAN_POINT ( 'NONE',  ( 10.72038750000007390, 1.524000000000020227, -2.625089999999998369 ) ) ;
#4462 = EDGE_CURVE ( 'NONE', #7734, #928, #6331, .T. ) ;
#4463 = CARTESIAN_POINT ( 'NONE',  ( 2.000250000000002082, 15.49400000000000155, 0.000000000000000000 ) ) ;
#4464 = LINE ( 'NONE', #3716, #6527 ) ;
#4465 = EDGE_CURVE ( 'NONE', #2982, #4432, #2140, .T. ) ;
#4466 = DIRECTION ( 'NONE',  ( -0.000000000000000000, -1.000000000000000000, -0.000000000000000000 ) ) ;
#4467 = CARTESIAN_POINT ( 'NONE',  ( 15.24000000000000021, 6.604000000000000092, 3.048000000000002263 ) ) ;
#4468 = DIRECTION ( 'NONE',  ( -0.000000000000000000, -0.000000000000000000, 1.000000000000000000 ) ) ;
#4469 = CARTESIAN_POINT ( 'NONE',  ( 9.194800000000002527, -3.175000000000000711, 2.625090000000000146 ) ) ;
#4470 = ORIENTED_EDGE ( 'NONE', *, *, #3532, .F. ) ;
#4471 = MANIFOLD_SOLID_BREP ( 'Split2[11]', #2845 ) ;
#4472 = DIRECTION ( 'NONE',  ( 1.000000000000000000, -0.000000000000000000, -0.000000000000000000 ) ) ;
#4473 = VERTEX_POINT ( 'NONE', #3829 ) ;
#4474 = VERTEX_POINT ( 'NONE', #1477 ) ;
#4475 = CARTESIAN_POINT ( 'NONE',  ( -4.114800000000001567, 0.000000000000000000, -2.625089999999998369 ) ) ;
#4476 = DIRECTION ( 'NONE',  ( 0.8906052429498405587, 0.000000000000000000, -0.4547771995496866504 ) ) ;
#4477 = ORIENTED_EDGE ( 'NONE', *, *, #1890, .T. ) ;
#4478 = ORIENTED_EDGE ( 'NONE', *, *, #4302, .T. ) ;
#4479 = DIRECTION ( 'NONE',  ( 1.000000000000000000, -0.000000000000000000, -0.000000000000000000 ) ) ;
#4480 = ORIENTED_EDGE ( 'NONE', *, *, #4846, .T. ) ;
#4481 = PLANE ( 'NONE',  #8966 ) ;
#4482 = EDGE_CURVE ( 'NONE', #7158, #6102, #3784, .T. ) ;
#4483 = VERTEX_POINT ( 'NONE', #7387 ) ;
#4484 = LINE ( 'NONE', #6724, #6613 ) ;
#4485 = ORIENTED_EDGE ( 'NONE', *, *, #4827, .T. ) ;
#4486 = CARTESIAN_POINT ( 'NONE',  ( -9.194800000000002527, 0.000000000000000000, -2.625089999999998369 ) ) ;
#4487 = FACE_OUTER_BOUND ( 'NONE', #9479, .T. ) ;
#4488 = DIRECTION ( 'NONE',  ( -1.000000000000000000, 0.000000000000000000, 0.000000000000000000 ) ) ;
#4489 = DIRECTION ( 'NONE',  ( 0.000000000000000000, 0.000000000000000000, -1.000000000000000000 ) ) ;
#4490 =( NAMED_UNIT ( * ) SI_UNIT ( $, .STERADIAN. ) SOLID_ANGLE_UNIT ( ) );
#4491 = ORIENTED_EDGE ( 'NONE', *, *, #7533, .T. ) ;
#4492 = CARTESIAN_POINT ( 'NONE',  ( -3.505199999999999871, 1.523999999999999355, 2.625090000000000146 ) ) ;
#4493 = EDGE_CURVE ( 'NONE', #4675, #5291, #2323, .T. ) ;
#4494 = ADVANCED_FACE ( 'NONE', ( #8158 ), #6714, .T. ) ;
#4495 = ORIENTED_EDGE ( 'NONE', *, *, #1541, .T. ) ;
#4496 = VERTEX_POINT ( 'NONE', #5287 ) ;
#4497 = CARTESIAN_POINT ( 'NONE',  ( -16.00200000000000244, -3.175000000000000711, 0.000000000000000000 ) ) ;
#4498 = EDGE_CURVE ( 'NONE', #4745, #4689, #781, .T. ) ;
#4499 = LINE ( 'NONE', #7996, #6638 ) ;
#4500 = FACE_OUTER_BOUND ( 'NONE', #1200, .T. ) ;
#4501 = AXIS2_PLACEMENT_3D ( 'NONE', #6342, #6261, #4098 ) ;
#4502 = CARTESIAN_POINT ( 'NONE',  ( 16.00199999999999889, 15.49400000000000155, -3.047999999999996934 ) ) ;
#4503 = DIRECTION ( 'NONE',  ( 0.000000000000000000, -0.3420201433256990775, -0.9396926207858974367 ) ) ;
#4504 = DIRECTION ( 'NONE',  ( 0.000000000000000000, 0.000000000000000000, -1.000000000000000000 ) ) ;
#4505 = EDGE_CURVE ( 'NONE', #8550, #6668, #85, .T. ) ;
#4506 = EDGE_CURVE ( 'NONE', #4033, #6805, #8739, .T. ) ;
#4507 = FACE_OUTER_BOUND ( 'NONE', #3739, .T. ) ;
#4508 = CIRCLE ( 'NONE', #2325, 2.158999999999999364 ) ;
#4509 = CARTESIAN_POINT ( 'NONE',  ( -1.574800000000001088, -3.175000000000000711, -2.226310000000000233 ) ) ;
#4510 = AXIS2_PLACEMENT_3D ( 'NONE', #8162, #7390, #4768 ) ;
#4511 = FACE_OUTER_BOUND ( 'NONE', #474, .T. ) ;
#4512 = PLANE ( 'NONE',  #2996 ) ;
#4513 = LINE ( 'NONE', #2130, #7337 ) ;
#4515 = CARTESIAN_POINT ( 'NONE',  ( -11.61626666162007204, 1.523999999999999355, -1.265136149596954640 ) ) ;
#4514 = VECTOR ( 'NONE', #3328, 1000.000000000000000 ) ;
#4516 = ORIENTED_EDGE ( 'NONE', *, *, #7250, .T. ) ;
#4517 = EDGE_LOOP ( 'NONE', ( #5753, #7983, #4470, #9046, #6160 ) ) ;
#4518 = AXIS2_PLACEMENT_3D ( 'NONE', #4790, #7711, #1106 ) ;
#4519 = ORIENTED_EDGE ( 'NONE', *, *, #7440, .T. ) ;
#4520 = CARTESIAN_POINT ( 'NONE',  ( -11.44693332323994106, 1.523999999999999355, -1.200285093498310474 ) ) ;
#4521 = STYLED_ITEM ( 'NONE', ( #5831 ), #6070 ) ;
#4522 = CARTESIAN_POINT ( 'NONE',  ( 10.69975000000000165, 11.93800000000000061, -2.438400000000001899 ) ) ;
#4523 = AXIS2_PLACEMENT_3D ( 'NONE', #9367, #2915, #698 ) ;
#4524 = VECTOR ( 'NONE', #3913, 999.9999999999998863 ) ;
#4525 = ORIENTED_EDGE ( 'NONE', *, *, #3625, .F. ) ;
#4526 = ORIENTED_EDGE ( 'NONE', *, *, #762, .T. ) ;
#4527 = CARTESIAN_POINT ( 'NONE',  ( -16.00200000000000244, -3.175000000000000711, 2.226310000000002010 ) ) ;
#4528 = EDGE_CURVE ( 'NONE', #1416, #7745, #133, .T. ) ;
#4529 = ORIENTED_EDGE ( 'NONE', *, *, #2056, .F. ) ;
#4530 = DIRECTION ( 'NONE',  ( 0.000000000000000000, 0.000000000000000000, -1.000000000000000000 ) ) ;
#4531 = VERTEX_POINT ( 'NONE', #5239 ) ;
#4532 = LINE ( 'NONE', #700, #2473 ) ;
#4533 = ORIENTED_EDGE ( 'NONE', *, *, #4757, .T. ) ;
#4534 = VECTOR ( 'NONE', #7500, 1000.000000000000114 ) ;
#4535 = DIRECTION ( 'NONE',  ( 0.000000000000000000, 0.9396926207858973257, -0.3420201433256990220 ) ) ;
#4536 = CARTESIAN_POINT ( 'NONE',  ( -6.045200000000000351, 1.523999999999999355, 2.226310000000002010 ) ) ;
#4537 = CIRCLE ( 'NONE', #8513, 0.7620000000000005658 ) ;
#4538 = LINE ( 'NONE', #3748, #27 ) ;
#4539 = LINE ( 'NONE', #8801, #3353 ) ;
#4540 = CARTESIAN_POINT ( 'NONE',  ( 5.640387499999996557, 1.523999999999999355, 2.625090000000000146 ) ) ;
#4541 = ORIENTED_EDGE ( 'NONE', *, *, #3698, .F. ) ;
#4542 = DIRECTION ( 'NONE',  ( 0.000000000000000000, 1.000000000000000000, 0.000000000000000000 ) ) ;
#4543 = VECTOR ( 'NONE', #3308, 999.9999999999998863 ) ;
#4544 = ORIENTED_EDGE ( 'NONE', *, *, #6418, .F. ) ;
#4545 = DIRECTION ( 'NONE',  ( 0.000000000000000000, 1.000000000000000000, 0.000000000000000000 ) ) ;
#4546 = ORIENTED_EDGE ( 'NONE', *, *, #9061, .T. ) ;
#4547 = DIRECTION ( 'NONE',  ( -1.000000000000000000, 0.000000000000000000, 0.000000000000000000 ) ) ;
#4548 = VECTOR ( 'NONE', #7537, 1000.000000000000000 ) ;
#4549 = CARTESIAN_POINT ( 'NONE',  ( -0.9651999999999993918, 0.000000000000000000, 2.625090000000000146 ) ) ;
#4550 = ADVANCED_FACE ( 'NONE', ( #693 ), #1566, .T. ) ;
#4551 =( NAMED_UNIT ( * ) SI_UNIT ( $, .STERADIAN. ) SOLID_ANGLE_UNIT ( ) );
#4552 = DIRECTION ( 'NONE',  ( 0.000000000000000000, -1.000000000000000000, 0.000000000000000000 ) ) ;
#4553 = DIRECTION ( 'NONE',  ( 0.000000000000000000, 1.000000000000000000, 0.000000000000000000 ) ) ;
#4554 = FACE_OUTER_BOUND ( 'NONE', #8021, .T. ) ;
#4555 = VECTOR ( 'NONE', #6017, 1000.000000000000000 ) ;
#4556 = ADVANCED_FACE ( 'NONE', ( #3054 ), #5996, .T. ) ;
#4557 = VECTOR ( 'NONE', #2390, 1000.000000000000000 ) ;
#4558 = FACE_OUTER_BOUND ( 'NONE', #8886, .T. ) ;
#4559 = DIRECTION ( 'NONE',  ( -0.2567226118398958090, -0.9664851269264842504, 0.000000000000000000 ) ) ;
#4560 = DIRECTION ( 'NONE',  ( 0.000000000000000000, -0.000000000000000000, -1.000000000000000000 ) ) ;
#4561 = LINE ( 'NONE', #2564, #8390 ) ;
#4562 = VECTOR ( 'NONE', #3081, 1000.000000000000000 ) ;
#4563 = EDGE_CURVE ( 'NONE', #9178, #8551, #6571, .T. ) ;
#4564 = CLOSED_SHELL ( 'NONE', ( #5768, #6592, #9238, #7689, #2648, #2698, #3288, #9446 ) ) ;
#4565 = EDGE_CURVE ( 'NONE', #8413, #2982, #2186, .T. ) ;
#4566 = DIRECTION ( 'NONE',  ( 0.9664851269264842504, -0.2567226118398958090, -0.000000000000000000 ) ) ;
#4567 = PLANE ( 'NONE',  #5797 ) ;
#4568 = CARTESIAN_POINT ( 'NONE',  ( 8.159750000000000725, 11.93800000000000061, 2.438400000000000123 ) ) ;
#4569 = VERTEX_POINT ( 'NONE', #369 ) ;
#4570 = ADVANCED_FACE ( 'NONE', ( #5530 ), #6862, .F. ) ;
#4571 = ORIENTED_EDGE ( 'NONE', *, *, #6477, .T. ) ;
#4572 = FACE_OUTER_BOUND ( 'NONE', #4285, .T. ) ;
#4573 = FACE_OUTER_BOUND ( 'NONE', #6483, .T. ) ;
#4574 = ADVANCED_FACE ( 'NONE', ( #5391 ), #8412, .T. ) ;
#4575 =( NAMED_UNIT ( * ) PLANE_ANGLE_UNIT ( ) SI_UNIT ( $, .RADIAN. ) );
#4576 = VERTEX_POINT ( 'NONE', #5485 ) ;
#4577 = ORIENTED_EDGE ( 'NONE', *, *, #3410, .F. ) ;
#4578 = AXIS2_PLACEMENT_3D ( 'NONE', #7497, #6152, #5493 ) ;
#4579 = DIRECTION ( 'NONE',  ( 1.000000000000000000, -0.000000000000000000, -0.000000000000000000 ) ) ;
#4580 = VERTEX_POINT ( 'NONE', #6145 ) ;
#4581 = CARTESIAN_POINT ( 'NONE',  ( -1.574800000000001088, -3.175000000000000711, 2.226310000000002010 ) ) ;
#4582 = ORIENTED_EDGE ( 'NONE', *, *, #957, .F. ) ;
#4583 = DIRECTION ( 'NONE',  ( 0.9895240333169088576, 0.000000000000000000, 0.1443682357315378972 ) ) ;
#4584 = ORIENTED_EDGE ( 'NONE', *, *, #1297, .F. ) ;
#4585 = DIRECTION ( 'NONE',  ( -0.000000000000000000, 1.000000000000000000, -0.000000000000000000 ) ) ;
#4586 = FACE_OUTER_BOUND ( 'NONE', #7279, .T. ) ;
#4587 = FACE_OUTER_BOUND ( 'NONE', #9166, .T. ) ;
#4588 = CIRCLE ( 'NONE', #4882, 2.158999999999999364 ) ;
#4589 = ADVANCED_FACE ( 'NONE', ( #8309 ), #3935, .F. ) ;
#4590 = CARTESIAN_POINT ( 'NONE',  ( -11.15060000000000429, 1.523999999999999355, 0.000000000000000000 ) ) ;
#4591 = ORIENTED_EDGE ( 'NONE', *, *, #5965, .T. ) ;
#4592 = CARTESIAN_POINT ( 'NONE',  ( 4.114800000000001567, -3.175000000000000711, 2.625090000000000146 ) ) ;
#4593 = ORIENTED_EDGE ( 'NONE', *, *, #6919, .T. ) ;
#4594 = LINE ( 'NONE', #1686, #2504 ) ;
#4595 = MECHANICAL_DESIGN_GEOMETRIC_PRESENTATION_REPRESENTATION (  '', ( #5531 ), #5383 ) ;
#4596 = VERTEX_POINT ( 'NONE', #7685 ) ;
#4597 = VERTEX_POINT ( 'NONE', #1859 ) ;
#4598 = PLANE ( 'NONE',  #997 ) ;
#4599 = CARTESIAN_POINT ( 'NONE',  ( -11.45539999999998315, 1.523999999999999355, 1.935263850402969776 ) ) ;
#4600 = SURFACE_SIDE_STYLE ('',( #3080 ) ) ;
#4601 = DIRECTION ( 'NONE',  ( -0.000000000000000000, 1.000000000000000000, -0.000000000000000000 ) ) ;
#4602 = PLANE ( 'NONE',  #1343 ) ;
#4603 = EDGE_LOOP ( 'NONE', ( #8497, #7047, #5767, #8684 ) ) ;
#4604 = VECTOR ( 'NONE', #5649, 1000.000000000000000 ) ;
#4605 = CARTESIAN_POINT ( 'NONE',  ( 3.079749999999999321, 13.53961048947607893, 0.9905999999999317573 ) ) ;
#4606 = MECHANICAL_DESIGN_GEOMETRIC_PRESENTATION_REPRESENTATION (  '', ( #5053 ), #8115 ) ;
#4607 =( LENGTH_UNIT ( ) NAMED_UNIT ( * ) SI_UNIT ( .MILLI., .METRE. ) );
#4608 = EDGE_CURVE ( 'NONE', #3213, #3120, #5435, .T. ) ;
#4609 = FACE_OUTER_BOUND ( 'NONE', #9273, .T. ) ;
#4610 = CARTESIAN_POINT ( 'NONE',  ( -11.73480000000000345, 1.523999999999999355, 2.625090000000000146 ) ) ;
#4611 = DIRECTION ( 'NONE',  ( -0.2567226118398505674, -0.9664851269264961298, 0.000000000000000000 ) ) ;
#4612 = VECTOR ( 'NONE', #7505, 1000.000000000000000 ) ;
#4613 = FACE_OUTER_BOUND ( 'NONE', #8160, .T. ) ;
#4614 = LINE ( 'NONE', #5941, #8679 ) ;
#4615 = CARTESIAN_POINT ( 'NONE',  ( -11.12520000000000131, 1.734723475976807094E-15, 2.625090000000000146 ) ) ;
#4616 = AXIS2_PLACEMENT_3D ( 'NONE', #1353, #7175, #7224 ) ;
#4617 = CARTESIAN_POINT ( 'NONE',  ( 9.599612500000000992, 1.523999999999999355, -2.625089999999998369 ) ) ;
#4618 = ORIENTED_EDGE ( 'NONE', *, *, #1071, .T. ) ;
#4619 = EDGE_LOOP ( 'NONE', ( #7287, #979, #2778, #7393 ) ) ;
#4620 = EDGE_CURVE ( 'NONE', #2136, #8209, #9075, .T. ) ;
#4621 = CARTESIAN_POINT ( 'NONE',  ( -16.00200000000000244, 15.49400000000000155, -2.514600000000000612 ) ) ;
#4622 = LINE ( 'NONE', #4520, #8256 ) ;
#4623 = DIRECTION ( 'NONE',  ( -0.000000000000000000, 1.000000000000000000, -0.000000000000000000 ) ) ;
#4624 = EDGE_CURVE ( 'NONE', #5800, #737, #1711, .T. ) ;
#4625 = VERTEX_POINT ( 'NONE', #4802 ) ;
#4626 = ORIENTED_EDGE ( 'NONE', *, *, #4668, .T. ) ;
#4627 = FILL_AREA_STYLE ('',( #3058 ) ) ;
#4628 = ORIENTED_EDGE ( 'NONE', *, *, #1668, .F. ) ;
#4629 = DIRECTION ( 'NONE',  ( 0.000000000000000000, -1.000000000000000000, 0.000000000000000000 ) ) ;
#4630 = EDGE_CURVE ( 'NONE', #5386, #3103, #6096, .T. ) ;
#4631 = EDGE_LOOP ( 'NONE', ( #8930, #277, #3050, #413 ) ) ;
#4632 = FACE_OUTER_BOUND ( 'NONE', #1210, .T. ) ;
#4633 = ORIENTED_EDGE ( 'NONE', *, *, #4326, .F. ) ;
#4634 = DIRECTION ( 'NONE',  ( 0.000000000000000000, -1.000000000000000000, 0.000000000000000000 ) ) ;
#4635 = CARTESIAN_POINT ( 'NONE',  ( -16.00200000000000244, -3.175000000000000711, -2.226310000000000233 ) ) ;
#4636 = CARTESIAN_POINT ( 'NONE',  ( 11.73479999999999990, 0.000000000000000000, -2.625089999999998369 ) ) ;
#4637 = ORIENTED_EDGE ( 'NONE', *, *, #7782, .F. ) ;
#4638 = LINE ( 'NONE', #4731, #9202 ) ;
#4639 = EDGE_LOOP ( 'NONE', ( #461, #38, #3780, #842 ) ) ;
#4640 = CARTESIAN_POINT ( 'NONE',  ( -11.36226667676000446, 1.523999999999999355, -1.200285093497998057 ) ) ;
#4641 = VECTOR ( 'NONE', #4504, 1000.000000000000000 ) ;
#4642 = ADVANCED_FACE ( 'NONE', ( #4765 ), #1764, .F. ) ;
#4643 = VERTEX_POINT ( 'NONE', #7004 ) ;
#4644 = FACE_OUTER_BOUND ( 'NONE', #5706, .T. ) ;
#4645 = ORIENTED_EDGE ( 'NONE', *, *, #257, .F. ) ;
#4646 = DIRECTION ( 'NONE',  ( 0.000000000000000000, 1.000000000000000000, 0.000000000000000000 ) ) ;
#4647 = PLANE ( 'NONE',  #8946 ) ;
#4648 = FILL_AREA_STYLE ('',( #1643 ) ) ;
#4649 = CARTESIAN_POINT ( 'NONE',  ( -11.34110000000000618, 1.523999999999999355, -1.092199999999999838 ) ) ;
#4650 = DIRECTION ( 'NONE',  ( 0.000000000000000000, 0.000000000000000000, -1.000000000000000000 ) ) ;
#4651 = ORIENTED_EDGE ( 'NONE', *, *, #5023, .F. ) ;
#4652 = FACE_OUTER_BOUND ( 'NONE', #7442, .T. ) ;
#4653 = CARTESIAN_POINT ( 'NONE',  ( -5.640387500000003662, 1.523999999999999355, -2.226310000000000233 ) ) ;
#4654 = EDGE_CURVE ( 'NONE', #4246, #9004, #3099, .T. ) ;
#4655 = CARTESIAN_POINT ( 'NONE',  ( -8.180387500000003698, 1.523999999999999355, -2.625089999999998369 ) ) ;
#4656 = LINE ( 'NONE', #7575, #6198 ) ;
#4657 = CARTESIAN_POINT ( 'NONE',  ( -12.16025000000000489, 10.33638951052392230, 0.9905999999999317573 ) ) ;
#4658 = PLANE ( 'NONE',  #9445 ) ;
#4659 = CARTESIAN_POINT ( 'NONE',  ( -11.73480000000003187, -6.938893903907228378E-15, 2.226310000000002010 ) ) ;
#4660 = CARTESIAN_POINT ( 'NONE',  ( 16.00199999999999889, 6.604000000000000092, 3.048000000000002263 ) ) ;
#4661 = ORIENTED_EDGE ( 'NONE', *, *, #3112, .F. ) ;
#4662 = ORIENTED_EDGE ( 'NONE', *, *, #1420, .T. ) ;
#4663 = AXIS2_PLACEMENT_3D ( 'NONE', #4338, #6391, #5681 ) ;
#4664 = LINE ( 'NONE', #367, #255 ) ;
#4665 = LINE ( 'NONE', #8411, #2407 ) ;
#4666 = DIRECTION ( 'NONE',  ( 0.000000000000000000, 0.000000000000000000, -1.000000000000000000 ) ) ;
#4667 = VECTOR ( 'NONE', #1878, 1000.000000000000000 ) ;
#4668 = EDGE_CURVE ( 'NONE', #1730, #570, #3247, .T. ) ;
#4669 = ORIENTED_EDGE ( 'NONE', *, *, #6326, .T. ) ;
#4670 = EDGE_LOOP ( 'NONE', ( #4811, #7155 ) ) ;
#4671 = CARTESIAN_POINT ( 'NONE',  ( 12.69999999999999929, 1.523999999999999355, -1.540677576214998235 ) ) ;
#4672 = ORIENTED_EDGE ( 'NONE', *, *, #6892, .T. ) ;
#4673 = CARTESIAN_POINT ( 'NONE',  ( 16.00199999999999889, 15.49400000000000155, 3.911600000000001298 ) ) ;
#4674 = ADVANCED_FACE ( 'NONE', ( #6953 ), #8980, .T. ) ;
#4675 = VERTEX_POINT ( 'NONE', #6810 ) ;
#4676 = DIRECTION ( 'NONE',  ( 1.000000000000000000, -0.000000000000000000, -0.000000000000000000 ) ) ;
#4677 = ORIENTED_EDGE ( 'NONE', *, *, #217, .T. ) ;
#4678 = LINE ( 'NONE', #3947, #5598 ) ;
#4679 = CIRCLE ( 'NONE', #500, 0.6350000000000001199 ) ;
#4680 = DIRECTION ( 'NONE',  ( 0.000000000000000000, 1.000000000000000000, 0.000000000000000000 ) ) ;
#4681 = EDGE_CURVE ( 'NONE', #3448, #8610, #326, .T. ) ;
#4682 = ADVANCED_FACE ( 'NONE', ( #6188 ), #2378, .F. ) ;
#4683 = EDGE_LOOP ( 'NONE', ( #8932, #7347, #9089, #5910 ) ) ;
#4684 = DIRECTION ( 'NONE',  ( -0.000000000000000000, 1.000000000000000000, -0.000000000000000000 ) ) ;
#4685 = ORIENTED_EDGE ( 'NONE', *, *, #146, .T. ) ;
#4686 = LINE ( 'NONE', #9001, #3417 ) ;
#4687 = VECTOR ( 'NONE', #745, 1000.000000000000227 ) ;
#4688 = VECTOR ( 'NONE', #6219, 1000.000000000000000 ) ;
#4689 = VERTEX_POINT ( 'NONE', #8260 ) ;
#4690 = MECHANICAL_DESIGN_GEOMETRIC_PRESENTATION_REPRESENTATION (  '', ( #4696 ), #6661 ) ;
#4691 = ORIENTED_EDGE ( 'NONE', *, *, #8758, .T. ) ;
#4692 = ADVANCED_FACE ( 'NONE', ( #3153 ), #2527, .T. ) ;
#4693 = FACE_OUTER_BOUND ( 'NONE', #3256, .T. ) ;
#4694 = VECTOR ( 'NONE', #8896, 1000.000000000000000 ) ;
#4695 = SURFACE_STYLE_USAGE ( .BOTH. , #1743 ) ;
#4696 = STYLED_ITEM ( 'NONE', ( #704 ), #4320 ) ;
#4697 = DIRECTION ( 'NONE',  ( 0.9664851269264842504, -0.2567226118398958090, -0.000000000000000000 ) ) ;
#4698 = CARTESIAN_POINT ( 'NONE',  ( -16.00200000000000244, 15.49400000000000155, -3.911600000000003075 ) ) ;
#4699 = ORIENTED_EDGE ( 'NONE', *, *, #3436, .T. ) ;
#4700 = CARTESIAN_POINT ( 'NONE',  ( 3.505199999999999871, -3.175000000000000711, -2.625089999999998369 ) ) ;
#4701 =( LENGTH_UNIT ( ) NAMED_UNIT ( * ) SI_UNIT ( .MILLI., .METRE. ) );
#4702 = CARTESIAN_POINT ( 'NONE',  ( -8.159750000000000725, 15.49400000000000155, -0.9905999999999994809 ) ) ;
#4703 = DIRECTION ( 'NONE',  ( 0.000000000000000000, -1.000000000000000000, 0.000000000000000000 ) ) ;
#4704 = DIRECTION ( 'NONE',  ( 0.000000000000000000, 1.000000000000000000, 0.000000000000000000 ) ) ;
#4705 = EDGE_CURVE ( 'NONE', #2123, #5045, #3523, .T. ) ;
#4706 = DIRECTION ( 'NONE',  ( -0.2567226118398958090, 0.9664851269264842504, 0.000000000000000000 ) ) ;
#4707 = DIRECTION ( 'NONE',  ( 0.000000000000000000, 1.000000000000000000, 0.000000000000000000 ) ) ;
#4708 = DIRECTION ( 'NONE',  ( -1.000000000000000000, 0.000000000000000000, 0.000000000000000000 ) ) ;
#4709 = VECTOR ( 'NONE', #7333, 1000.000000000000000 ) ;
#4710 = VERTEX_POINT ( 'NONE', #2617 ) ;
#4711 = VERTEX_POINT ( 'NONE', #5035 ) ;
#4712 = CARTESIAN_POINT ( 'NONE',  ( -0.5603875000000022588, 1.523999999999999355, 2.226310000000002010 ) ) ;
#4713 = CARTESIAN_POINT ( 'NONE',  ( 7.080249999999995936, 15.49400000000000155, 0.9906000000000012573 ) ) ;
#4714 = AXIS2_PLACEMENT_3D ( 'NONE', #6071, #3820, #8151 ) ;
#4715 = AXIS2_PLACEMENT_3D ( 'NONE', #3137, #2415, #6172 ) ;
#4716 = CARTESIAN_POINT ( 'NONE',  ( 4.540249999999995900, 15.49400000000000155, -0.9905999999999994809 ) ) ;
#4717 = ORIENTED_EDGE ( 'NONE', *, *, #2730, .F. ) ;
#4718 = ORIENTED_EDGE ( 'NONE', *, *, #7542, .T. ) ;
#4719 = LINE ( 'NONE', #9173, #3261 ) ;
#4720 = VERTEX_POINT ( 'NONE', #7190 ) ;
#4721 = AXIS2_PLACEMENT_3D ( 'NONE', #5335, #9167, #2573 ) ;
#4722 = CARTESIAN_POINT ( 'NONE',  ( -8.180387499999969947, 1.523999999999994026, 2.226310000000002010 ) ) ;
#4723 = ORIENTED_EDGE ( 'NONE', *, *, #7440, .F. ) ;
#4724 = CARTESIAN_POINT ( 'NONE',  ( 7.080249999999995936, 13.53961048947610912, -0.9905999999999682837 ) ) ;
#4725 = ORIENTED_EDGE ( 'NONE', *, *, #7245, .F. ) ;
#4726 = EDGE_CURVE ( 'NONE', #3123, #9287, #3477, .T. ) ;
#4727 = SHAPE_DEFINITION_REPRESENTATION ( #6018, #7976 ) ;
#4728 = SURFACE_SIDE_STYLE ('',( #3165 ) ) ;
#4729 = DIRECTION ( 'NONE',  ( -1.000000000000000000, 0.000000000000000000, 0.000000000000000000 ) ) ;
#4730 = ORIENTED_EDGE ( 'NONE', *, *, #3245, .F. ) ;
#4731 = CARTESIAN_POINT ( 'NONE',  ( 16.00199999999999889, 15.49400000000000155, -3.911600000000003075 ) ) ;
#4732 = DIRECTION ( 'NONE',  ( 0.000000000000000000, -1.000000000000000000, 0.000000000000000000 ) ) ;
#4733 = EDGE_LOOP ( 'NONE', ( #1917, #6195, #8730, #6191 ) ) ;
#4734 = DIRECTION ( 'NONE',  ( 0.000000000000000000, 1.000000000000000000, 0.000000000000000000 ) ) ;
#4735 = EDGE_LOOP ( 'NONE', ( #4651, #4945, #2274, #8419 ) ) ;
#4736 = VECTOR ( 'NONE', #2334, 1000.000000000000000 ) ;
#4737 = ORIENTED_EDGE ( 'NONE', *, *, #9195, .T. ) ;
#4738 = EDGE_CURVE ( 'NONE', #4625, #6202, #1939, .T. ) ;
#4739 = EDGE_CURVE ( 'NONE', #5593, #6544, #2796, .T. ) ;
#4740 = PLANE ( 'NONE',  #7574 ) ;
#4741 = EDGE_CURVE ( 'NONE', #4711, #778, #3428, .T. ) ;
#4743 = CARTESIAN_POINT ( 'NONE',  ( 6.045200000000000351, -3.175000000000000711, -2.625089999999998369 ) ) ;
#4742 = VECTOR ( 'NONE', #3627, 1000.000000000000000 ) ;
#4744 = SURFACE_STYLE_USAGE ( .BOTH. , #9152 ) ;
#4745 = VERTEX_POINT ( 'NONE', #1214 ) ;
#4746 = LINE ( 'NONE', #8294, #5883 ) ;
#4747 = PRESENTATION_STYLE_ASSIGNMENT (( #402 ) ) ;
#4748 = STYLED_ITEM ( 'NONE', ( #2925 ), #7439 ) ;
#4749 = DIRECTION ( 'NONE',  ( 0.000000000000000000, 1.000000000000000000, 0.000000000000000000 ) ) ;
#4750 = EDGE_CURVE ( 'NONE', #3498, #3985, #588, .T. ) ;
#4751 = CARTESIAN_POINT ( 'NONE',  ( -4.540250000000003006, 15.49400000000000155, 0.9906000000000012573 ) ) ;
#4752 = STYLED_ITEM ( 'NONE', ( #8100 ), #1056 ) ;
#4753 = DIRECTION ( 'NONE',  ( 0.000000000000000000, -1.000000000000000000, 0.000000000000000000 ) ) ;
#4754 = DIRECTION ( 'NONE',  ( -0.2567226118398505119, -0.9664851269264961298, 0.000000000000000000 ) ) ;
#4755 = DIRECTION ( 'NONE',  ( 0.000000000000000000, 1.000000000000000000, 0.000000000000000000 ) ) ;
#4756 = DIRECTION ( 'NONE',  ( -0.000000000000000000, -1.000000000000000000, -0.000000000000000000 ) ) ;
#4757 = EDGE_CURVE ( 'NONE', #4767, #6660, #6073, .T. ) ;
#4758 = AXIS2_PLACEMENT_3D ( 'NONE', #8020, #2865, #6474 ) ;
#4759 = LINE ( 'NONE', #8488, #1351 ) ;
#4760 = VERTEX_POINT ( 'NONE', #4209 ) ;
#4761 = EDGE_CURVE ( 'NONE', #303, #2856, #8627, .T. ) ;
#4762 = ORIENTED_EDGE ( 'NONE', *, *, #5196, .T. ) ;
#4763 = DIRECTION ( 'NONE',  ( -1.000000000000000000, 0.000000000000000000, 0.000000000000000000 ) ) ;
#4764 = AXIS2_PLACEMENT_3D ( 'NONE', #5303, #1091, #1731 ) ;
#4765 = FACE_OUTER_BOUND ( 'NONE', #7914, .T. ) ;
#4766 = ORIENTED_EDGE ( 'NONE', *, *, #3197, .F. ) ;
#4767 = VERTEX_POINT ( 'NONE', #2029 ) ;
#4768 = DIRECTION ( 'NONE',  ( 0.000000000000000000, 1.000000000000000000, 0.000000000000000000 ) ) ;
#4769 = ORIENTED_EDGE ( 'NONE', *, *, #2832, .F. ) ;
#4770 = FACE_OUTER_BOUND ( 'NONE', #4619, .T. ) ;
#4771 = EDGE_LOOP ( 'NONE', ( #5762, #4717 ) ) ;
#4772 = CARTESIAN_POINT ( 'NONE',  ( -11.08709999999989826, 1.523999999999999355, -1.524540434551116874 ) ) ;
#4773 = ORIENTED_EDGE ( 'NONE', *, *, #816, .T. ) ;
#4774 = FILL_AREA_STYLE_COLOUR ( '', #6362 ) ;
#4775 = CARTESIAN_POINT ( 'NONE',  ( -13.97000000000000242, 13.97000000000000064, -0.9905999999999994809 ) ) ;
#4776 = LINE ( 'NONE', #9394, #5567 ) ;
#4777 = ORIENTED_EDGE ( 'NONE', *, *, #833, .F. ) ;
#4778 = DIRECTION ( 'NONE',  ( 0.000000000000000000, 1.000000000000000000, 0.000000000000000000 ) ) ;
#4779 = PRESENTATION_STYLE_ASSIGNMENT (( #7106 ) ) ;
#4780 = DIRECTION ( 'NONE',  ( 0.000000000000000000, -1.000000000000000000, 0.000000000000000000 ) ) ;
#4781 = ORIENTED_EDGE ( 'NONE', *, *, #5930, .F. ) ;
#4782 = CARTESIAN_POINT ( 'NONE',  ( 13.84299999999999820, 4.572000000000000064, -3.810000000000002718 ) ) ;
#4783 = ORIENTED_EDGE ( 'NONE', *, *, #6711, .F. ) ;
#4784 = CARTESIAN_POINT ( 'NONE',  ( -16.00200000000000244, 6.604000000000000092, 4.673600000000000421 ) ) ;
#4785 = DIRECTION ( 'NONE',  ( 0.000000000000000000, -0.000000000000000000, -1.000000000000000000 ) ) ;
#4786 = UNCERTAINTY_MEASURE_WITH_UNIT (LENGTH_MEASURE( 1.000000000000000082E-05 ), #1834, 'distance_accuracy_value', 'NONE');
#4787 = EDGE_CURVE ( 'NONE', #7560, #52, #6414, .T. ) ;
#4788 = FILL_AREA_STYLE_COLOUR ( '', #2721 ) ;
#4789 = ORIENTED_EDGE ( 'NONE', *, *, #4097, .T. ) ;
#4790 = CARTESIAN_POINT ( 'NONE',  ( -11.21410000000000551, 1.523999999999999355, -1.113817018699997830 ) ) ;
#4791 = CYLINDRICAL_SURFACE ( 'NONE', #2873, 2.158999999999999364 ) ;
#4792 = EDGE_CURVE ( 'NONE', #6077, #3655, #7960, .T. ) ;
#4793 = CARTESIAN_POINT ( 'NONE',  ( -11.25643335352000207, 1.397000000000000686, -1.221902112197999601 ) ) ;
#4794 = LINE ( 'NONE', #1205, #5126 ) ;
#4795 = DIRECTION ( 'NONE',  ( -1.000000000000000000, 0.000000000000000000, 0.000000000000000000 ) ) ;
#4796 = CARTESIAN_POINT ( 'NONE',  ( -0.9651999999999993918, -3.175000000000000711, -2.226310000000000233 ) ) ;
#4797 = ADVANCED_FACE ( 'NONE', ( #1366 ), #4313, .T. ) ;
#4798 = CARTESIAN_POINT ( 'NONE',  ( 2.000250000000002082, 15.49400000000000155, 0.000000000000000000 ) ) ;
#4799 = EDGE_CURVE ( 'NONE', #6325, #1998, #9145, .T. ) ;
#4800 = ORIENTED_EDGE ( 'NONE', *, *, #2817, .F. ) ;
#4801 = LINE ( 'NONE', #1858, #1143 ) ;
#4802 = CARTESIAN_POINT ( 'NONE',  ( -15.23999999999999666, 6.604000000000000092, -3.810000000000002718 ) ) ;
#4803 = ORIENTED_EDGE ( 'NONE', *, *, #5142, .F. ) ;
#4804 = VECTOR ( 'NONE', #6217, 1000.000000000000227 ) ;
#4806 = VERTEX_POINT ( 'NONE', #8494 ) ;
#4805 = STYLED_ITEM ( 'NONE', ( #4913 ), #1314 ) ;
#4807 = DIRECTION ( 'NONE',  ( -1.000000000000000000, 0.000000000000000000, 0.000000000000000000 ) ) ;
#4808 = ORIENTED_EDGE ( 'NONE', *, *, #9359, .T. ) ;
#4809 = CYLINDRICAL_SURFACE ( 'NONE', #4974, 2.158999999999999364 ) ;
#4810 = VECTOR ( 'NONE', #7910, 1000.000000000000000 ) ;
#4811 = ORIENTED_EDGE ( 'NONE', *, *, #2888, .T. ) ;
#4812 = CARTESIAN_POINT ( 'NONE',  ( 0.9651999999999993918, 0.000000000000000000, -2.226310000000000233 ) ) ;
#4813 = VERTEX_POINT ( 'NONE', #5697 ) ;
#4814 = ADVANCED_FACE ( 'NONE', ( #7775 ), #1167, .T. ) ;
#4815 = AXIS2_PLACEMENT_3D ( 'NONE', #8826, #2223, #8303 ) ;
#4816 = VECTOR ( 'NONE', #4611, 1000.000000000000227 ) ;
#4817 = LINE ( 'NONE', #4775, #8518 ) ;
#4818 = AXIS2_PLACEMENT_3D ( 'NONE', #499, #9309, #6464 ) ;
#4819 = EDGE_CURVE ( 'NONE', #5916, #5219, #7816, .T. ) ;
#4820 = ORIENTED_EDGE ( 'NONE', *, *, #1982, .F. ) ;
#4821 = DIRECTION ( 'NONE',  ( 0.000000000000000000, 1.000000000000000000, 0.000000000000000000 ) ) ;
#4822 = VECTOR ( 'NONE', #7472, 1000.000000000000000 ) ;
#4823 = LINE ( 'NONE', #4952, #5288 ) ;
#4824 = ORIENTED_EDGE ( 'NONE', *, *, #4443, .F. ) ;
#4825 = ORIENTED_EDGE ( 'NONE', *, *, #4506, .F. ) ;
#4826 = AXIS2_PLACEMENT_3D ( 'NONE', #3656, #5113, #9378 ) ;
#4827 = EDGE_CURVE ( 'NONE', #4813, #8327, #6367, .T. ) ;
#4828 = PLANE ( 'NONE',  #6480 ) ;
#4829 = DIRECTION ( 'NONE',  ( -0.9664851269264842504, -0.2567226118398958090, 0.000000000000000000 ) ) ;
#4830 = CARTESIAN_POINT ( 'NONE',  ( 15.24000000000000021, 6.604000000000000092, -4.673600000000001309 ) ) ;
#4831 = LINE ( 'NONE', #9153, #3340 ) ;
#4832 = ORIENTED_EDGE ( 'NONE', *, *, #3524, .T. ) ;
#4833 = COLOUR_RGB ( '',0.7921568627450980005, 0.8196078431372548767, 0.9333333333333333481 ) ;
#4834 = DIRECTION ( 'NONE',  ( -1.000000000000000000, -0.000000000000000000, -0.000000000000000000 ) ) ;
#4835 = SURFACE_STYLE_FILL_AREA ( #1108 ) ;
#4836 = EDGE_CURVE ( 'NONE', #5236, #3655, #8583, .T. ) ;
#4837 = AXIS2_PLACEMENT_3D ( 'NONE', #5967, #8321, #6154 ) ;
#4838 = LINE ( 'NONE', #7764, #198 ) ;
#4839 = DIRECTION ( 'NONE',  ( 0.000000000000000000, 0.000000000000000000, -1.000000000000000000 ) ) ;
#4840 = LINE ( 'NONE', #2610, #8226 ) ;
#4841 = PLANE ( 'NONE',  #8101 ) ;
#4842 = CARTESIAN_POINT ( 'NONE',  ( -11.12520000000000131, 1.523999999999999355, 2.226310000000002010 ) ) ;
#4843 = EDGE_LOOP ( 'NONE', ( #8690, #4582, #8633, #3437 ) ) ;
#4844 = FACE_OUTER_BOUND ( 'NONE', #9024, .T. ) ;
#4845 = EDGE_CURVE ( 'NONE', #7391, #3269, #1262, .T. ) ;
#4846 = EDGE_CURVE ( 'NONE', #3407, #6069, #2170, .T. ) ;
#4847 = DIRECTION ( 'NONE',  ( 0.000000000000000000, 0.000000000000000000, -1.000000000000000000 ) ) ;
#4848 = VECTOR ( 'NONE', #1937, 1000.000000000000000 ) ;
#4849 = VECTOR ( 'NONE', #6174, 1000.000000000000000 ) ;
#4850 = UNCERTAINTY_MEASURE_WITH_UNIT (LENGTH_MEASURE( 1.000000000000000082E-05 ), #1849, 'distance_accuracy_value', 'NONE');
#4851 = ADVANCED_FACE ( 'NONE', ( #2312 ), #6702, .T. ) ;
#4852 = VERTEX_POINT ( 'NONE', #1510 ) ;
#4853 = EDGE_LOOP ( 'NONE', ( #555, #4988, #1926, #854 ) ) ;
#4854 = CARTESIAN_POINT ( 'NONE',  ( 11.73479999999999634, 0.000000000000000000, 2.226310000000002010 ) ) ;
#4855 = VERTEX_POINT ( 'NONE', #820 ) ;
#4856 = DIRECTION ( 'NONE',  ( 1.000000000000000000, -0.000000000000000000, -0.000000000000000000 ) ) ;
#4857 = ADVANCED_FACE ( 'NONE', ( #2268 ), #5891, .F. ) ;
#4858 = AXIS2_PLACEMENT_3D ( 'NONE', #4467, #872, #7427 ) ;
#4859 = VECTOR ( 'NONE', #1650, 1000.000000000000000 ) ;
#4860 = ORIENTED_EDGE ( 'NONE', *, *, #7312, .T. ) ;
#4861 = LINE ( 'NONE', #4123, #1806 ) ;
#4862 = VERTEX_POINT ( 'NONE', #5273 ) ;
#4863 = FILL_AREA_STYLE_COLOUR ( '', #9281 ) ;
#4864 = AXIS2_PLACEMENT_3D ( 'NONE', #7679, #4016, #4706 ) ;
#4865 = CLOSED_SHELL ( 'NONE', ( #4128, #5268, #7995, #9318 ) ) ;
#4866 = ORIENTED_EDGE ( 'NONE', *, *, #150, .T. ) ;
#4867 = FILL_AREA_STYLE_COLOUR ( '', #883 ) ;
#4868 = EDGE_CURVE ( 'NONE', #755, #2440, #3718, .T. ) ;
#4869 = LINE ( 'NONE', #7791, #6204 ) ;
#4870 = ORIENTED_EDGE ( 'NONE', *, *, #5633, .T. ) ;
#4871 = LINE ( 'NONE', #7793, #3555 ) ;
#4872 = ORIENTED_EDGE ( 'NONE', *, *, #3088, .T. ) ;
#4873 = EDGE_CURVE ( 'NONE', #4907, #4711, #4416, .T. ) ;
#4874 = CARTESIAN_POINT ( 'NONE',  ( -11.02360000000000184, 1.523999999999999355, -2.000114891362000602 ) ) ;
#4875 = DIRECTION ( 'NONE',  ( -1.000000000000000000, 0.000000000000000000, 0.000000000000000000 ) ) ;
#4876 = FACE_OUTER_BOUND ( 'NONE', #3423, .T. ) ;
#4877 = VERTEX_POINT ( 'NONE', #2942 ) ;
#4878 = ORIENTED_EDGE ( 'NONE', *, *, #4482, .T. ) ;
#4879 = DIRECTION ( 'NONE',  ( -1.000000000000000000, 0.000000000000000000, 0.000000000000000000 ) ) ;
#4880 = DIRECTION ( 'NONE',  ( -0.5466227293957726108, 0.000000000000000000, -0.8373790012341580935 ) ) ;
#4881 = DIRECTION ( 'NONE',  ( -1.000000000000000000, 0.000000000000000000, 0.000000000000000000 ) ) ;
#4882 = AXIS2_PLACEMENT_3D ( 'NONE', #1972, #4924, #7844 ) ;
#4883 = DIRECTION ( 'NONE',  ( -0.000000000000000000, -1.000000000000000000, -0.000000000000000000 ) ) ;
#4884 = DIRECTION ( 'NONE',  ( 1.000000000000000000, 0.000000000000000000, 0.000000000000000000 ) ) ;
#4885 = DIRECTION ( 'NONE',  ( -1.000000000000000000, 0.000000000000000000, 0.000000000000000000 ) ) ;
#4886 = PLANE ( 'NONE',  #6273 ) ;
#4887 = EDGE_CURVE ( 'NONE', #7202, #7942, #2851, .T. ) ;
#4888 = VECTOR ( 'NONE', #1892, 1000.000000000000114 ) ;
#4889 = ORIENTED_EDGE ( 'NONE', *, *, #8722, .F. ) ;
#4890 = PLANE ( 'NONE',  #3809 ) ;
#4891 = VECTOR ( 'NONE', #6131, 1000.000000000000000 ) ;
#4892 = CARTESIAN_POINT ( 'NONE',  ( 3.505199999999999871, -3.175000000000000711, 0.000000000000000000 ) ) ;
#4893 = CARTESIAN_POINT ( 'NONE',  ( -4.114800000000001567, 0.000000000000000000, 2.625090000000000146 ) ) ;
#4894 = VECTOR ( 'NONE', #308, 1000.000000000000000 ) ;
#4895 = VERTEX_POINT ( 'NONE', #2898 ) ;
#4896 = ORIENTED_EDGE ( 'NONE', *, *, #6765, .T. ) ;
#4897 = CARTESIAN_POINT ( 'NONE',  ( 9.620249999999996859, 10.33638951052389210, -0.9905999999999682837 ) ) ;
#4898 = EDGE_LOOP ( 'NONE', ( #8997, #7829, #6766, #7877, #8879, #7231 ) ) ;
#4899 = ADVANCED_FACE ( 'NONE', ( #7283 ), #1554, .F. ) ;
#4900 = VECTOR ( 'NONE', #4270, 1000.000000000000000 ) ;
#4901 = VERTEX_POINT ( 'NONE', #7376 ) ;
#4902 = CARTESIAN_POINT ( 'NONE',  ( 10.72038750000007745, 1.524000000000009791, -2.226309999999997125 ) ) ;
#4903 = ORIENTED_EDGE ( 'NONE', *, *, #7607, .F. ) ;
#4904 = EDGE_CURVE ( 'NONE', #6572, #4625, #6369, .T. ) ;
#4905 =( LENGTH_UNIT ( ) NAMED_UNIT ( * ) SI_UNIT ( .MILLI., .METRE. ) );
#4906 = CARTESIAN_POINT ( 'NONE',  ( 12.13961249999996284, 1.524000000000004462, 2.226310000000002010 ) ) ;
#4907 = VERTEX_POINT ( 'NONE', #118 ) ;
#4908 = CARTESIAN_POINT ( 'NONE',  ( 6.654799999999995386, 0.000000000000000000, 2.226310000000002010 ) ) ;
#4909 = EDGE_CURVE ( 'NONE', #3596, #8543, #3770, .T. ) ;
#4910 = EDGE_CURVE ( 'NONE', #6466, #4922, #3043, .T. ) ;
#4911 = DIRECTION ( 'NONE',  ( 0.000000000000000000, 0.000000000000000000, -1.000000000000000000 ) ) ;
#4912 = ORIENTED_EDGE ( 'NONE', *, *, #912, .T. ) ;
#4913 = PRESENTATION_STYLE_ASSIGNMENT (( #1960 ) ) ;
#4914 = ORIENTED_EDGE ( 'NONE', *, *, #9261, .F. ) ;
#4915 = CARTESIAN_POINT ( 'NONE',  ( -14.60500000000000043, 0.000000000000000000, -3.810000000000002718 ) ) ;
#4916 = DIRECTION ( 'NONE',  ( 1.000000000000000000, -0.000000000000000000, -0.000000000000000000 ) ) ;
#4917 = DIRECTION ( 'NONE',  ( 0.2567226118398023837, -0.9664851269265090083, -0.000000000000000000 ) ) ;
#4918 =( LENGTH_UNIT ( ) NAMED_UNIT ( * ) SI_UNIT ( .MILLI., .METRE. ) );
#4919 = CARTESIAN_POINT ( 'NONE',  ( -11.15060000000000429, 1.523999999999999355, -1.373221303654000414 ) ) ;
#4920 = ORIENTED_EDGE ( 'NONE', *, *, #8591, .F. ) ;
#4921 = CARTESIAN_POINT ( 'NONE',  ( -11.15060000000000429, 1.523999999999999355, -1.373221303654000414 ) ) ;
#4922 = VERTEX_POINT ( 'NONE', #5940 ) ;
#4923 = PLANE ( 'NONE',  #3822 ) ;
#4924 = DIRECTION ( 'NONE',  ( -1.000000000000000000, 0.000000000000000000, 0.000000000000000000 ) ) ;
#4925 = CARTESIAN_POINT ( 'NONE',  ( -0.9651999999999993918, 1.523999999999999355, 2.226310000000002010 ) ) ;
#4926 = CARTESIAN_POINT ( 'NONE',  ( -6.045200000000000351, 0.000000000000000000, 2.625090000000000146 ) ) ;
#4927 = CARTESIAN_POINT ( 'NONE',  ( -7.059612499999999180, 1.523999999999999355, 2.625090000000000146 ) ) ;
#4928 = DIRECTION ( 'NONE',  ( -1.000000000000000000, 0.000000000000000000, 0.000000000000000000 ) ) ;
#4929 = EDGE_CURVE ( 'NONE', #546, #6879, #5987, .T. ) ;
#4930 = CARTESIAN_POINT ( 'NONE',  ( -7.080250000000003041, 10.33638951052392230, 0.9905999999999317573 ) ) ;
#4931 = VERTEX_POINT ( 'NONE', #8103 ) ;
#4932 = LINE ( 'NONE', #7085, #6882 ) ;
#4933 = VECTOR ( 'NONE', #5835, 1000.000000000000000 ) ;
#4934 = CARTESIAN_POINT ( 'NONE',  ( 4.114800000000001567, 1.523999999999999355, -2.625089999999998369 ) ) ;
#4935 = DIRECTION ( 'NONE',  ( 0.2567226118398958090, -0.9664851269264842504, -0.000000000000000000 ) ) ;
#4936 = CARTESIAN_POINT ( 'NONE',  ( 5.619749999999999801, 10.33638951052392230, -0.9905999999999335337 ) ) ;
#4937 = ORIENTED_EDGE ( 'NONE', *, *, #2068, .T. ) ;
#4938 = LINE ( 'NONE', #9184, #4348 ) ;
#4939 = ORIENTED_EDGE ( 'NONE', *, *, #7884, .T. ) ;
#4940 = CARTESIAN_POINT ( 'NONE',  ( -13.97000000000000242, 13.97000000000000064, -0.9905999999999994809 ) ) ;
#4941 = ORIENTED_EDGE ( 'NONE', *, *, #9279, .F. ) ;
#4942 = AXIS2_PLACEMENT_3D ( 'NONE', #3791, #8024, #8167 ) ;
#4943 = ORIENTED_EDGE ( 'NONE', *, *, #1478, .T. ) ;
#4944 = DIRECTION ( 'NONE',  ( -1.000000000000000000, 0.000000000000000000, 0.000000000000000000 ) ) ;
#4945 = ORIENTED_EDGE ( 'NONE', *, *, #1727, .F. ) ;
#4946 = DIRECTION ( 'NONE',  ( -1.000000000000000000, 0.000000000000000000, 0.000000000000000000 ) ) ;
#4947 = EDGE_CURVE ( 'NONE', #5850, #8983, #8869, .T. ) ;
#4948 = ORIENTED_EDGE ( 'NONE', *, *, #4081, .F. ) ;
#4949 = PLANE ( 'NONE',  #7040 ) ;
#4950 = EDGE_CURVE ( 'NONE', #5185, #3001, #629, .T. ) ;
#4951 = VERTEX_POINT ( 'NONE', #6511 ) ;
#4952 = CARTESIAN_POINT ( 'NONE',  ( -6.045200000000000351, 0.000000000000000000, -2.625089999999998369 ) ) ;
#4953 = VECTOR ( 'NONE', #5161, 1000.000000000000000 ) ;
#4954 = VERTEX_POINT ( 'NONE', #1410 ) ;
#4955 = VERTEX_POINT ( 'NONE', #3673 ) ;
#4956 = LINE ( 'NONE', #7114, #8842 ) ;
#4957 = CARTESIAN_POINT ( 'NONE',  ( 8.180387499999996592, 1.523999999999999355, 2.625090000000000146 ) ) ;
#4958 = CIRCLE ( 'NONE', #4510, 2.158999999999999364 ) ;
#4959 = EDGE_CURVE ( 'NONE', #3546, #4576, #3605, .T. ) ;
#4960 = EDGE_CURVE ( 'NONE', #5957, #4745, #773, .T. ) ;
#4961 = LINE ( 'NONE', #4052, #7420 ) ;
#4962 = DIRECTION ( 'NONE',  ( 0.000000000000000000, -1.000000000000000000, 0.000000000000000000 ) ) ;
#4963 = AXIS2_PLACEMENT_3D ( 'NONE', #5600, #441, #4063 ) ;
#4964 = DIRECTION ( 'NONE',  ( -0.000000000000000000, -0.000000000000000000, 1.000000000000000000 ) ) ;
#4965 = EDGE_CURVE ( 'NONE', #4969, #1216, #9161, .T. ) ;
#4966 = ORIENTED_EDGE ( 'NONE', *, *, #7607, .T. ) ;
#4967 = LINE ( 'NONE', #1242, #2028 ) ;
#4968 = VECTOR ( 'NONE', #429, 1000.000000000000000 ) ;
#4969 = VERTEX_POINT ( 'NONE', #268 ) ;
#4970 = EDGE_CURVE ( 'NONE', #6780, #1283, #6799, .T. ) ;
#4971 = CARTESIAN_POINT ( 'NONE',  ( 3.079749999999999321, 15.49400000000000155, 0.000000000000000000 ) ) ;
#4972 = AXIS2_PLACEMENT_3D ( 'NONE', #6133, #969, #3921 ) ;
#4973 = LINE ( 'NONE', #1304, #4514 ) ;
#4974 = AXIS2_PLACEMENT_3D ( 'NONE', #2484, #1133, #7644 ) ;
#4975 =( NAMED_UNIT ( * ) SI_UNIT ( $, .STERADIAN. ) SOLID_ANGLE_UNIT ( ) );
#4976 = CARTESIAN_POINT ( 'NONE',  ( -4.540250000000003006, 11.93800000000000061, 2.438400000000000123 ) ) ;
#4977 = FACE_OUTER_BOUND ( 'NONE', #2480, .T. ) ;
#4978 = CARTESIAN_POINT ( 'NONE',  ( -14.60500000000000043, 0.000000000000000000, -3.810000000000002718 ) ) ;
#4979 = ORIENTED_EDGE ( 'NONE', *, *, #6271, .F. ) ;
#4980 = DIRECTION ( 'NONE',  ( 0.000000000000000000, -1.000000000000000000, 0.000000000000000000 ) ) ;
#4981 = VECTOR ( 'NONE', #4336, 999.9999999999998863 ) ;
#4982 = CARTESIAN_POINT ( 'NONE',  ( -16.00200000000000244, 1.523999999999999355, -3.810000000000002718 ) ) ;
#4983 = AXIS2_PLACEMENT_3D ( 'NONE', #4314, #7143, #2899 ) ;
#4984 = EDGE_CURVE ( 'NONE', #1283, #4767, #7527, .T. ) ;
#4985 = CARTESIAN_POINT ( 'NONE',  ( -9.599612500000000992, 1.523999999999999355, 2.625090000000000146 ) ) ;
#4986 = PLANE ( 'NONE',  #980 ) ;
#4987 = PLANE ( 'NONE',  #5357 ) ;
#4988 = ORIENTED_EDGE ( 'NONE', *, *, #3825, .F. ) ;
#4989 = CARTESIAN_POINT ( 'NONE',  ( -8.585200000000000387, 1.523999999999999355, -2.625089999999998369 ) ) ;
#4990 =( GEOMETRIC_REPRESENTATION_CONTEXT ( 3 ) GLOBAL_UNCERTAINTY_ASSIGNED_CONTEXT ( ( #683 ) ) GLOBAL_UNIT_ASSIGNED_CONTEXT ( ( #8928, #4575, #8116 ) ) REPRESENTATION_CONTEXT ( 'NONE', 'WORKASPACE' ) );
#4991 = ORIENTED_EDGE ( 'NONE', *, *, #2708, .T. ) ;
#4992 = EDGE_LOOP ( 'NONE', ( #4170, #9360, #9355, #6884 ) ) ;
#4993 = VERTEX_POINT ( 'NONE', #7626 ) ;
#4994 = CARTESIAN_POINT ( 'NONE',  ( -8.585200000000000387, 1.523999999999999355, 2.226310000000002010 ) ) ;
#4995 = ORIENTED_EDGE ( 'NONE', *, *, #8310, .T. ) ;
#4996 = VECTOR ( 'NONE', #1125, 1000.000000000000000 ) ;
#4997 = ORIENTED_EDGE ( 'NONE', *, *, #4326, .T. ) ;
#4998 = FACE_OUTER_BOUND ( 'NONE', #2042, .T. ) ;
#4999 = ORIENTED_EDGE ( 'NONE', *, *, #3533, .T. ) ;
#5000 = AXIS2_PLACEMENT_3D ( 'NONE', #6678, #4585, #6623 ) ;
#5001 = CARTESIAN_POINT ( 'NONE',  ( -9.620250000000003965, 13.53961048947607893, 0.9905999999999317573 ) ) ;
#5002 = VECTOR ( 'NONE', #314, 1000.000000000000000 ) ;
#5003 = EDGE_CURVE ( 'NONE', #3019, #8015, #2417, .T. ) ;
#5004 = EDGE_LOOP ( 'NONE', ( #464, #5020, #3325, #8037 ) ) ;
#5005 =( NAMED_UNIT ( * ) SI_UNIT ( $, .STERADIAN. ) SOLID_ANGLE_UNIT ( ) );
#5006 = ORIENTED_EDGE ( 'NONE', *, *, #6981, .T. ) ;
#5007 = LINE ( 'NONE', #7931, #6080 ) ;
#5008 = CARTESIAN_POINT ( 'NONE',  ( -3.505199999999999871, 0.000000000000000000, -2.625089999999998369 ) ) ;
#5009 = LINE ( 'NONE', #6936, #5599 ) ;
#5010 = AXIS2_PLACEMENT_3D ( 'NONE', #731, #8823, #2998 ) ;
#5011 = CIRCLE ( 'NONE', #840, 0.7620000000000005658 ) ;
#5012 = FACE_OUTER_BOUND ( 'NONE', #8421, .T. ) ;
#5013 = FACE_OUTER_BOUND ( 'NONE', #3937, .T. ) ;
#5014 = CARTESIAN_POINT ( 'NONE',  ( -11.02359999999990414, 1.523999999999999355, -1.373221303654049041 ) ) ;
#5015 = CARTESIAN_POINT ( 'NONE',  ( -1.574800000000001088, 1.523999999999999355, -2.226310000000000233 ) ) ;
#5016 = EDGE_LOOP ( 'NONE', ( #4637, #923, #2771, #735 ) ) ;
#5017 = CARTESIAN_POINT ( 'NONE',  ( -16.00200000000000244, 4.572000000000000064, -3.047999999999996934 ) ) ;
#5018 = EDGE_CURVE ( 'NONE', #4689, #8327, #2465, .T. ) ;
#5019 = EDGE_CURVE ( 'NONE', #6466, #4922, #2528, .T. ) ;
#5020 = ORIENTED_EDGE ( 'NONE', *, *, #6773, .T. ) ;
#5021 = CARTESIAN_POINT ( 'NONE',  ( -12.70000000000000284, 1.523999999999999355, -1.540677576214998235 ) ) ;
#5022 = DIRECTION ( 'NONE',  ( 0.000000000000000000, 0.000000000000000000, -1.000000000000000000 ) ) ;
#5023 = EDGE_CURVE ( 'NONE', #3799, #8076, #3192, .T. ) ;
#5024 = LINE ( 'NONE', #808, #3101 ) ;
#5025 = DIRECTION ( 'NONE',  ( 0.000000000000000000, 1.000000000000000000, 0.000000000000000000 ) ) ;
#5026 = CIRCLE ( 'NONE', #6246, 2.158999999999999364 ) ;
#5027 = CARTESIAN_POINT ( 'NONE',  ( -8.159750000000000725, 13.53961048947610912, -0.9905999999999682837 ) ) ;
#5028 = LINE ( 'NONE', #5833, #4115 ) ;
#5029 = DIRECTION ( 'NONE',  ( 0.000000000000000000, 1.000000000000000000, 0.000000000000000000 ) ) ;
#5030 = ORIENTED_EDGE ( 'NONE', *, *, #3169, .F. ) ;
#5031 = EDGE_CURVE ( 'NONE', #4969, #1895, #3866, .T. ) ;
#5032 = DIRECTION ( 'NONE',  ( 0.000000000000000000, -1.000000000000000000, 0.000000000000000000 ) ) ;
#5033 = DIRECTION ( 'NONE',  ( -0.000000000000000000, -0.000000000000000000, 1.000000000000000000 ) ) ;
#5034 = AXIS2_PLACEMENT_3D ( 'NONE', #3244, #6861, #280 ) ;
#5035 = CARTESIAN_POINT ( 'NONE',  ( 4.114799999999994462, -3.175000000000000711, 2.226310000000002010 ) ) ;
#5036 = DIRECTION ( 'NONE',  ( 0.000000000000000000, -1.000000000000000000, 0.000000000000000000 ) ) ;
#5037 = LINE ( 'NONE', #7286, #8715 ) ;
#5038 = UNCERTAINTY_MEASURE_WITH_UNIT (LENGTH_MEASURE( 1.000000000000000082E-05 ), #98, 'distance_accuracy_value', 'NONE');
#5039 = VERTEX_POINT ( 'NONE', #1754 ) ;
#5040 = LINE ( 'NONE', #5799, #1100 ) ;
#5041 = VERTEX_POINT ( 'NONE', #3922 ) ;
#5042 = DIRECTION ( 'NONE',  ( 0.000000000000000000, 0.000000000000000000, 1.000000000000000000 ) ) ;
#5043 = EDGE_CURVE ( 'NONE', #7902, #1527, #4012, .T. ) ;
#5044 = ORIENTED_EDGE ( 'NONE', *, *, #5072, .T. ) ;
#5045 = VERTEX_POINT ( 'NONE', #6850 ) ;
#5046 = CARTESIAN_POINT ( 'NONE',  ( -16.00200000000000244, 1.523999999999999355, -2.625089999999998369 ) ) ;
#5047 = ORIENTED_EDGE ( 'NONE', *, *, #6889, .T. ) ;
#5048 = VECTOR ( 'NONE', #9235, 1000.000000000000000 ) ;
#5049 = PLANE ( 'NONE',  #8058 ) ;
#5050 = AXIS2_PLACEMENT_3D ( 'NONE', #702, #750, #242 ) ;
#5051 = ORIENTED_EDGE ( 'NONE', *, *, #6541, .F. ) ;
#5052 = EDGE_CURVE ( 'NONE', #5125, #4580, #2991, .T. ) ;
#5053 = STYLED_ITEM ( 'NONE', ( #6685 ), #7538 ) ;
#5054 = EDGE_LOOP ( 'NONE', ( #7046, #1219 ) ) ;
#5055 = CARTESIAN_POINT ( 'NONE',  ( 0.9651999999999993918, -3.175000000000000711, -2.625089999999998369 ) ) ;
#5056 = ORIENTED_EDGE ( 'NONE', *, *, #5076, .T. ) ;
#5057 = CARTESIAN_POINT ( 'NONE',  ( -16.00200000000000244, 1.523999999999999355, 2.625090000000000146 ) ) ;
#5058 = ORIENTED_EDGE ( 'NONE', *, *, #7063, .F. ) ;
#5059 = CARTESIAN_POINT ( 'NONE',  ( -0.9651999999999993918, -3.175000000000000711, 2.625090000000000146 ) ) ;
#5060 = DIRECTION ( 'NONE',  ( 1.000000000000000000, -0.000000000000000000, -0.000000000000000000 ) ) ;
#5061 = PRESENTATION_STYLE_ASSIGNMENT (( #7115 ) ) ;
#5062 = VECTOR ( 'NONE', #8776, 1000.000000000000114 ) ;
#5063 = DIRECTION ( 'NONE',  ( 0.000000000000000000, 0.000000000000000000, -1.000000000000000000 ) ) ;
#5064 = CARTESIAN_POINT ( 'NONE',  ( -0.5603875000000022588, 1.523999999999999355, -2.226310000000000233 ) ) ;
#5065 = LINE ( 'NONE', #2106, #7656 ) ;
#5066 = ORIENTED_EDGE ( 'NONE', *, *, #190, .F. ) ;
#5067 = CARTESIAN_POINT ( 'NONE',  ( 0.5397499999999986198, 10.33638951052392230, 0.9905999999999317573 ) ) ;
#5068 = EDGE_LOOP ( 'NONE', ( #2191, #8263, #904, #6140 ) ) ;
#5069 = FACE_OUTER_BOUND ( 'NONE', #2273, .T. ) ;
#5070 = CARTESIAN_POINT ( 'NONE',  ( 9.599612500000000992, 1.523999999999999355, -2.625089999999998369 ) ) ;
#5071 = DIRECTION ( 'NONE',  ( -1.000000000000000000, 0.000000000000000000, 0.000000000000000000 ) ) ;
#5072 = EDGE_CURVE ( 'NONE', #650, #1227, #6084, .T. ) ;
#5073 = LINE ( 'NONE', #5786, #7773 ) ;
#5074 = DIRECTION ( 'NONE',  ( -1.000000000000000000, 0.000000000000000000, 0.000000000000000000 ) ) ;
#5075 = CARTESIAN_POINT ( 'NONE',  ( -1.979612500000005326, 1.523999999999999355, 2.625090000000000146 ) ) ;
#5076 = EDGE_CURVE ( 'NONE', #8711, #1084, #5518, .T. ) ;
#5077 = EDGE_LOOP ( 'NONE', ( #4991, #3376 ) ) ;
#5078 = DIRECTION ( 'NONE',  ( 0.9713212062349246834, 0.000000000000000000, 0.2377711385310060377 ) ) ;
#5079 = APPLICATION_CONTEXT ( 'automotive_design' ) ;
#5080 = CARTESIAN_POINT ( 'NONE',  ( -1.979612500000005326, 1.523999999999999355, 2.226310000000002010 ) ) ;
#5081 = DIRECTION ( 'NONE',  ( -0.000000000000000000, -1.000000000000000000, -0.000000000000000000 ) ) ;
#5082 = EDGE_CURVE ( 'NONE', #4710, #5241, #4561, .T. ) ;
#5083 = ADVANCED_FACE ( 'NONE', ( #6033 ), #5424, .T. ) ;
#5084 = CARTESIAN_POINT ( 'NONE',  ( -1.979612500000074604, 1.523999999999980259, -2.625089999999998369 ) ) ;
#5085 = LINE ( 'NONE', #8105, #4742 ) ;
#5086 = ORIENTED_EDGE ( 'NONE', *, *, #966, .T. ) ;
#5087 = CARTESIAN_POINT ( 'NONE',  ( 8.585200000000000387, -3.175000000000000711, 2.226310000000002010 ) ) ;
#5088 = ORIENTED_EDGE ( 'NONE', *, *, #3324, .T. ) ;
#5089 = CARTESIAN_POINT ( 'NONE',  ( -13.97000000000000242, 13.97000000000000064, 0.9906000000000012573 ) ) ;
#5090 = VECTOR ( 'NONE', #1598, 1000.000000000000000 ) ;
#5091 = ORIENTED_EDGE ( 'NONE', *, *, #4761, .T. ) ;
#5092 = AXIS2_PLACEMENT_3D ( 'NONE', #6255, #345, #2452 ) ;
#5093 = ORIENTED_EDGE ( 'NONE', *, *, #8558, .T. ) ;
#5094 = LINE ( 'NONE', #80, #9018 ) ;
#5095 = CARTESIAN_POINT ( 'NONE',  ( -11.21410000000000551, 1.523999999999999355, -1.113817018699997830 ) ) ;
#5096 = EDGE_LOOP ( 'NONE', ( #6518, #1311, #1955, #7820, #8544 ) ) ;
#5097 = DIRECTION ( 'NONE',  ( -1.000000000000000000, 0.000000000000000000, 0.000000000000000000 ) ) ;
#5098 = ORIENTED_EDGE ( 'NONE', *, *, #5147, .T. ) ;
#5099 = LINE ( 'NONE', #5001, #7120 ) ;
#5100 = EDGE_CURVE ( 'NONE', #3628, #7381, #7676, .T. ) ;
#5101 = ORIENTED_EDGE ( 'NONE', *, *, #5796, .T. ) ;
#5102 = CARTESIAN_POINT ( 'NONE',  ( -7.059612499999999180, 1.523999999999999355, 2.625090000000000146 ) ) ;
#5103 = EDGE_LOOP ( 'NONE', ( #7973, #4730, #6590, #2487 ) ) ;
#5104 = DIRECTION ( 'NONE',  ( 1.000000000000000000, 0.000000000000000000, 0.000000000000000000 ) ) ;
#5105 = DIRECTION ( 'NONE',  ( -0.2567226118398958090, 0.9664851269264842504, 0.000000000000000000 ) ) ;
#5106 = SURFACE_STYLE_FILL_AREA ( #4291 ) ;
#5107 = EDGE_CURVE ( 'NONE', #805, #6249, #6224, .T. ) ;
#5108 = PLANE ( 'NONE',  #5112 ) ;
#5109 = CARTESIAN_POINT ( 'NONE',  ( 2.000250000000002082, 10.33638951052389210, 0.9905999999999665073 ) ) ;
#5110 =( LENGTH_UNIT ( ) NAMED_UNIT ( * ) SI_UNIT ( .MILLI., .METRE. ) );
#5111 = ORIENTED_EDGE ( 'NONE', *, *, #2474, .T. ) ;
#5112 = AXIS2_PLACEMENT_3D ( 'NONE', #1393, #5775, #3456 ) ;
#5113 = DIRECTION ( 'NONE',  ( 0.9664851269264842504, -0.2567226118398958090, -0.000000000000000000 ) ) ;
#5114 = CIRCLE ( 'NONE', #1876, 0.7619999999999987894 ) ;
#5115 = EDGE_LOOP ( 'NONE', ( #1573, #6618, #1825, #4626 ) ) ;
#5116 = DIRECTION ( 'NONE',  ( -1.000000000000000000, 0.000000000000000000, 0.000000000000000000 ) ) ;
#5117 = CARTESIAN_POINT ( 'NONE',  ( -12.13961250000000014, 1.523999999999999355, 2.625090000000000146 ) ) ;
#5118 = VECTOR ( 'NONE', #8516, 1000.000000000000000 ) ;
#5119 = PLANE ( 'NONE',  #9396 ) ;
#5120 = PLANE ( 'NONE',  #7728 ) ;
#5121 = LINE ( 'NONE', #670, #5625 ) ;
#5122 = CARTESIAN_POINT ( 'NONE',  ( 16.00199999999999889, 6.604000000000000092, -3.911600000000003075 ) ) ;
#5123 = AXIS2_PLACEMENT_3D ( 'NONE', #2904, #7821, #5754 ) ;
#5124 = LINE ( 'NONE', #1506, #6027 ) ;
#5125 = VERTEX_POINT ( 'NONE', #6748 ) ;
#5126 = VECTOR ( 'NONE', #4150, 1000.000000000000000 ) ;
#5127 = SURFACE_SIDE_STYLE ('',( #2166 ) ) ;
#5128 = EDGE_CURVE ( 'NONE', #7481, #650, #3087, .T. ) ;
#5129 = DIRECTION ( 'NONE',  ( 0.000000000000000000, 0.000000000000000000, -1.000000000000000000 ) ) ;
#5130 = VECTOR ( 'NONE', #6395, 1000.000000000000000 ) ;
#5131 = DIRECTION ( 'NONE',  ( 0.000000000000000000, -1.000000000000000000, 0.000000000000000000 ) ) ;
#5132 = LINE ( 'NONE', #5276, #3301 ) ;
#5133 = CARTESIAN_POINT ( 'NONE',  ( -11.45540000000000447, 1.397000000000000686, 1.092200000000001392 ) ) ;
#5134 = VERTEX_POINT ( 'NONE', #5325 ) ;
#5135 = PLANE ( 'NONE',  #8342 ) ;
#5136 = ORIENTED_EDGE ( 'NONE', *, *, #1994, .F. ) ;
#5137 = CARTESIAN_POINT ( 'NONE',  ( 6.654799999999995386, 1.523999999999999355, 2.226310000000002010 ) ) ;
#5138 = VECTOR ( 'NONE', #5502, 1000.000000000000000 ) ;
#5139 = EDGE_LOOP ( 'NONE', ( #6164, #8775, #8745, #3223 ) ) ;
#5140 = AXIS2_PLACEMENT_3D ( 'NONE', #4243, #6442, #9375 ) ;
#5141 = EDGE_CURVE ( 'NONE', #8752, #4371, #8244, .T. ) ;
#5142 = EDGE_CURVE ( 'NONE', #7481, #8983, #7897, .T. ) ;
#5143 = ORIENTED_EDGE ( 'NONE', *, *, #8954, .F. ) ;
#5144 = DIRECTION ( 'NONE',  ( 0.000000000000000000, 1.000000000000000000, 0.000000000000000000 ) ) ;
#5145 = SURFACE_STYLE_FILL_AREA ( #6665 ) ;
#5146 = VECTOR ( 'NONE', #5105, 999.9999999999998863 ) ;
#5147 = EDGE_CURVE ( 'NONE', #7052, #8119, #4973, .T. ) ;
#5148 = PRESENTATION_LAYER_ASSIGNMENT (  '', '', ( #5301 ) ) ;
#5149 = ORIENTED_EDGE ( 'NONE', *, *, #1667, .T. ) ;
#5150 = EDGE_CURVE ( 'NONE', #650, #4720, #2650, .T. ) ;
#5151 = DIRECTION ( 'NONE',  ( 0.000000000000000000, 1.000000000000000000, 0.000000000000000000 ) ) ;
#5152 = EDGE_LOOP ( 'NONE', ( #6529, #1713, #1919, #9398, #7692, #844 ) ) ;
#5153 = DIRECTION ( 'NONE',  ( -1.000000000000000000, 0.000000000000000000, 0.000000000000000000 ) ) ;
#5154 = ORIENTED_EDGE ( 'NONE', *, *, #1900, .F. ) ;
#5155 = DIRECTION ( 'NONE',  ( 0.000000000000000000, 1.000000000000000000, 0.000000000000000000 ) ) ;
#5156 = EDGE_LOOP ( 'NONE', ( #7258, #701, #9171, #8230, #1128, #7491 ) ) ;
#5157 = LINE ( 'NONE', #8895, #2577 ) ;
#5158 = LINE ( 'NONE', #5921, #7888 ) ;
#5159 = DIRECTION ( 'NONE',  ( -0.2567226118398023837, 0.9664851269265090083, 0.000000000000000000 ) ) ;
#5160 = ADVANCED_FACE ( 'NONE', ( #4148 ), #9338, .T. ) ;
#5161 = DIRECTION ( 'NONE',  ( -1.000000000000000000, -0.000000000000000000, -0.000000000000000000 ) ) ;
#5162 = VECTOR ( 'NONE', #218, 1000.000000000000000 ) ;
#5163 = DIRECTION ( 'NONE',  ( 0.000000000000000000, 1.000000000000000000, 0.000000000000000000 ) ) ;
#5164 = ORIENTED_EDGE ( 'NONE', *, *, #6541, .T. ) ;
#5165 = CARTESIAN_POINT ( 'NONE',  ( 5.640387499999927279, 1.523999999999990695, -2.226310000000000233 ) ) ;
#5166 = ADVANCED_FACE ( 'NONE', ( #2017 ), #2785, .T. ) ;
#5167 = ORIENTED_EDGE ( 'NONE', *, *, #7878, .T. ) ;
#5168 = FACE_OUTER_BOUND ( 'NONE', #5369, .T. ) ;
#5169 = VECTOR ( 'NONE', #6137, 1000.000000000000000 ) ;
#5170 = ORIENTED_EDGE ( 'NONE', *, *, #9261, .T. ) ;
#5171 = VECTOR ( 'NONE', #9060, 1000.000000000000000 ) ;
#5172 = FACE_OUTER_BOUND ( 'NONE', #3640, .T. ) ;
#5173 = CYLINDRICAL_SURFACE ( 'NONE', #3403, 2.158999999999999364 ) ;
#5174 = SURFACE_SIDE_STYLE ('',( #577 ) ) ;
#5175 = AXIS2_PLACEMENT_3D ( 'NONE', #1975, #3516, #483 ) ;
#5176 = PLANE ( 'NONE',  #2842 ) ;
#5177 = PLANE ( 'NONE',  #7649 ) ;
#5178 = DIRECTION ( 'NONE',  ( 0.000000000000000000, -1.000000000000000000, 0.000000000000000000 ) ) ;
#5179 = CARTESIAN_POINT ( 'NONE',  ( -11.19293335352000796, 1.523999999999999355, -1.459689378452000863 ) ) ;
#5180 = LINE ( 'NONE', #8004, #533 ) ;
#5181 = DIRECTION ( 'NONE',  ( -0.000000000000000000, -1.000000000000000000, -0.000000000000000000 ) ) ;
#5182 = EDGE_CURVE ( 'NONE', #7745, #4246, #634, .T. ) ;
#5183 = DIRECTION ( 'NONE',  ( 0.000000000000000000, 0.000000000000000000, 1.000000000000000000 ) ) ;
#5184 = CARTESIAN_POINT ( 'NONE',  ( -11.19293335352009677, 1.397000000000000686, -1.265136149597131610 ) ) ;
#5185 = VERTEX_POINT ( 'NONE', #5689 ) ;
#5186 = DIRECTION ( 'NONE',  ( 1.000000000000000000, -0.000000000000000000, -0.000000000000000000 ) ) ;
#5187 = EDGE_LOOP ( 'NONE', ( #6720, #1395, #3531, #2625 ) ) ;
#5188 = PLANE ( 'NONE',  #485 ) ;
#5189 = ORIENTED_EDGE ( 'NONE', *, *, #3299, .T. ) ;
#5190 = AXIS2_PLACEMENT_3D ( 'NONE', #7972, #6611, #5192 ) ;
#5191 = ORIENTED_EDGE ( 'NONE', *, *, #1601, .F. ) ;
#5192 = DIRECTION ( 'NONE',  ( 0.000000000000000000, 1.000000000000000000, 0.000000000000000000 ) ) ;
#5193 = VECTOR ( 'NONE', #7081, 1000.000000000000000 ) ;
#5194 = EDGE_CURVE ( 'NONE', #8087, #5627, #1851, .T. ) ;
#5195 = VERTEX_POINT ( 'NONE', #8527 ) ;
#5196 = EDGE_CURVE ( 'NONE', #6805, #3450, #481, .T. ) ;
#5197 = EDGE_LOOP ( 'NONE', ( #54, #6670, #4480, #3956 ) ) ;
#5198 = CARTESIAN_POINT ( 'NONE',  ( 0.5397499999999986198, 10.33638951052392230, -0.9905999999999335337 ) ) ;
#5199 = VERTEX_POINT ( 'NONE', #7034 ) ;
#5200 = LINE ( 'NONE', #2437, #1436 ) ;
#5201 = ADVANCED_FACE ( 'NONE', ( #576 ), #3515, .T. ) ;
#5202 = AXIS2_PLACEMENT_3D ( 'NONE', #4919, #4141, #7119 ) ;
#5203 = VERTEX_POINT ( 'NONE', #9382 ) ;
#5204 = LINE ( 'NONE', #2871, #6549 ) ;
#5205 = ORIENTED_EDGE ( 'NONE', *, *, #3455, .T. ) ;
#5206 = AXIS2_PLACEMENT_3D ( 'NONE', #5743, #5078, #9346 ) ;
#5207 = CARTESIAN_POINT ( 'NONE',  ( -7.080250000000003041, 13.53961048947610912, 0.9905999999999665073 ) ) ;
#5208 = DIRECTION ( 'NONE',  ( -1.000000000000000000, 0.000000000000000000, 0.000000000000000000 ) ) ;
#5209 = CARTESIAN_POINT ( 'NONE',  ( -12.16025000000000489, 13.53961048947610912, -0.9905999999999682837 ) ) ;
#5210 = DIRECTION ( 'NONE',  ( 0.6996250055016630665, 0.000000000000000000, -0.7145102180352622678 ) ) ;
#5211 = ADVANCED_FACE ( 'NONE', ( #8571 ), #5735, .T. ) ;
#5212 = EDGE_CURVE ( 'NONE', #224, #3634, #7724, .T. ) ;
#5213 = DIRECTION ( 'NONE',  ( -0.2567226118398958090, -0.9664851269264842504, 0.000000000000000000 ) ) ;
#5214 =( LENGTH_UNIT ( ) NAMED_UNIT ( * ) SI_UNIT ( .MILLI., .METRE. ) );
#5215 = ORIENTED_EDGE ( 'NONE', *, *, #1148, .F. ) ;
#5216 = DIRECTION ( 'NONE',  ( 0.000000000000000000, 0.000000000000000000, 1.000000000000000000 ) ) ;
#5217 = ORIENTED_EDGE ( 'NONE', *, *, #3662, .F. ) ;
#5218 =( NAMED_UNIT ( * ) SI_UNIT ( $, .STERADIAN. ) SOLID_ANGLE_UNIT ( ) );
#5219 = VERTEX_POINT ( 'NONE', #6402 ) ;
#5220 = STYLED_ITEM ( 'NONE', ( #5812 ), #7639 ) ;
#5221 = CARTESIAN_POINT ( 'NONE',  ( -11.44693332324000323, 1.397000000000000686, -1.200285093497998057 ) ) ;
#5222 = FACE_OUTER_BOUND ( 'NONE', #2255, .T. ) ;
#5223 = CARTESIAN_POINT ( 'NONE',  ( -11.12943335351987351, 1.523999999999999355, -1.157051056098931996 ) ) ;
#5224 = DIRECTION ( 'NONE',  ( 0.000000000000000000, -1.000000000000000000, 0.000000000000000000 ) ) ;
#5225 = DIRECTION ( 'NONE',  ( -0.6428711427638189591, 0.000000000000000000, -0.7659743427827994111 ) ) ;
#5226 = CARTESIAN_POINT ( 'NONE',  ( -9.194800000000002527, 0.000000000000000000, -2.625089999999998369 ) ) ;
#5227 = EDGE_CURVE ( 'NONE', #3846, #737, #9243, .T. ) ;
#5228 = DIRECTION ( 'NONE',  ( -0.2567226118398958090, 0.9664851269264842504, 0.000000000000000000 ) ) ;
#5229 = DIRECTION ( 'NONE',  ( 1.000000000000000000, -0.000000000000000000, -0.000000000000000000 ) ) ;
#5230 = ADVANCED_FACE ( 'NONE', ( #403 ), #6355, .T. ) ;
#5231 = DIRECTION ( 'NONE',  ( -0.000000000000000000, -0.000000000000000000, 1.000000000000000000 ) ) ;
#5232 = FACE_OUTER_BOUND ( 'NONE', #5532, .T. ) ;
#5233 = LINE ( 'NONE', #8108, #6637 ) ;
#5234 = ORIENTED_EDGE ( 'NONE', *, *, #1850, .T. ) ;
#5235 = ORIENTED_EDGE ( 'NONE', *, *, #4960, .T. ) ;
#5236 = VERTEX_POINT ( 'NONE', #5558 ) ;
#5237 = CARTESIAN_POINT ( 'NONE',  ( -4.519612500000075528, 1.523999999999990695, -2.226310000000000233 ) ) ;
#5238 = EDGE_CURVE ( 'NONE', #2379, #2967, #9290, .T. ) ;
#5239 = CARTESIAN_POINT ( 'NONE',  ( -11.34110000000003460, 1.523999999999999355, -1.092200000000086435 ) ) ;
#5240 = VERTEX_POINT ( 'NONE', #1248 ) ;
#5241 = VERTEX_POINT ( 'NONE', #1887 ) ;
#5242 = ORIENTED_EDGE ( 'NONE', *, *, #6437, .F. ) ;
#5243 = CARTESIAN_POINT ( 'NONE',  ( 5.619749999999999801, 11.93800000000000061, 2.438400000000000123 ) ) ;
#5244 = ORIENTED_EDGE ( 'NONE', *, *, #7039, .T. ) ;
#5245 = LINE ( 'NONE', #5102, #2622 ) ;
#5246 = ORIENTED_EDGE ( 'NONE', *, *, #9082, .T. ) ;
#5247 = EDGE_CURVE ( 'NONE', #1130, #1377, #4838, .T. ) ;
#5248 = DIRECTION ( 'NONE',  ( 0.000000000000000000, 0.000000000000000000, -1.000000000000000000 ) ) ;
#5249 = PLANE ( 'NONE',  #2813 ) ;
#5250 = ADVANCED_FACE ( 'NONE', ( #6311 ), #8809, .T. ) ;
#5251 = CARTESIAN_POINT ( 'NONE',  ( 8.585200000000000387, 0.000000000000000000, -2.625089999999998369 ) ) ;
#5252 = FACE_OUTER_BOUND ( 'NONE', #2592, .T. ) ;
#5253 = ORIENTED_EDGE ( 'NONE', *, *, #5018, .T. ) ;
#5254 = CARTESIAN_POINT ( 'NONE',  ( 11.12520000000000131, 1.523999999999999355, 2.226310000000002010 ) ) ;
#5255 = VERTEX_POINT ( 'NONE', #9485 ) ;
#5256 = FILL_AREA_STYLE_COLOUR ( '', #8626 ) ;
#5257 = ORIENTED_EDGE ( 'NONE', *, *, #1483, .F. ) ;
#5258 = EDGE_CURVE ( 'NONE', #1883, #224, #4499, .T. ) ;
#5259 = CARTESIAN_POINT ( 'NONE',  ( 4.114800000000001567, 1.523999999999999355, -2.226310000000000233 ) ) ;
#5260 = EDGE_CURVE ( 'NONE', #8948, #1146, #1355, .T. ) ;
#5261 = CARTESIAN_POINT ( 'NONE',  ( 9.620249999999996859, 11.93800000000000061, 2.438400000000000123 ) ) ;
#5262 = ADVANCED_FACE ( 'NONE', ( #1453 ), #8041, .T. ) ;
#5263 = DIRECTION ( 'NONE',  ( 0.000000000000000000, -1.000000000000000000, 0.000000000000000000 ) ) ;
#5264 = VECTOR ( 'NONE', #6824, 1000.000000000000000 ) ;
#5265 = CARTESIAN_POINT ( 'NONE',  ( -11.15060000000000429, 1.397000000000000686, -1.329987205696001373 ) ) ;
#5266 = DIRECTION ( 'NONE',  ( -0.000000000000000000, 1.000000000000000000, -0.000000000000000000 ) ) ;
#5267 = CARTESIAN_POINT ( 'NONE',  ( 10.69975000000000165, 15.49400000000000155, -0.9905999999999994809 ) ) ;
#5268 = ADVANCED_FACE ( 'NONE', ( #5222 ), #5173, .T. ) ;
#5269 = VECTOR ( 'NONE', #6559, 1000.000000000000000 ) ;
#5270 = PLANE ( 'NONE',  #7301 ) ;
#5271 = VECTOR ( 'NONE', #958, 1000.000000000000000 ) ;
#5272 = DIRECTION ( 'NONE',  ( 0.000000000000000000, 1.000000000000000000, 0.000000000000000000 ) ) ;
#5273 = CARTESIAN_POINT ( 'NONE',  ( 16.00199999999999889, 15.49400000000000155, -3.911600000000003075 ) ) ;
#5274 = AXIS2_PLACEMENT_3D ( 'NONE', #1988, #1218, #7149 ) ;
#5275 = SURFACE_STYLE_USAGE ( .BOTH. , #6086 ) ;
#5276 = CARTESIAN_POINT ( 'NONE',  ( 0.5397499999999986198, 15.49400000000000155, -0.9905999999999994809 ) ) ;
#5277 = CARTESIAN_POINT ( 'NONE',  ( 4.540249999999995900, 15.49400000000000155, 0.9906000000000012573 ) ) ;
#5279 = DIRECTION ( 'NONE',  ( 1.000000000000000000, -0.000000000000000000, -0.000000000000000000 ) ) ;
#5278 = AXIS2_PLACEMENT_3D ( 'NONE', #1064, #7625, #2310 ) ;
#5280 = ORIENTED_EDGE ( 'NONE', *, *, #1948, .T. ) ;
#5281 = ORIENTED_EDGE ( 'NONE', *, *, #3533, .F. ) ;
#5282 = AXIS2_PLACEMENT_3D ( 'NONE', #4399, #5926, #615 ) ;
#5283 = EDGE_CURVE ( 'NONE', #6915, #1254, #4350, .T. ) ;
#5284 = ORIENTED_EDGE ( 'NONE', *, *, #8039, .F. ) ;
#5285 = FACE_OUTER_BOUND ( 'NONE', #9353, .T. ) ;
#5286 = VECTOR ( 'NONE', #5263, 1000.000000000000000 ) ;
#5287 = CARTESIAN_POINT ( 'NONE',  ( 12.16024999999999778, 13.53961048947610912, -0.9905999999999682837 ) ) ;
#5288 = VECTOR ( 'NONE', #5674, 1000.000000000000000 ) ;
#5289 = AXIS2_PLACEMENT_3D ( 'NONE', #4187, #7218, #2690 ) ;
#5290 = ORIENTED_EDGE ( 'NONE', *, *, #7659, .T. ) ;
#5291 = VERTEX_POINT ( 'NONE', #1501 ) ;
#5292 = LINE ( 'NONE', #8265, #2943 ) ;
#5293 = EDGE_LOOP ( 'NONE', ( #2203, #7304, #3928, #2579 ) ) ;
#5294 = FACE_OUTER_BOUND ( 'NONE', #9133, .T. ) ;
#5295 = EDGE_LOOP ( 'NONE', ( #6238, #640, #7292, #4896 ) ) ;
#5296 = CARTESIAN_POINT ( 'NONE',  ( 0.9651999999999993918, -3.175000000000000711, -2.226310000000000233 ) ) ;
#5297 = ORIENTED_EDGE ( 'NONE', *, *, #8117, .T. ) ;
#5298 = AXIS2_PLACEMENT_3D ( 'NONE', #5474, #918, #3045 ) ;
#5299 = CARTESIAN_POINT ( 'NONE',  ( -16.00200000000000244, 1.523999999999999355, -1.200285093497998057 ) ) ;
#5300 = DIRECTION ( 'NONE',  ( 0.000000000000000000, 1.000000000000000000, 0.000000000000000000 ) ) ;
#5301 = STYLED_ITEM ( 'NONE', ( #1111 ), #4289 ) ;
#5302 = DIRECTION ( 'NONE',  ( 0.000000000000000000, 1.000000000000000000, 0.000000000000000000 ) ) ;
#5303 = CARTESIAN_POINT ( 'NONE',  ( -10.72038750000000462, 1.523999999999999355, -2.625089999999998369 ) ) ;
#5304 = ADVANCED_FACE ( 'NONE', ( #6498 ), #8142, .F. ) ;
#5305 = PLANE ( 'NONE',  #8121 ) ;
#5306 = EDGE_LOOP ( 'NONE', ( #4477, #977, #8062, #79 ) ) ;
#5307 = DIRECTION ( 'NONE',  ( 0.000000000000000000, 1.000000000000000000, 0.000000000000000000 ) ) ;
#5308 = ORIENTED_EDGE ( 'NONE', *, *, #1780, .T. ) ;
#5309 = FACE_OUTER_BOUND ( 'NONE', #8721, .T. ) ;
#5310 = ORIENTED_EDGE ( 'NONE', *, *, #7827, .F. ) ;
#5311 = PLANE ( 'NONE',  #7919 ) ;
#5312 = VECTOR ( 'NONE', #539, 1000.000000000000000 ) ;
#5313 = VECTOR ( 'NONE', #8783, 1000.000000000000114 ) ;
#5314 = LINE ( 'NONE', #2454, #5271 ) ;
#5315 = LINE ( 'NONE', #8238, #5286 ) ;
#5316 = CARTESIAN_POINT ( 'NONE',  ( -16.00200000000000244, -3.175000000000000711, 0.000000000000000000 ) ) ;
#5317 = CYLINDRICAL_SURFACE ( 'NONE', #4444, 2.158999999999999364 ) ;
#5318 = LINE ( 'NONE', #63, #6792 ) ;
#5319 = EDGE_CURVE ( 'NONE', #4473, #9002, #5024, .T. ) ;
#5320 = VECTOR ( 'NONE', #6532, 1000.000000000000000 ) ;
#5321 = CARTESIAN_POINT ( 'NONE',  ( -11.61626666162000276, 1.523999999999999355, -2.000114891362000602 ) ) ;
#5322 = EDGE_CURVE ( 'NONE', #5362, #5825, #3760, .T. ) ;
#5323 = CARTESIAN_POINT ( 'NONE',  ( -0.5603875000000022588, 1.523999999999999355, -2.625089999999998369 ) ) ;
#5324 = LINE ( 'NONE', #4610, #8955 ) ;
#5325 = CARTESIAN_POINT ( 'NONE',  ( 0.9651999999999993918, 0.000000000000000000, 2.625090000000000146 ) ) ;
#5326 = CIRCLE ( 'NONE', #689, 2.158999999999999364 ) ;
#5327 = DIRECTION ( 'NONE',  ( -0.000000000000000000, -0.000000000000000000, 1.000000000000000000 ) ) ;
#5328 = CLOSED_SHELL ( 'NONE', ( #3214, #3521, #2065, #6302, #2828, #6902, #353, #2420 ) ) ;
#5329 = DIRECTION ( 'NONE',  ( 1.000000000000000000, 0.000000000000000000, 0.000000000000000000 ) ) ;
#5330 = DIRECTION ( 'NONE',  ( -0.000000000000000000, -0.000000000000000000, 1.000000000000000000 ) ) ;
#5331 = DIRECTION ( 'NONE',  ( -0.000000000000000000, -1.000000000000000000, -0.000000000000000000 ) ) ;
#5332 = EDGE_CURVE ( 'NONE', #6988, #3940, #9109, .T. ) ;
#5333 = ORIENTED_EDGE ( 'NONE', *, *, #7417, .F. ) ;
#5334 = ORIENTED_EDGE ( 'NONE', *, *, #5890, .F. ) ;
#5335 = CARTESIAN_POINT ( 'NONE',  ( -6.045200000000000351, 1.523999999999999355, 2.226310000000002010 ) ) ;
#5336 = CARTESIAN_POINT ( 'NONE',  ( 8.585200000000000387, 1.523999999999999355, 2.226310000000002010 ) ) ;
#5337 = CARTESIAN_POINT ( 'NONE',  ( -12.70000000000000284, 1.523999999999999355, -1.540677576214998235 ) ) ;
#5338 = EDGE_CURVE ( 'NONE', #2901, #8443, #8668, .T. ) ;
#5339 = ORIENTED_EDGE ( 'NONE', *, *, #3844, .T. ) ;
#5340 = EDGE_LOOP ( 'NONE', ( #3677, #9083, #636, #9429 ) ) ;
#5341 = AXIS2_PLACEMENT_3D ( 'NONE', #5852, #2276, #3730 ) ;
#5342 = ORIENTED_EDGE ( 'NONE', *, *, #5351, .F. ) ;
#5343 = FACE_OUTER_BOUND ( 'NONE', #2144, .T. ) ;
#5344 = ORIENTED_EDGE ( 'NONE', *, *, #4984, .T. ) ;
#5345 = CARTESIAN_POINT ( 'NONE',  ( -13.97000000000000242, 13.97000000000000064, 0.9906000000000012573 ) ) ;
#5346 = VERTEX_POINT ( 'NONE', #8094 ) ;
#5347 = PLANE ( 'NONE',  #7188 ) ;
#5348 = CARTESIAN_POINT ( 'NONE',  ( -11.02360000000000184, 1.523999999999999355, 0.000000000000000000 ) ) ;
#5349 = CARTESIAN_POINT ( 'NONE',  ( -11.12943335351999963, 1.397000000000000686, -1.157051056099001496 ) ) ;
#5350 = VECTOR ( 'NONE', #9168, 1000.000000000000000 ) ;
#5351 = EDGE_CURVE ( 'NONE', #9258, #3029, #2069, .T. ) ;
#5352 = DIRECTION ( 'NONE',  ( 0.7145102180352622678, 0.000000000000000000, 0.6996250055016630665 ) ) ;
#5353 = ORIENTED_EDGE ( 'NONE', *, *, #9325, .F. ) ;
#5354 = CARTESIAN_POINT ( 'NONE',  ( -11.12520000000000131, -3.175000000000000711, 2.226310000000002010 ) ) ;
#5355 =( NAMED_UNIT ( * ) SI_UNIT ( $, .STERADIAN. ) SOLID_ANGLE_UNIT ( ) );
#5356 = EDGE_LOOP ( 'NONE', ( #1458, #9310 ) ) ;
#5357 = AXIS2_PLACEMENT_3D ( 'NONE', #1984, #4729, #590 ) ;
#5358 = CARTESIAN_POINT ( 'NONE',  ( -11.76443333270346692, 1.523999999999999355, -1.329987205695578156 ) ) ;
#5359 = COLOUR_RGB ( '',0.7921568627450980005, 0.8196078431372548767, 0.9333333333333333481 ) ;
#5360 = ORIENTED_EDGE ( 'NONE', *, *, #8579, .T. ) ;
#5361 =( NAMED_UNIT ( * ) PLANE_ANGLE_UNIT ( ) SI_UNIT ( $, .RADIAN. ) );
#5362 = VERTEX_POINT ( 'NONE', #3665 ) ;
#5363 = DIRECTION ( 'NONE',  ( 0.000000000000000000, 1.000000000000000000, 0.000000000000000000 ) ) ;
#5364 = AXIS2_PLACEMENT_3D ( 'NONE', #5740, #2989, #6503 ) ;
#5365 = CARTESIAN_POINT ( 'NONE',  ( 12.13961250000000014, 1.523999999999999355, -2.625089999999998369 ) ) ;
#5366 = DIRECTION ( 'NONE',  ( 0.000000000000000000, 1.000000000000000000, 0.000000000000000000 ) ) ;
#5367 = LINE ( 'NONE', #1014, #507 ) ;
#5368 = DIRECTION ( 'NONE',  ( -1.000000000000000000, 0.000000000000000000, 0.000000000000000000 ) ) ;
#5369 = EDGE_LOOP ( 'NONE', ( #6927, #697, #8597, #3025 ) ) ;
#5370 = VECTOR ( 'NONE', #3926, 1000.000000000000114 ) ;
#5371 = CARTESIAN_POINT ( 'NONE',  ( 13.97000000000000242, 13.96999999999999886, -0.9905999999999994809 ) ) ;
#5372 = DIRECTION ( 'NONE',  ( -1.000000000000000000, 0.000000000000000000, 0.000000000000000000 ) ) ;
#5373 = VECTOR ( 'NONE', #8099, 1000.000000000000000 ) ;
#5374 = PRESENTATION_LAYER_ASSIGNMENT (  '', '', ( #296 ) ) ;
#5375 = LINE ( 'NONE', #9107, #7205 ) ;
#5376 = LINE ( 'NONE', #2309, #1464 ) ;
#5377 = EDGE_CURVE ( 'NONE', #8752, #3001, #719, .T. ) ;
#5378 = CARTESIAN_POINT ( 'NONE',  ( -11.45540000000000447, 1.523999999999999355, 1.935263850402997532 ) ) ;
#5379 = DIRECTION ( 'NONE',  ( 0.000000000000000000, 1.000000000000000000, 0.000000000000000000 ) ) ;
#5380 = FACE_OUTER_BOUND ( 'NONE', #9215, .T. ) ;
#5381 = DIRECTION ( 'NONE',  ( 0.000000000000000000, 1.000000000000000000, 0.000000000000000000 ) ) ;
#5382 = EDGE_CURVE ( 'NONE', #2241, #4341, #1400, .T. ) ;
#5383 =( GEOMETRIC_REPRESENTATION_CONTEXT ( 3 ) GLOBAL_UNCERTAINTY_ASSIGNED_CONTEXT ( ( #4267 ) ) GLOBAL_UNIT_ASSIGNED_CONTEXT ( ( #8569, #1398, #7032 ) ) REPRESENTATION_CONTEXT ( 'NONE', 'WORKASPACE' ) );
#5384 = PLANE ( 'NONE',  #9251 ) ;
#5385 = ORIENTED_EDGE ( 'NONE', *, *, #4368, .T. ) ;
#5386 = VERTEX_POINT ( 'NONE', #5784 ) ;
#5387 = CARTESIAN_POINT ( 'NONE',  ( -15.23999999999999666, 6.604000000000000092, 3.911600000000001298 ) ) ;
#5388 = DIRECTION ( 'NONE',  ( 0.000000000000000000, -1.000000000000000000, 0.000000000000000000 ) ) ;
#5389 = ADVANCED_FACE ( 'NONE', ( #8757 ), #2160, .F. ) ;
#5390 = ADVANCED_FACE ( 'NONE', ( #6639 ), #5119, .F. ) ;
#5391 = FACE_OUTER_BOUND ( 'NONE', #8779, .T. ) ;
#5392 = VERTEX_POINT ( 'NONE', #7464 ) ;
#5393 = ORIENTED_EDGE ( 'NONE', *, *, #1367, .T. ) ;
#5394 = ORIENTED_EDGE ( 'NONE', *, *, #4255, .T. ) ;
#5395 = DIRECTION ( 'NONE',  ( 0.000000000000000000, 1.000000000000000000, 0.000000000000000000 ) ) ;
#5396 = EDGE_CURVE ( 'NONE', #8166, #1130, #2784, .T. ) ;
#5397 = EDGE_LOOP ( 'NONE', ( #7246, #8068, #6588, #4633 ) ) ;
#5398 = DIRECTION ( 'NONE',  ( 0.000000000000000000, 0.000000000000000000, -1.000000000000000000 ) ) ;
#5399 = ORIENTED_EDGE ( 'NONE', *, *, #5107, .T. ) ;
#5400 = LINE ( 'NONE', #3163, #7660 ) ;
#5401 = DIRECTION ( 'NONE',  ( -1.000000000000000000, 0.000000000000000000, 0.000000000000000000 ) ) ;
#5402 = PLANE ( 'NONE',  #1409 ) ;
#5403 = ORIENTED_EDGE ( 'NONE', *, *, #6759, .T. ) ;
#5404 = DIRECTION ( 'NONE',  ( -0.000000000000000000, -0.000000000000000000, 1.000000000000000000 ) ) ;
#5405 = ORIENTED_EDGE ( 'NONE', *, *, #4787, .T. ) ;
#5406 = CARTESIAN_POINT ( 'NONE',  ( 12.16025000000000134, 15.49400000000000155, -0.9905999999999994809 ) ) ;
#5407 = VECTOR ( 'NONE', #1253, 1000.000000000000000 ) ;
#5408 = ORIENTED_EDGE ( 'NONE', *, *, #5247, .F. ) ;
#5409 = LINE ( 'NONE', #8330, #3875 ) ;
#5410 = ORIENTED_EDGE ( 'NONE', *, *, #5448, .F. ) ;
#5411 = ADVANCED_FACE ( 'NONE', ( #1796 ), #4740, .F. ) ;
#5412 = DIRECTION ( 'NONE',  ( 0.000000000000000000, 1.000000000000000000, 0.000000000000000000 ) ) ;
#5413 = DIRECTION ( 'NONE',  ( -0.000000000000000000, -1.000000000000000000, -0.000000000000000000 ) ) ;
#5414 = LINE ( 'NONE', #2509, #4206 ) ;
#5415 = CARTESIAN_POINT ( 'NONE',  ( -9.194800000000002527, -3.175000000000000711, -2.226310000000000233 ) ) ;
#5416 = ORIENTED_EDGE ( 'NONE', *, *, #470, .F. ) ;
#5417 = VECTOR ( 'NONE', #5860, 1000.000000000000000 ) ;
#5418 = DIRECTION ( 'NONE',  ( 0.000000000000000000, -0.000000000000000000, -1.000000000000000000 ) ) ;
#5419 = ADVANCED_FACE ( 'NONE', ( #3857 ), #9007, .F. ) ;
#5420 = SURFACE_SIDE_STYLE ('',( #8399 ) ) ;
#5421 = CARTESIAN_POINT ( 'NONE',  ( -12.13961250000000014, 1.523999999999999355, 2.226309999999998901 ) ) ;
#5422 = DIRECTION ( 'NONE',  ( -0.7071067811865474617, -0.7071067811865474617, 0.000000000000000000 ) ) ;
#5423 = AXIS2_PLACEMENT_3D ( 'NONE', #156, #3803, #2981 ) ;
#5424 = PLANE ( 'NONE',  #4231 ) ;
#5425 = PLANE ( 'NONE',  #8839 ) ;
#5426 = CARTESIAN_POINT ( 'NONE',  ( 8.585200000000000387, 0.000000000000000000, -2.625089999999998369 ) ) ;
#5427 = DIRECTION ( 'NONE',  ( 0.000000000000000000, -1.000000000000000000, 0.000000000000000000 ) ) ;
#5428 = ORIENTED_EDGE ( 'NONE', *, *, #7729, .T. ) ;
#5429 = EDGE_CURVE ( 'NONE', #3057, #4895, #8956, .T. ) ;
#5430 = ORIENTED_EDGE ( 'NONE', *, *, #6999, .F. ) ;
#5431 = VECTOR ( 'NONE', #7755, 1000.000000000000000 ) ;
#5432 = CARTESIAN_POINT ( 'NONE',  ( 12.69999999999999929, 0.8890000000000009006, 1.540677576215000011 ) ) ;
#5433 = FACE_OUTER_BOUND ( 'NONE', #4093, .T. ) ;
#5434 = AXIS2_PLACEMENT_3D ( 'NONE', #7779, #1131, #1036 ) ;
#5435 = LINE ( 'NONE', #7588, #4996 ) ;
#5436 = ORIENTED_EDGE ( 'NONE', *, *, #5554, .F. ) ;
#5437 = ORIENTED_EDGE ( 'NONE', *, *, #3324, .F. ) ;
#5438 = LINE ( 'NONE', #9259, #3885 ) ;
#5439 = CIRCLE ( 'NONE', #5282, 0.7619999999999987894 ) ;
#5440 = EDGE_CURVE ( 'NONE', #5490, #7541, #4508, .T. ) ;
#5441 = ORIENTED_EDGE ( 'NONE', *, *, #3844, .F. ) ;
#5442 = EDGE_CURVE ( 'NONE', #7436, #2471, #6928, .T. ) ;
#5443 = CARTESIAN_POINT ( 'NONE',  ( -16.00200000000000244, 6.604000000000000092, -3.810000000000002718 ) ) ;
#5444 = VECTOR ( 'NONE', #8043, 1000.000000000000000 ) ;
#5445 = ORIENTED_EDGE ( 'NONE', *, *, #4244, .F. ) ;
#5446 = CARTESIAN_POINT ( 'NONE',  ( -16.00200000000000244, 1.523999999999999355, -1.092199999999999838 ) ) ;
#5447 = ORIENTED_EDGE ( 'NONE', *, *, #7614, .T. ) ;
#5448 = EDGE_CURVE ( 'NONE', #1227, #6817, #3127, .T. ) ;
#5449 = CARTESIAN_POINT ( 'NONE',  ( 10.69975000000000165, 10.33638951052392230, 0.9905999999999317573 ) ) ;
#5450 = VECTOR ( 'NONE', #8218, 1000.000000000000000 ) ;
#5451 = PRODUCT_DEFINITION ( 'UNKNOWN', '', #6983, #6985 ) ;
#5452 = CARTESIAN_POINT ( 'NONE',  ( 12.69999999999999929, 1.106182791011038669, 2.137382390414381383 ) ) ;
#5453 = ORIENTED_EDGE ( 'NONE', *, *, #1261, .T. ) ;
#5454 = CYLINDRICAL_SURFACE ( 'NONE', #580, 2.158999999999999364 ) ;
#5455 = ORIENTED_EDGE ( 'NONE', *, *, #724, .F. ) ;
#5456 = EDGE_CURVE ( 'NONE', #2872, #181, #1742, .T. ) ;
#5457 = LINE ( 'NONE', #6881, #6959 ) ;
#5458 = VECTOR ( 'NONE', #9086, 1000.000000000000000 ) ;
#5459 = ORIENTED_EDGE ( 'NONE', *, *, #8836, .F. ) ;
#5460 = PLANE ( 'NONE',  #189 ) ;
#5461 = ORIENTED_EDGE ( 'NONE', *, *, #8855, .T. ) ;
#5462 = CARTESIAN_POINT ( 'NONE',  ( 4.114800000000001567, 0.000000000000000000, 2.625090000000000146 ) ) ;
#5463 = CARTESIAN_POINT ( 'NONE',  ( 3.505199999999999871, 1.523999999999999355, -2.625089999999998369 ) ) ;
#5464 = DIRECTION ( 'NONE',  ( 1.000000000000000000, -0.000000000000000000, -0.000000000000000000 ) ) ;
#5465 = CARTESIAN_POINT ( 'NONE',  ( -11.78560000000000052, 1.397000000000000686, -2.108199999999999186 ) ) ;
#5466 = EDGE_CURVE ( 'NONE', #5994, #2481, #6784, .T. ) ;
#5467 = ORIENTED_EDGE ( 'NONE', *, *, #6715, .T. ) ;
#5468 = CARTESIAN_POINT ( 'NONE',  ( -4.114800000000001567, 1.523999999999999355, -2.226310000000000233 ) ) ;
#5469 = PRESENTATION_STYLE_ASSIGNMENT (( #2562 ) ) ;
#5470 = PLANE ( 'NONE',  #4715 ) ;
#5471 = VECTOR ( 'NONE', #4847, 1000.000000000000000 ) ;
#5472 = PLANE ( 'NONE',  #4972 ) ;
#5473 = CARTESIAN_POINT ( 'NONE',  ( -5.640387500000003662, 1.523999999999999355, 2.226310000000002010 ) ) ;
#5474 = CARTESIAN_POINT ( 'NONE',  ( 16.00199999999999889, 15.49400000000000155, 0.000000000000000000 ) ) ;
#5475 = PLANE ( 'NONE',  #3771 ) ;
#5476 = DIRECTION ( 'NONE',  ( -1.000000000000000000, 0.000000000000000000, 0.000000000000000000 ) ) ;
#5477 = VECTOR ( 'NONE', #627, 1000.000000000000000 ) ;
#5478 = DIRECTION ( 'NONE',  ( -1.000000000000000000, 0.000000000000000000, 0.000000000000000000 ) ) ;
#5479 = VECTOR ( 'NONE', #9017, 1000.000000000000000 ) ;
#5480 = ORIENTED_EDGE ( 'NONE', *, *, #1747, .T. ) ;
#5481 = DIRECTION ( 'NONE',  ( -1.000000000000000000, 0.000000000000000000, 0.000000000000000000 ) ) ;
#5482 = DIRECTION ( 'NONE',  ( 0.000000000000000000, -1.000000000000000000, 0.000000000000000000 ) ) ;
#5483 = AXIS2_PLACEMENT_3D ( 'NONE', #3806, #4547, #6591 ) ;
#5484 = VECTOR ( 'NONE', #324, 1000.000000000000000 ) ;
#5485 = CARTESIAN_POINT ( 'NONE',  ( 10.69975000000000165, 10.33638951052389210, 0.9905999999999665073 ) ) ;
#5486 = EDGE_CURVE ( 'NONE', #4496, #4955, #5314, .T. ) ;
#5487 = VERTEX_POINT ( 'NONE', #5462 ) ;
#5488 = EDGE_LOOP ( 'NONE', ( #1767, #7641, #9148, #3305, #275, #5671 ) ) ;
#5489 = DIRECTION ( 'NONE',  ( -0.000000000000000000, -1.000000000000000000, -0.000000000000000000 ) ) ;
#5490 = VERTEX_POINT ( 'NONE', #8288 ) ;
#5491 = FACE_OUTER_BOUND ( 'NONE', #8747, .T. ) ;
#5492 = ORIENTED_EDGE ( 'NONE', *, *, #2311, .T. ) ;
#5493 = DIRECTION ( 'NONE',  ( 0.000000000000000000, -1.000000000000000000, 0.000000000000000000 ) ) ;
#5494 = ORIENTED_EDGE ( 'NONE', *, *, #5657, .F. ) ;
#5495 = LINE ( 'NONE', #9043, #5917 ) ;
#5496 = EDGE_CURVE ( 'NONE', #2929, #2644, #4003, .T. ) ;
#5497 = CARTESIAN_POINT ( 'NONE',  ( -16.00200000000000244, -3.175000000000000711, -2.226310000000000233 ) ) ;
#5498 = ORIENTED_EDGE ( 'NONE', *, *, #4929, .F. ) ;
#5499 = PLANE ( 'NONE',  #4764 ) ;
#5500 = CARTESIAN_POINT ( 'NONE',  ( -4.540250000000003006, 13.53961048947610912, -0.9905999999999682837 ) ) ;
#5501 = ADVANCED_FACE ( 'NONE', ( #4693 ), #8236, .T. ) ;
#5502 = DIRECTION ( 'NONE',  ( -0.000000000000000000, -0.000000000000000000, 1.000000000000000000 ) ) ;
#5503 = VERTEX_POINT ( 'NONE', #4599 ) ;
#5504 = VECTOR ( 'NONE', #334, 1000.000000000000000 ) ;
#5505 = VERTEX_POINT ( 'NONE', #5365 ) ;
#5506 = EDGE_CURVE ( 'NONE', #2483, #3117, #1568, .T. ) ;
#5507 = ADVANCED_FACE ( 'NONE', ( #8188 ), #6740, .T. ) ;
#5508 = FACE_OUTER_BOUND ( 'NONE', #6003, .T. ) ;
#5510 = CARTESIAN_POINT ( 'NONE',  ( -6.045200000000000351, 1.523999999999999355, -2.625089999999998369 ) ) ;
#5509 = AXIS2_PLACEMENT_3D ( 'NONE', #71, #7237, #6560 ) ;
#5511 = DIRECTION ( 'NONE',  ( 0.000000000000000000, -1.000000000000000000, 0.000000000000000000 ) ) ;
#5512 = CARTESIAN_POINT ( 'NONE',  ( 3.505199999999999871, 1.523999999999999355, 2.226310000000002010 ) ) ;
#5513 = EDGE_LOOP ( 'NONE', ( #4661, #1950, #4966, #8613 ) ) ;
#5514 = FACE_OUTER_BOUND ( 'NONE', #9467, .T. ) ;
#5515 = VECTOR ( 'NONE', #5225, 1000.000000000000114 ) ;
#5516 = SURFACE_STYLE_FILL_AREA ( #2563 ) ;
#5517 = VECTOR ( 'NONE', #6507, 999.9999999999998863 ) ;
#5518 = LINE ( 'NONE', #5473, #7909 ) ;
#5519 = DIRECTION ( 'NONE',  ( -0.000000000000000000, 1.000000000000000000, -0.000000000000000000 ) ) ;
#5520 = AXIS2_PLACEMENT_3D ( 'NONE', #7681, #1070, #9117 ) ;
#5521 = DIRECTION ( 'NONE',  ( -0.2567226118398023837, -0.9664851269265090083, 0.000000000000000000 ) ) ;
#5522 = DIRECTION ( 'NONE',  ( 0.000000000000000000, -1.000000000000000000, 0.000000000000000000 ) ) ;
#5523 = COLOUR_RGB ( '',0.7921568627450980005, 0.8196078431372548767, 0.9333333333333333481 ) ;
#5524 = DIRECTION ( 'NONE',  ( -0.2567226118398510670, -0.9664851269264960187, 0.000000000000000000 ) ) ;
#5525 = EDGE_CURVE ( 'NONE', #4580, #5199, #207, .T. ) ;
#5526 = ORIENTED_EDGE ( 'NONE', *, *, #5653, .T. ) ;
#5527 = LINE ( 'NONE', #4712, #5936 ) ;
#5528 = CIRCLE ( 'NONE', #5976, 0.7620000000000005658 ) ;
#5529 = ADVANCED_FACE ( 'NONE', ( #6074 ), #4647, .T. ) ;
#5530 = FACE_OUTER_BOUND ( 'NONE', #8124, .T. ) ;
#5531 = STYLED_ITEM ( 'NONE', ( #9288 ), #1139 ) ;
#5532 = EDGE_LOOP ( 'NONE', ( #597, #954, #3621, #7388, #7697, #143 ) ) ;
#5533 = VERTEX_POINT ( 'NONE', #1011 ) ;
#5534 = CARTESIAN_POINT ( 'NONE',  ( -11.73480000000000345, -3.175000000000000711, -2.625089999999998369 ) ) ;
#5535 = ORIENTED_EDGE ( 'NONE', *, *, #6680, .F. ) ;
#5536 = DIRECTION ( 'NONE',  ( -1.000000000000000000, 0.000000000000000000, 0.000000000000000000 ) ) ;
#5537 = ORIENTED_EDGE ( 'NONE', *, *, #8526, .F. ) ;
#5538 = CARTESIAN_POINT ( 'NONE',  ( -14.60500000000000043, 6.604000000000000092, 3.048000000000002263 ) ) ;
#5539 = ORIENTED_EDGE ( 'NONE', *, *, #6429, .T. ) ;
#5540 =( NAMED_UNIT ( * ) SI_UNIT ( $, .STERADIAN. ) SOLID_ANGLE_UNIT ( ) );
#5541 =( LENGTH_UNIT ( ) NAMED_UNIT ( * ) SI_UNIT ( .MILLI., .METRE. ) );
#5542 = EDGE_LOOP ( 'NONE', ( #1324, #5445, #5898, #742 ) ) ;
#5543 = DIRECTION ( 'NONE',  ( -0.5466225923192865599, 0.000000000000000000, -0.8373790907146793083 ) ) ;
#5544 = CARTESIAN_POINT ( 'NONE',  ( 15.24000000000000021, 15.49954413850670143, 3.911600000000001298 ) ) ;
#5545 = DIRECTION ( 'NONE',  ( 0.2377711385266033095, 0.000000000000000000, -0.9713212062360024879 ) ) ;
#5546 = ADVANCED_FACE ( 'NONE', ( #436 ), #4828, .T. ) ;
#5547 = VERTEX_POINT ( 'NONE', #8437 ) ;
#5548 = VERTEX_POINT ( 'NONE', #9278 ) ;
#5549 = LINE ( 'NONE', #5634, #5118 ) ;
#5550 = FACE_OUTER_BOUND ( 'NONE', #503, .T. ) ;
#5551 = FILL_AREA_STYLE ('',( #4788 ) ) ;
#5552 = ORIENTED_EDGE ( 'NONE', *, *, #264, .F. ) ;
#5553 = LINE ( 'NONE', #4144, #7416 ) ;
#5554 = EDGE_CURVE ( 'NONE', #2748, #3056, #4138, .T. ) ;
#5555 = VECTOR ( 'NONE', #3499, 1000.000000000000000 ) ;
#5556 = EDGE_CURVE ( 'NONE', #1037, #7005, #5549, .T. ) ;
#5557 = EDGE_CURVE ( 'NONE', #6374, #647, #1289, .T. ) ;
#5558 = CARTESIAN_POINT ( 'NONE',  ( -4.519612499999999145, 1.523999999999999355, 2.226310000000002010 ) ) ;
#5559 = LINE ( 'NONE', #4926, #9255 ) ;
#5560 = PLANE ( 'NONE',  #6233 ) ;
#5561 = DIRECTION ( 'NONE',  ( 0.000000000000000000, -1.000000000000000000, 0.000000000000000000 ) ) ;
#5562 = DIRECTION ( 'NONE',  ( -1.000000000000000000, 0.000000000000000000, 0.000000000000000000 ) ) ;
#5563 = ORIENTED_EDGE ( 'NONE', *, *, #3187, .T. ) ;
#5564 = CARTESIAN_POINT ( 'NONE',  ( 5.619749999999999801, 10.33638951052389210, 0.9905999999999665073 ) ) ;
#5565 = DIRECTION ( 'NONE',  ( 0.000000000000000000, 0.000000000000000000, -1.000000000000000000 ) ) ;
#5566 = ORIENTED_EDGE ( 'NONE', *, *, #2544, .T. ) ;
#5567 = VECTOR ( 'NONE', #6875, 1000.000000000000000 ) ;
#5569 = VERTEX_POINT ( 'NONE', #7065 ) ;
#5568 = COLOUR_RGB ( '',0.7921568627450980005, 0.8196078431372548767, 0.9333333333333333481 ) ;
#5570 = PLANE ( 'NONE',  #5434 ) ;
#5571 = ADVANCED_FACE ( 'NONE', ( #5508 ), #9151, .T. ) ;
#5572 = EDGE_LOOP ( 'NONE', ( #7730, #6142, #7243, #3251 ) ) ;
#5573 = CARTESIAN_POINT ( 'NONE',  ( 6.654799999999995386, -3.175000000000000711, -2.226310000000000233 ) ) ;
#5574 = ORIENTED_EDGE ( 'NONE', *, *, #4505, .T. ) ;
#5575 = FACE_OUTER_BOUND ( 'NONE', #3162, .T. ) ;
#5576 = VERTEX_POINT ( 'NONE', #2601 ) ;
#5577 = VECTOR ( 'NONE', #594, 1000.000000000000000 ) ;
#5578 = VECTOR ( 'NONE', #7274, 1000.000000000000000 ) ;
#5579 = LINE ( 'NONE', #3351, #2821 ) ;
#5580 = VECTOR ( 'NONE', #6221, 1000.000000000000000 ) ;
#5581 = VERTEX_POINT ( 'NONE', #8606 ) ;
#5582 = PLANE ( 'NONE',  #2113 ) ;
#5583 = VECTOR ( 'NONE', #6215, 1000.000000000000000 ) ;
#5584 = CARTESIAN_POINT ( 'NONE',  ( -0.5603875000000022588, 1.523999999999999355, -2.625089999999998369 ) ) ;
#5585 = EDGE_LOOP ( 'NONE', ( #1925, #5430, #6067, #105, #784, #2665 ) ) ;
#5586 = FILL_AREA_STYLE ('',( #607 ) ) ;
#5587 = ORIENTED_EDGE ( 'NONE', *, *, #3004, .F. ) ;
#5588 = VECTOR ( 'NONE', #2062, 1000.000000000000000 ) ;
#5589 = LINE ( 'NONE', #395, #5583 ) ;
#5590 = ADVANCED_FACE ( 'NONE', ( #8560 ), #8474, .T. ) ;
#5591 = CARTESIAN_POINT ( 'NONE',  ( -10.72038750000000462, 1.523999999999999355, -2.625089999999998369 ) ) ;
#5592 = VECTOR ( 'NONE', #3497, 1000.000000000000000 ) ;
#5593 = VERTEX_POINT ( 'NONE', #1841 ) ;
#5594 = AXIS2_PLACEMENT_3D ( 'NONE', #8706, #438, #3366 ) ;
#5595 = VERTEX_POINT ( 'NONE', #9326 ) ;
#5596 = CARTESIAN_POINT ( 'NONE',  ( 0.5603875000000022588, 1.523999999999999355, 2.625090000000000146 ) ) ;
#5597 = FILL_AREA_STYLE ('',( #4193 ) ) ;
#5598 = VECTOR ( 'NONE', #6727, 1000.000000000000000 ) ;
#5599 = VECTOR ( 'NONE', #564, 1000.000000000000000 ) ;
#5600 = CARTESIAN_POINT ( 'NONE',  ( -11.32840000000000202, 1.523999999999999355, 1.092200000000001392 ) ) ;
#5601 = LINE ( 'NONE', #4014, #9405 ) ;
#5602 = EDGE_CURVE ( 'NONE', #3985, #8209, #469, .T. ) ;
#5603 = CARTESIAN_POINT ( 'NONE',  ( 8.585200000000000387, 0.000000000000000000, 2.625090000000000146 ) ) ;
#5604 = CARTESIAN_POINT ( 'NONE',  ( -11.32840000000000202, 1.523999999999999355, 2.108200000000000962 ) ) ;
#5605 = CARTESIAN_POINT ( 'NONE',  ( -16.00200000000000244, -3.175000000000000711, -2.226310000000000233 ) ) ;
#5606 = EDGE_CURVE ( 'NONE', #4720, #6817, #1237, .T. ) ;
#5607 = ORIENTED_EDGE ( 'NONE', *, *, #8588, .T. ) ;
#5608 = COLOUR_RGB ( '',0.7921568627450980005, 0.8196078431372548767, 0.9333333333333333481 ) ;
#5609 = DIRECTION ( 'NONE',  ( 0.000000000000000000, 0.000000000000000000, -1.000000000000000000 ) ) ;
#5610 = DIRECTION ( 'NONE',  ( 0.000000000000000000, 1.000000000000000000, 0.000000000000000000 ) ) ;
#5611 = CARTESIAN_POINT ( 'NONE',  ( -15.23999999999999666, 15.51160356504115079, -3.810000000000002718 ) ) ;
#5612 = ADVANCED_FACE ( 'NONE', ( #9234 ), #7116, .T. ) ;
#5613 = ADVANCED_FACE ( 'NONE', ( #7883 ), #2554, .T. ) ;
#5614 = VECTOR ( 'NONE', #6601, 1000.000000000000000 ) ;
#5615 = UNCERTAINTY_MEASURE_WITH_UNIT (LENGTH_MEASURE( 1.000000000000000082E-05 ), #4918, 'distance_accuracy_value', 'NONE');
#5616 = ORIENTED_EDGE ( 'NONE', *, *, #3455, .F. ) ;
#5617 = ORIENTED_EDGE ( 'NONE', *, *, #5396, .F. ) ;
#5618 = PLANE ( 'NONE',  #7409 ) ;
#5619 = EDGE_LOOP ( 'NONE', ( #7546, #234, #7300, #8985 ) ) ;
#5620 = AXIS2_PLACEMENT_3D ( 'NONE', #4010, #2363, #6848 ) ;
#5621 = ORIENTED_EDGE ( 'NONE', *, *, #3070, .F. ) ;
#5622 = LINE ( 'NONE', #6328, #5948 ) ;
#5623 = ORIENTED_EDGE ( 'NONE', *, *, #2712, .T. ) ;
#5624 = CARTESIAN_POINT ( 'NONE',  ( -11.73480000000000345, 1.523999999999999355, -2.625089999999998369 ) ) ;
#5625 = VECTOR ( 'NONE', #3618, 1000.000000000000000 ) ;
#5626 = CLOSED_SHELL ( 'NONE', ( #1123, #2507, #7937, #3776, #1815, #3069, #6136, #1920 ) ) ;
#5627 = VERTEX_POINT ( 'NONE', #4096 ) ;
#5628 = FACE_OUTER_BOUND ( 'NONE', #5077, .T. ) ;
#5629 = CARTESIAN_POINT ( 'NONE',  ( -11.58239999999999981, 1.523999999999999355, 1.956880869101999876 ) ) ;
#5630 = VERTEX_POINT ( 'NONE', #1150 ) ;
#5631 = ORIENTED_EDGE ( 'NONE', *, *, #4757, .F. ) ;
#5632 = DIRECTION ( 'NONE',  ( 0.000000000000000000, 1.000000000000000000, 0.000000000000000000 ) ) ;
#5633 = EDGE_CURVE ( 'NONE', #4084, #8825, #5680, .T. ) ;
#5634 = CARTESIAN_POINT ( 'NONE',  ( 12.13961250000000014, 1.523999999999999355, -2.226309999999997125 ) ) ;
#5635 =( NAMED_UNIT ( * ) PLANE_ANGLE_UNIT ( ) SI_UNIT ( $, .RADIAN. ) );
#5636 = LINE ( 'NONE', #3458, #5960 ) ;
#5637 = VERTEX_POINT ( 'NONE', #2637 ) ;
#5638 = DIRECTION ( 'NONE',  ( 0.2377713590754833295, 0.000000000000000000, 0.9713211522474930470 ) ) ;
#5639 = VERTEX_POINT ( 'NONE', #2007 ) ;
#5640 = CARTESIAN_POINT ( 'NONE',  ( 11.12520000000000131, 1.523999999999999355, 2.625090000000000146 ) ) ;
#5641 = EDGE_CURVE ( 'NONE', #8331, #1321, #4961, .T. ) ;
#5642 = DIRECTION ( 'NONE',  ( 0.000000000000000000, 0.000000000000000000, -1.000000000000000000 ) ) ;
#5643 = AXIS2_PLACEMENT_3D ( 'NONE', #3332, #9208, #4885 ) ;
#5644 = DIRECTION ( 'NONE',  ( 0.000000000000000000, 1.000000000000000000, 0.000000000000000000 ) ) ;
#5645 = AXIS2_PLACEMENT_3D ( 'NONE', #5995, #9123, #5482 ) ;
#5646 = CARTESIAN_POINT ( 'NONE',  ( -11.32840000000000202, 1.397000000000000686, 2.108200000000000962 ) ) ;
#5647 = LINE ( 'NONE', #5739, #9455 ) ;
#5648 = PLANE ( 'NONE',  #9030 ) ;
#5649 = DIRECTION ( 'NONE',  ( -1.000000000000000000, 0.000000000000000000, 0.000000000000000000 ) ) ;
#5650 = VECTOR ( 'NONE', #9248, 1000.000000000000000 ) ;
#5651 = ORIENTED_EDGE ( 'NONE', *, *, #9519, .T. ) ;
#5652 = CARTESIAN_POINT ( 'NONE',  ( 13.97000000000000242, 13.96999999999999886, -0.9905999999999994809 ) ) ;
#5653 = EDGE_CURVE ( 'NONE', #2599, #6126, #5589, .T. ) ;
#5654 = AXIS2_PLACEMENT_3D ( 'NONE', #3113, #7499, #4535 ) ;
#5655 = CARTESIAN_POINT ( 'NONE',  ( -15.23999999999999666, 6.604000000000000092, 3.810000000000000941 ) ) ;
#5656 = DIRECTION ( 'NONE',  ( -0.000000000000000000, -0.000000000000000000, 1.000000000000000000 ) ) ;
#5657 = EDGE_CURVE ( 'NONE', #254, #129, #7705, .T. ) ;
#5658 = DIRECTION ( 'NONE',  ( 0.000000000000000000, 0.000000000000000000, 1.000000000000000000 ) ) ;
#5659 = DIRECTION ( 'NONE',  ( -1.000000000000000000, 0.000000000000000000, 0.000000000000000000 ) ) ;
#5660 = VERTEX_POINT ( 'NONE', #6259 ) ;
#5661 = ORIENTED_EDGE ( 'NONE', *, *, #457, .T. ) ;
#5662 = CARTESIAN_POINT ( 'NONE',  ( -15.49400000000000510, 15.49399999999999977, 1.621861469056595340 ) ) ;
#5663 = EDGE_LOOP ( 'NONE', ( #5459, #3737, #2882, #7939 ) ) ;
#5664 = AXIS2_PLACEMENT_3D ( 'NONE', #2081, #1267, #4366 ) ;
#5665 = ADVANCED_FACE ( 'NONE', ( #5012 ), #7934, .F. ) ;
#5666 = EDGE_CURVE ( 'NONE', #3596, #5185, #4293, .T. ) ;
#5667 = ORIENTED_EDGE ( 'NONE', *, *, #3314, .F. ) ;
#5668 = DIRECTION ( 'NONE',  ( 0.000000000000000000, 1.000000000000000000, 0.000000000000000000 ) ) ;
#5669 = ORIENTED_EDGE ( 'NONE', *, *, #3900, .T. ) ;
#5670 = DIRECTION ( 'NONE',  ( 0.000000000000000000, 0.000000000000000000, -1.000000000000000000 ) ) ;
#5671 = ORIENTED_EDGE ( 'NONE', *, *, #2183, .F. ) ;
#5672 = ADVANCED_FACE ( 'NONE', ( #9373 ), #2775, .F. ) ;
#5673 = ORIENTED_EDGE ( 'NONE', *, *, #7245, .T. ) ;
#5674 = DIRECTION ( 'NONE',  ( -0.000000000000000000, -0.000000000000000000, 1.000000000000000000 ) ) ;
#5675 = VERTEX_POINT ( 'NONE', #2463 ) ;
#5676 = SURFACE_STYLE_FILL_AREA ( #7061 ) ;
#5677 = ORIENTED_EDGE ( 'NONE', *, *, #2553, .T. ) ;
#5678 = CARTESIAN_POINT ( 'NONE',  ( 14.60500000000000043, 1.106182791010226651, -2.137382390414626077 ) ) ;
#5679 =( NAMED_UNIT ( * ) PLANE_ANGLE_UNIT ( ) SI_UNIT ( $, .RADIAN. ) );
#5680 = LINE ( 'NONE', #6982, #2184 ) ;
#5681 = DIRECTION ( 'NONE',  ( 0.000000000000000000, 1.000000000000000000, 0.000000000000000000 ) ) ;
#5682 = DIRECTION ( 'NONE',  ( 0.000000000000000000, 1.000000000000000000, 0.000000000000000000 ) ) ;
#5683 = CARTESIAN_POINT ( 'NONE',  ( 3.505199999999999871, -3.175000000000000711, -2.625089999999998369 ) ) ;
#5684 = ORIENTED_EDGE ( 'NONE', *, *, #4368, .F. ) ;
#5685 = LINE ( 'NONE', #2738, #7585 ) ;
#5686 = ADVANCED_FACE ( 'NONE', ( #3190 ), #6798, .F. ) ;
#5687 = ORIENTED_EDGE ( 'NONE', *, *, #5496, .T. ) ;
#5688 = CARTESIAN_POINT ( 'NONE',  ( -12.70000000000000284, 0.8890000000000009006, -1.540677576214998235 ) ) ;
#5689 = CARTESIAN_POINT ( 'NONE',  ( -1.574800000000001088, 0.000000000000000000, -2.625089999999998369 ) ) ;
#5690 = DIRECTION ( 'NONE',  ( -0.9664851269265090083, -0.2567226118398023837, 0.000000000000000000 ) ) ;
#5691 = LINE ( 'NONE', #1307, #1928 ) ;
#5692 = CARTESIAN_POINT ( 'NONE',  ( 13.97000000000000242, 13.97000000000000064, -0.9905999999999994809 ) ) ;
#5693 = CARTESIAN_POINT ( 'NONE',  ( -16.00200000000000244, -3.175000000000000711, 0.000000000000000000 ) ) ;
#5694 = ORIENTED_EDGE ( 'NONE', *, *, #6382, .T. ) ;
#5695 = CARTESIAN_POINT ( 'NONE',  ( -11.04476664648024808, 1.397000000000000686, -1.459689378451841213 ) ) ;
#5696 = DIRECTION ( 'NONE',  ( -1.000000000000000000, -0.000000000000000000, -0.000000000000000000 ) ) ;
#5697 = CARTESIAN_POINT ( 'NONE',  ( 8.585200000000000387, 1.734723475976807094E-15, -2.625089999999998369 ) ) ;
#5698 = EDGE_CURVE ( 'NONE', #1431, #7200, #5324, .T. ) ;
#5699 = LINE ( 'NONE', #5843, #5269 ) ;
#5700 = CARTESIAN_POINT ( 'NONE',  ( 4.519612499999964506, 1.524000000000004462, 2.226310000000002010 ) ) ;
#5701 = ORIENTED_EDGE ( 'NONE', *, *, #3299, .F. ) ;
#5702 = LINE ( 'NONE', #9500, #3044 ) ;
#5703 = ORIENTED_EDGE ( 'NONE', *, *, #6524, .F. ) ;
#5704 = CARTESIAN_POINT ( 'NONE',  ( 0.9651999999999993918, 0.000000000000000000, -2.625089999999998369 ) ) ;
#5705 = ORIENTED_EDGE ( 'NONE', *, *, #7055, .T. ) ;
#5706 = EDGE_LOOP ( 'NONE', ( #4435, #9120, #3824, #2770, #7833, #856 ) ) ;
#5707 = DIRECTION ( 'NONE',  ( 1.000000000000000000, 0.000000000000000000, 0.000000000000000000 ) ) ;
#5708 = EDGE_LOOP ( 'NONE', ( #7460, #1621, #7050, #6966, #6347, #9218 ) ) ;
#5709 =( GEOMETRIC_REPRESENTATION_CONTEXT ( 3 ) GLOBAL_UNCERTAINTY_ASSIGNED_CONTEXT ( ( #1195 ) ) GLOBAL_UNIT_ASSIGNED_CONTEXT ( ( #2260, #8143, #4551 ) ) REPRESENTATION_CONTEXT ( 'NONE', 'WORKASPACE' ) );
#5710 = EDGE_CURVE ( 'NONE', #1883, #3569, #2518, .T. ) ;
#5711 = ADVANCED_FACE ( 'NONE', ( #8199 ), #9016, .T. ) ;
#5712 = ORIENTED_EDGE ( 'NONE', *, *, #2709, .F. ) ;
#5713 = ORIENTED_EDGE ( 'NONE', *, *, #3375, .T. ) ;
#5714 = CARTESIAN_POINT ( 'NONE',  ( -3.100387500000002738, 1.523999999999999355, 2.226310000000002010 ) ) ;
#5715 = ADVANCED_FACE ( 'NONE', ( #3865 ), #3042, .T. ) ;
#5716 = AXIS2_PLACEMENT_3D ( 'NONE', #4251, #4881, #5644 ) ;
#5717 = ORIENTED_EDGE ( 'NONE', *, *, #2472, .F. ) ;
#5718 =( NAMED_UNIT ( * ) PLANE_ANGLE_UNIT ( ) SI_UNIT ( $, .RADIAN. ) );
#5719 = ORIENTED_EDGE ( 'NONE', *, *, #3861, .T. ) ;
#5720 = CARTESIAN_POINT ( 'NONE',  ( -11.19293335351954966, 1.397000000000000686, -1.459689378452222908 ) ) ;
#5721 = SURFACE_STYLE_USAGE ( .BOTH. , #3602 ) ;
#5722 = VECTOR ( 'NONE', #2620, 1000.000000000000000 ) ;
#5723 = CARTESIAN_POINT ( 'NONE',  ( 15.49400000000000155, 15.49400000000000155, -0.9905999999999994809 ) ) ;
#5724 = PLANE ( 'NONE',  #939 ) ;
#5725 = VECTOR ( 'NONE', #6272, 1000.000000000000000 ) ;
#5726 = EDGE_CURVE ( 'NONE', #2063, #3017, #7526, .T. ) ;
#5727 = DIRECTION ( 'NONE',  ( 0.000000000000000000, 1.000000000000000000, 0.000000000000000000 ) ) ;
#5728 = SURFACE_STYLE_FILL_AREA ( #5867 ) ;
#5729 = ORIENTED_EDGE ( 'NONE', *, *, #412, .T. ) ;
#5730 = LINE ( 'NONE', #2927, #8499 ) ;
#5731 = VECTOR ( 'NONE', #8662, 1000.000000000000000 ) ;
#5732 = EDGE_LOOP ( 'NONE', ( #1397, #2636, #2446, #5244 ) ) ;
#5733 = DIRECTION ( 'NONE',  ( -0.000000000000000000, -0.000000000000000000, 1.000000000000000000 ) ) ;
#5734 = VECTOR ( 'NONE', #4839, 1000.000000000000000 ) ;
#5735 = PLANE ( 'NONE',  #4963 ) ;
#5736 = VECTOR ( 'NONE', #8986, 1000.000000000000000 ) ;
#5737 = EDGE_CURVE ( 'NONE', #5041, #9368, #6897, .T. ) ;
#5738 =( NAMED_UNIT ( * ) PLANE_ANGLE_UNIT ( ) SI_UNIT ( $, .RADIAN. ) );
#5739 = CARTESIAN_POINT ( 'NONE',  ( 13.84300000000000175, 1.523999999999999355, 3.810000000000000941 ) ) ;
#5740 = CARTESIAN_POINT ( 'NONE',  ( 3.079749999999999321, 11.93800000000000061, 2.438400000000000123 ) ) ;
#5741 = LINE ( 'NONE', #3471, #7070 ) ;
#5742 = ORIENTED_EDGE ( 'NONE', *, *, #271, .F. ) ;
#5743 = CARTESIAN_POINT ( 'NONE',  ( -11.02360000000000184, 1.523999999999999355, -1.329987205696001373 ) ) ;
#5744 = VECTOR ( 'NONE', #3089, 1000.000000000000000 ) ;
#5745 = DIRECTION ( 'NONE',  ( -0.000000000000000000, 1.000000000000000000, -0.000000000000000000 ) ) ;
#5746 = VECTOR ( 'NONE', #1215, 1000.000000000000000 ) ;
#5747 = CARTESIAN_POINT ( 'NONE',  ( -9.194800000000002527, 0.000000000000000000, -2.226309999999997125 ) ) ;
#5748 = CARTESIAN_POINT ( 'NONE',  ( -6.045200000000000351, 1.523999999999999355, -2.226310000000000233 ) ) ;
#5749 = DIRECTION ( 'NONE',  ( 0.000000000000000000, 0.000000000000000000, 1.000000000000000000 ) ) ;
#5750 = ORIENTED_EDGE ( 'NONE', *, *, #7752, .F. ) ;
#5751 = CARTESIAN_POINT ( 'NONE',  ( 11.73479999999999990, 1.523999999999999355, -2.625089999999998369 ) ) ;
#5752 = CIRCLE ( 'NONE', #6829, 2.158999999999999364 ) ;
#5753 = ORIENTED_EDGE ( 'NONE', *, *, #6892, .F. ) ;
#5754 = DIRECTION ( 'NONE',  ( -1.000000000000000000, 0.000000000000000000, 0.000000000000000000 ) ) ;
#5755 = ORIENTED_EDGE ( 'NONE', *, *, #3968, .F. ) ;
#5756 = ORIENTED_EDGE ( 'NONE', *, *, #705, .T. ) ;
#5757 = FACE_OUTER_BOUND ( 'NONE', #1685, .T. ) ;
#5758 = EDGE_LOOP ( 'NONE', ( #5861, #9092, #3102, #4117, #2885, #3386 ) ) ;
#5759 = VECTOR ( 'NONE', #6319, 1000.000000000000000 ) ;
#5760 = DIRECTION ( 'NONE',  ( 0.000000000000000000, -1.000000000000000000, 0.000000000000000000 ) ) ;
#5761 = ORIENTED_EDGE ( 'NONE', *, *, #7233, .T. ) ;
#5762 = ORIENTED_EDGE ( 'NONE', *, *, #541, .T. ) ;
#5763 = VECTOR ( 'NONE', #2874, 1000.000000000000000 ) ;
#5764 = LINE ( 'NONE', #35, #5900 ) ;
#5765 = ORIENTED_EDGE ( 'NONE', *, *, #8999, .T. ) ;
#5766 = PLANE ( 'NONE',  #3702 ) ;
#5767 = ORIENTED_EDGE ( 'NONE', *, *, #2933, .T. ) ;
#5768 = ADVANCED_FACE ( 'NONE', ( #1804 ), #3970, .F. ) ;
#5769 = DIRECTION ( 'NONE',  ( -0.5627909312417228582, 0.000000000000000000, -0.8265992787996335744 ) ) ;
#5770 = LINE ( 'NONE', #2773, #225 ) ;
#5771 =( LENGTH_UNIT ( ) NAMED_UNIT ( * ) SI_UNIT ( .MILLI., .METRE. ) );
#5772 = VECTOR ( 'NONE', #6696, 1000.000000000000000 ) ;
#5773 = CIRCLE ( 'NONE', #4412, 0.6350000000000000089 ) ;
#5774 = ADVANCED_FACE ( 'NONE', ( #4011 ), #5472, .T. ) ;
#5775 = DIRECTION ( 'NONE',  ( -0.9664851269265090083, -0.2567226118398023837, 0.000000000000000000 ) ) ;
#5776 = FACE_OUTER_BOUND ( 'NONE', #3440, .T. ) ;
#5777 = ORIENTED_EDGE ( 'NONE', *, *, #8957, .T. ) ;
#5778 = CARTESIAN_POINT ( 'NONE',  ( -4.540250000000003006, 10.33638951052392230, -0.9905999999999335337 ) ) ;
#5779 = ORIENTED_EDGE ( 'NONE', *, *, #7478, .T. ) ;
#5780 = DIRECTION ( 'NONE',  ( -1.000000000000000000, 0.000000000000000000, -0.000000000000000000 ) ) ;
#5781 = ADVANCED_FACE ( 'NONE', ( #5986 ), #8916, .T. ) ;
#5782 = CARTESIAN_POINT ( 'NONE',  ( -12.70000000000000284, 1.523999999999999355, -1.540677576214998235 ) ) ;
#5783 = EDGE_CURVE ( 'NONE', #4327, #7306, #1604, .T. ) ;
#5784 = CARTESIAN_POINT ( 'NONE',  ( 11.73479999999999634, -3.175000000000000711, 2.625090000000000146 ) ) ;
#5785 = VECTOR ( 'NONE', #7051, 1000.000000000000000 ) ;
#5786 = CARTESIAN_POINT ( 'NONE',  ( 2.000249999999994976, 15.49400000000000155, -0.9905999999999994809 ) ) ;
#5787 = FACE_OUTER_BOUND ( 'NONE', #5572, .T. ) ;
#5788 = LINE ( 'NONE', #7951, #1226 ) ;
#5789 = VERTEX_POINT ( 'NONE', #868 ) ;
#5790 = DIRECTION ( 'NONE',  ( 1.000000000000000000, 0.000000000000000000, 0.000000000000000000 ) ) ;
#5791 = FACE_OUTER_BOUND ( 'NONE', #3031, .T. ) ;
#5792 = AXIS2_PLACEMENT_3D ( 'NONE', #5782, #7994, #6949 ) ;
#5793 = CARTESIAN_POINT ( 'NONE',  ( 6.045200000000000351, 1.523999999999999355, 2.625090000000000146 ) ) ;
#5794 = LINE ( 'NONE', #2129, #4032 ) ;
#5795 = DIRECTION ( 'NONE',  ( 0.000000000000000000, -1.000000000000000000, 0.000000000000000000 ) ) ;
#5796 = EDGE_CURVE ( 'NONE', #323, #5850, #6083, .T. ) ;
#5797 = AXIS2_PLACEMENT_3D ( 'NONE', #7477, #3821, #6751 ) ;
#5798 = ORIENTED_EDGE ( 'NONE', *, *, #4127, .F. ) ;
#5799 = CARTESIAN_POINT ( 'NONE',  ( 6.045200000000000351, 0.000000000000000000, -2.226310000000000233 ) ) ;
#5800 = VERTEX_POINT ( 'NONE', #6747 ) ;
#5801 = DIRECTION ( 'NONE',  ( 0.8373790907146793083, 0.000000000000000000, -0.5466225923192865599 ) ) ;
#5802 = VECTOR ( 'NONE', #771, 1000.000000000000000 ) ;
#5803 = ORIENTED_EDGE ( 'NONE', *, *, #6248, .F. ) ;
#5804 = EDGE_CURVE ( 'NONE', #2047, #7381, #3086, .T. ) ;
#5805 = ORIENTED_EDGE ( 'NONE', *, *, #3967, .F. ) ;
#5806 = PLANE ( 'NONE',  #3175 ) ;
#5807 =( GEOMETRIC_REPRESENTATION_CONTEXT ( 3 ) GLOBAL_UNCERTAINTY_ASSIGNED_CONTEXT ( ( #7067 ) ) GLOBAL_UNIT_ASSIGNED_CONTEXT ( ( #6629, #3654, #48 ) ) REPRESENTATION_CONTEXT ( 'NONE', 'WORKASPACE' ) );
#5808 = DIRECTION ( 'NONE',  ( -1.000000000000000000, 0.000000000000000000, 0.000000000000000000 ) ) ;
#5809 = AXIS2_PLACEMENT_3D ( 'NONE', #4798, #6944, #2469 ) ;
#5810 = AXIS2_PLACEMENT_3D ( 'NONE', #2937, #5178, #815 ) ;
#5811 = ORIENTED_EDGE ( 'NONE', *, *, #2888, .F. ) ;
#5812 = PRESENTATION_STYLE_ASSIGNMENT (( #5856 ) ) ;
#5813 = AXIS2_PLACEMENT_3D ( 'NONE', #7606, #247, #3952 ) ;
#5814 = VERTEX_POINT ( 'NONE', #2416 ) ;
#5815 = CARTESIAN_POINT ( 'NONE',  ( -11.12520000000000131, 0.000000000000000000, 2.226309999999998901 ) ) ;
#5816 = EDGE_LOOP ( 'NONE', ( #7006, #6001 ) ) ;
#5817 = ORIENTED_EDGE ( 'NONE', *, *, #6598, .T. ) ;
#5818 = PLANE ( 'NONE',  #2838 ) ;
#5819 = DIRECTION ( 'NONE',  ( 1.000000000000000000, 0.000000000000000000, 0.000000000000000000 ) ) ;
#5820 = FILL_AREA_STYLE_COLOUR ( '', #4208 ) ;
#5821 = CARTESIAN_POINT ( 'NONE',  ( -11.19293335351977881, 1.523999999999999355, -1.459689378452035502 ) ) ;
#5822 = MECHANICAL_DESIGN_GEOMETRIC_PRESENTATION_REPRESENTATION (  '', ( #6282 ), #3191 ) ;
#5823 = DIRECTION ( 'NONE',  ( -1.000000000000000000, 0.000000000000000000, 0.000000000000000000 ) ) ;
#5824 = ADVANCED_FACE ( 'NONE', ( #2365 ), #1652, .T. ) ;
#5825 = VERTEX_POINT ( 'NONE', #6849 ) ;
#5826 = DIRECTION ( 'NONE',  ( 0.000000000000000000, 1.000000000000000000, 0.000000000000000000 ) ) ;
#5827 = ORIENTED_EDGE ( 'NONE', *, *, #6800, .F. ) ;
#5828 = CARTESIAN_POINT ( 'NONE',  ( -11.73480000000000345, -3.175000000000000711, 2.625090000000000146 ) ) ;
#5829 = DIRECTION ( 'NONE',  ( -1.000000000000000000, 0.000000000000000000, 0.000000000000000000 ) ) ;
#5830 = DIRECTION ( 'NONE',  ( -0.000000000000000000, -1.000000000000000000, -0.000000000000000000 ) ) ;
#5831 = PRESENTATION_STYLE_ASSIGNMENT (( #3 ) ) ;
#5832 = CARTESIAN_POINT ( 'NONE',  ( 15.24000000000000021, 15.51387510473823994, -3.047999999999996934 ) ) ;
#5833 = CARTESIAN_POINT ( 'NONE',  ( -16.00200000000000244, 15.49400000000000155, -4.673600000000001309 ) ) ;
#5834 = EDGE_CURVE ( 'NONE', #1776, #4387, #4656, .T. ) ;
#5835 = DIRECTION ( 'NONE',  ( 0.000000000000000000, 1.000000000000000000, 0.000000000000000000 ) ) ;
#5836 = EDGE_CURVE ( 'NONE', #2253, #2833, #8572, .T. ) ;
#5837 = ORIENTED_EDGE ( 'NONE', *, *, #1668, .T. ) ;
#5838 = DIRECTION ( 'NONE',  ( 0.000000000000000000, 1.000000000000000000, 0.000000000000000000 ) ) ;
#5839 = EDGE_CURVE ( 'NONE', #8109, #3056, #5559, .T. ) ;
#5840 = DIRECTION ( 'NONE',  ( -0.000000000000000000, 1.000000000000000000, 0.000000000000000000 ) ) ;
#5841 = DIRECTION ( 'NONE',  ( 0.000000000000000000, 1.000000000000000000, 0.000000000000000000 ) ) ;
#5842 = ADVANCED_FACE ( 'NONE', ( #4064 ), #6993, .T. ) ;
#5843 = CARTESIAN_POINT ( 'NONE',  ( -11.45540000000000447, 1.523999999999999355, 1.092200000000001392 ) ) ;
#5844 = DIRECTION ( 'NONE',  ( 1.000000000000000000, 0.000000000000000000, 0.000000000000000000 ) ) ;
#5845 = ORIENTED_EDGE ( 'NONE', *, *, #2246, .T. ) ;
#5846 = DIRECTION ( 'NONE',  ( -1.000000000000000000, 0.000000000000000000, 0.000000000000000000 ) ) ;
#5847 = ORIENTED_EDGE ( 'NONE', *, *, #8665, .F. ) ;
#5848 = PLANE ( 'NONE',  #1252 ) ;
#5849 = VECTOR ( 'NONE', #7082, 1000.000000000000000 ) ;
#5850 = VERTEX_POINT ( 'NONE', #8528 ) ;
#5851 = ORIENTED_EDGE ( 'NONE', *, *, #8799, .F. ) ;
#5852 = CARTESIAN_POINT ( 'NONE',  ( -16.00200000000000244, -3.175000000000000711, 0.000000000000000000 ) ) ;
#5853 = DIRECTION ( 'NONE',  ( -0.000000000000000000, -0.000000000000000000, 1.000000000000000000 ) ) ;
#5854 = EDGE_CURVE ( 'NONE', #3542, #6917, #482, .T. ) ;
#5855 = ORIENTED_EDGE ( 'NONE', *, *, #6477, .F. ) ;
#5856 = SURFACE_STYLE_USAGE ( .BOTH. , #6573 ) ;
#5857 = VERTEX_POINT ( 'NONE', #3284 ) ;
#5858 = CARTESIAN_POINT ( 'NONE',  ( 10.72038750000004015, 1.524000000000004462, -2.625089999999998369 ) ) ;
#5859 = ORIENTED_EDGE ( 'NONE', *, *, #1563, .F. ) ;
#5860 = DIRECTION ( 'NONE',  ( 1.000000000000000000, -0.000000000000000000, -0.000000000000000000 ) ) ;
#5861 = ORIENTED_EDGE ( 'NONE', *, *, #865, .F. ) ;
#5862 = FACE_OUTER_BOUND ( 'NONE', #8802, .T. ) ;
#5863 = CARTESIAN_POINT ( 'NONE',  ( 10.69975000000000165, 13.53961048947607893, 0.9905999999999317573 ) ) ;
#5864 =( NAMED_UNIT ( * ) PLANE_ANGLE_UNIT ( ) SI_UNIT ( $, .RADIAN. ) );
#5865 = CARTESIAN_POINT ( 'NONE',  ( 16.00199999999999889, 4.572000000000000064, 0.000000000000000000 ) ) ;
#5866 = PLANE ( 'NONE',  #1360 ) ;
#5867 = FILL_AREA_STYLE ('',( #6540 ) ) ;
#5868 = EDGE_LOOP ( 'NONE', ( #5616, #6153, #5526, #4030 ) ) ;
#5869 = VECTOR ( 'NONE', #45, 1000.000000000000000 ) ;
#5870 = DIRECTION ( 'NONE',  ( 0.000000000000000000, 1.000000000000000000, 0.000000000000000000 ) ) ;
#5871 = ORIENTED_EDGE ( 'NONE', *, *, #5377, .F. ) ;
#5872 = CARTESIAN_POINT ( 'NONE',  ( -9.194800000000002527, 1.523999999999999355, -2.226310000000000233 ) ) ;
#5873 = EDGE_LOOP ( 'NONE', ( #3786, #7084, #1082, #1773 ) ) ;
#5874 = VECTOR ( 'NONE', #5489, 1000.000000000000000 ) ;
#5875 = LINE ( 'NONE', #6693, #88 ) ;
#5876 = EDGE_CURVE ( 'NONE', #6149, #7385, #3371, .T. ) ;
#5877 = VECTOR ( 'NONE', #6655, 1000.000000000000000 ) ;
#5878 = VECTOR ( 'NONE', #8716, 1000.000000000000000 ) ;
#5879 = DIRECTION ( 'NONE',  ( 1.000000000000000000, 0.000000000000000000, 0.000000000000000000 ) ) ;
#5880 = DIRECTION ( 'NONE',  ( 0.000000000000000000, 1.000000000000000000, 0.000000000000000000 ) ) ;
#5881 = DIRECTION ( 'NONE',  ( 0.000000000000000000, 1.000000000000000000, 0.000000000000000000 ) ) ;
#5882 = FACE_OUTER_BOUND ( 'NONE', #8264, .T. ) ;
#5883 = VECTOR ( 'NONE', #3280, 1000.000000000000000 ) ;
#5884 = DIRECTION ( 'NONE',  ( 0.000000000000000000, 0.000000000000000000, -1.000000000000000000 ) ) ;
#5885 = VECTOR ( 'NONE', #3319, 1000.000000000000000 ) ;
#5886 =( NAMED_UNIT ( * ) PLANE_ANGLE_UNIT ( ) SI_UNIT ( $, .RADIAN. ) );
#5887 = LINE ( 'NONE', #2077, #680 ) ;
#5888 = EDGE_CURVE ( 'NONE', #7490, #7272, #9245, .T. ) ;
#5889 = VECTOR ( 'NONE', #5973, 1000.000000000000000 ) ;
#5890 = EDGE_CURVE ( 'NONE', #1860, #9210, #1889, .T. ) ;
#5891 = PLANE ( 'NONE',  #2985 ) ;
#5892 = CARTESIAN_POINT ( 'NONE',  ( -6.654800000000002491, -3.175000000000000711, -2.226310000000000233 ) ) ;
#5893 = LINE ( 'NONE', #2900, #3800 ) ;
#5894 = UNCERTAINTY_MEASURE_WITH_UNIT (LENGTH_MEASURE( 1.000000000000000082E-05 ), #4351, 'distance_accuracy_value', 'NONE');
#5895 = EDGE_CURVE ( 'NONE', #8688, #8381, #1974, .T. ) ;
#5896 = EDGE_LOOP ( 'NONE', ( #6736, #4677, #4160, #4803 ) ) ;
#5897 = DIRECTION ( 'NONE',  ( 0.000000000000000000, 1.000000000000000000, 0.000000000000000000 ) ) ;
#5898 = ORIENTED_EDGE ( 'NONE', *, *, #5951, .F. ) ;
#5899 = FACE_OUTER_BOUND ( 'NONE', #5152, .T. ) ;
#5900 = VECTOR ( 'NONE', #2095, 1000.000000000000000 ) ;
#5901 = ORIENTED_EDGE ( 'NONE', *, *, #4498, .F. ) ;
#5902 = STYLED_ITEM ( 'NONE', ( #5061 ), #4252 ) ;
#5903 = ORIENTED_EDGE ( 'NONE', *, *, #2837, .F. ) ;
#5904 = CARTESIAN_POINT ( 'NONE',  ( 6.654799999999995386, 1.523999999999999355, -2.625089999999998369 ) ) ;
#5905 = EDGE_CURVE ( 'NONE', #2224, #2279, #9339, .T. ) ;
#5906 = EDGE_CURVE ( 'NONE', #8454, #4028, #6356, .T. ) ;
#5907 = PRESENTATION_STYLE_ASSIGNMENT (( #2960 ) ) ;
#5908 = PRESENTATION_LAYER_ASSIGNMENT (  '', '', ( #2976 ) ) ;
#5909 = COLOUR_RGB ( '',0.7921568627450980005, 0.8196078431372548767, 0.9333333333333333481 ) ;
#5910 = ORIENTED_EDGE ( 'NONE', *, *, #3010, .T. ) ;
#5911 = EDGE_LOOP ( 'NONE', ( #3980, #7260, #9140, #7969 ) ) ;
#5912 = DIRECTION ( 'NONE',  ( 0.000000000000000000, -1.000000000000000000, 0.000000000000000000 ) ) ;
#5913 = EDGE_LOOP ( 'NONE', ( #8846, #5405 ) ) ;
#5914 = DIRECTION ( 'NONE',  ( -0.000000000000000000, 1.000000000000000000, -0.000000000000000000 ) ) ;
#5915 = AXIS2_PLACEMENT_3D ( 'NONE', #6042, #5481, #8978 ) ;
#5916 = VERTEX_POINT ( 'NONE', #9291 ) ;
#5917 = VECTOR ( 'NONE', #7741, 1000.000000000000000 ) ;
#5918 = LINE ( 'NONE', #3018, #1553 ) ;
#5919 = ORIENTED_EDGE ( 'NONE', *, *, #7776, .F. ) ;
#5920 = PLANE ( 'NONE',  #7908 ) ;
#5921 = CARTESIAN_POINT ( 'NONE',  ( -16.00200000000000244, -3.175000000000000711, -2.226310000000000233 ) ) ;
#5922 = LINE ( 'NONE', #7553, #480 ) ;
#5923 = AXIS2_PLACEMENT_3D ( 'NONE', #9349, #7907, #8678 ) ;
#5924 = CARTESIAN_POINT ( 'NONE',  ( -12.70000000000000284, 1.523999999999999355, -1.540677576214998235 ) ) ;
#5925 = ORIENTED_EDGE ( 'NONE', *, *, #1599, .F. ) ;
#5926 = DIRECTION ( 'NONE',  ( -0.000000000000000000, -1.000000000000000000, -0.000000000000000000 ) ) ;
#5927 = ORIENTED_EDGE ( 'NONE', *, *, #3968, .T. ) ;
#5928 = VECTOR ( 'NONE', #3854, 1000.000000000000000 ) ;
#5929 = ORIENTED_EDGE ( 'NONE', *, *, #3670, .T. ) ;
#5930 = EDGE_CURVE ( 'NONE', #5039, #2241, #529, .T. ) ;
#5931 = VECTOR ( 'NONE', #7986, 1000.000000000000000 ) ;
#5932 = CARTESIAN_POINT ( 'NONE',  ( -11.45540000000000447, 1.397000000000000686, 2.108200000000000962 ) ) ;
#5933 = DIRECTION ( 'NONE',  ( 0.8373790012341580935, 0.000000000000000000, -0.5466227293957726108 ) ) ;
#5934 = FACE_OUTER_BOUND ( 'NONE', #2349, .T. ) ;
#5935 = DIRECTION ( 'NONE',  ( 0.7659743427824879936, 0.000000000000000000, -0.6428711427641899956 ) ) ;
#5936 = VECTOR ( 'NONE', #7586, 1000.000000000000227 ) ;
#5937 = DIRECTION ( 'NONE',  ( -0.000000000000000000, -1.000000000000000000, -0.000000000000000000 ) ) ;
#5938 = EDGE_CURVE ( 'NONE', #5627, #7318, #5601, .T. ) ;
#5939 = DIRECTION ( 'NONE',  ( -0.000000000000000000, -0.000000000000000000, 1.000000000000000000 ) ) ;
#5940 = CARTESIAN_POINT ( 'NONE',  ( -10.69975000000000165, 13.53961048947610912, -0.9905999999999682837 ) ) ;
#5941 = CARTESIAN_POINT ( 'NONE',  ( -13.84300000000000175, 6.604000000000000092, -3.810000000000002718 ) ) ;
#5942 = FACE_OUTER_BOUND ( 'NONE', #1336, .T. ) ;
#5943 = FACE_OUTER_BOUND ( 'NONE', #8907, .T. ) ;
#5944 = ORIENTED_EDGE ( 'NONE', *, *, #1533, .F. ) ;
#5945 = EDGE_CURVE ( 'NONE', #6521, #9210, #7677, .T. ) ;
#5946 = FACE_OUTER_BOUND ( 'NONE', #2094, .T. ) ;
#5947 = ORIENTED_EDGE ( 'NONE', *, *, #6859, .T. ) ;
#5948 = VECTOR ( 'NONE', #455, 1000.000000000000227 ) ;
#5949 = ORIENTED_EDGE ( 'NONE', *, *, #2290, .T. ) ;
#5950 = LINE ( 'NONE', #2230, #269 ) ;
#5951 = EDGE_CURVE ( 'NONE', #1377, #8692, #8404, .T. ) ;
#5952 = CARTESIAN_POINT ( 'NONE',  ( 5.619749999999999801, 15.49400000000000155, -0.9905999999999994809 ) ) ;
#5953 = VECTOR ( 'NONE', #7651, 999.9999999999998863 ) ;
#5954 = ORIENTED_EDGE ( 'NONE', *, *, #4868, .F. ) ;
#5955 = VERTEX_POINT ( 'NONE', #9206 ) ;
#5956 = EDGE_CURVE ( 'NONE', #2833, #298, #2567, .T. ) ;
#5957 = VERTEX_POINT ( 'NONE', #2652 ) ;
#5958 = EDGE_CURVE ( 'NONE', #6562, #778, #2609, .T. ) ;
#5959 = DIRECTION ( 'NONE',  ( 1.000000000000000000, 0.000000000000000000, 0.000000000000000000 ) ) ;
#5960 = VECTOR ( 'NONE', #7800, 1000.000000000000000 ) ;
#5961 = ORIENTED_EDGE ( 'NONE', *, *, #1795, .T. ) ;
#5962 = LINE ( 'NONE', #6530, #4021 ) ;
#5963 = VERTEX_POINT ( 'NONE', #6225 ) ;
#5964 = VECTOR ( 'NONE', #7355, 1000.000000000000000 ) ;
#5965 = EDGE_CURVE ( 'NONE', #4954, #3318, #8450, .T. ) ;
#5966 = LINE ( 'NONE', #3648, #3302 ) ;
#5967 = CARTESIAN_POINT ( 'NONE',  ( 8.159750000000000725, 15.49400000000000155, 0.000000000000000000 ) ) ;
#5968 = EDGE_CURVE ( 'NONE', #4806, #7859, #4794, .T. ) ;
#5970 = DIRECTION ( 'NONE',  ( 1.000000000000000000, -0.000000000000000000, -0.000000000000000000 ) ) ;
#5969 = CIRCLE ( 'NONE', #435, 0.7619999999999987894 ) ;
#5971 = CARTESIAN_POINT ( 'NONE',  ( 0.9651999999999993918, -3.175000000000000711, 2.625090000000000146 ) ) ;
#5972 = EDGE_LOOP ( 'NONE', ( #2177, #4223, #8944, #7929 ) ) ;
#5973 = DIRECTION ( 'NONE',  ( -0.000000000000000000, 1.000000000000000000, -0.000000000000000000 ) ) ;
#5974 = ORIENTED_EDGE ( 'NONE', *, *, #706, .F. ) ;
#5975 = ORIENTED_EDGE ( 'NONE', *, *, #4970, .F. ) ;
#5976 = AXIS2_PLACEMENT_3D ( 'NONE', #7698, #6972, #3168 ) ;
#5977 = COLOUR_RGB ( '',0.7921568627450980005, 0.8196078431372548767, 0.9333333333333333481 ) ;
#5978 = FACE_OUTER_BOUND ( 'NONE', #5896, .T. ) ;
#5979 = DIRECTION ( 'NONE',  ( -0.8265992787996335744, 0.000000000000000000, -0.5627909312417228582 ) ) ;
#5980 = FACE_OUTER_BOUND ( 'NONE', #453, .T. ) ;
#5981 = DIRECTION ( 'NONE',  ( -1.000000000000000000, 0.000000000000000000, 0.000000000000000000 ) ) ;
#5982 = DIRECTION ( 'NONE',  ( 0.000000000000000000, -1.000000000000000000, 0.000000000000000000 ) ) ;
#5983 = EDGE_CURVE ( 'NONE', #8329, #8126, #7078, .T. ) ;
#5984 = CARTESIAN_POINT ( 'NONE',  ( -11.04476664648036710, 1.523999999999999355, -1.459689378451761277 ) ) ;
#5985 = CARTESIAN_POINT ( 'NONE',  ( -16.00200000000000244, 1.523999999999999355, -1.329987205696001373 ) ) ;
#5986 = FACE_OUTER_BOUND ( 'NONE', #6118, .T. ) ;
#5987 = LINE ( 'NONE', #7235, #7763 ) ;
#5988 = DIRECTION ( 'NONE',  ( -0.2567226118398958090, -0.9664851269264842504, 0.000000000000000000 ) ) ;
#5989 = LINE ( 'NONE', #70, #3151 ) ;
#5990 = DIRECTION ( 'NONE',  ( 0.000000000000000000, 1.000000000000000000, 0.000000000000000000 ) ) ;
#5991 = DIRECTION ( 'NONE',  ( -1.000000000000000000, 0.000000000000000000, 0.000000000000000000 ) ) ;
#5992 = ORIENTED_EDGE ( 'NONE', *, *, #5876, .F. ) ;
#5993 = VERTEX_POINT ( 'NONE', #2019 ) ;
#5994 = VERTEX_POINT ( 'NONE', #4407 ) ;
#5995 = CARTESIAN_POINT ( 'NONE',  ( -11.12520000000000131, 1.523999999999999355, 2.625090000000000146 ) ) ;
#5996 = PLANE ( 'NONE',  #827 ) ;
#5997 = ADVANCED_FACE ( 'NONE', ( #8811 ), #1357, .T. ) ;
#5998 = ORIENTED_EDGE ( 'NONE', *, *, #7244, .F. ) ;
#5999 = ORIENTED_EDGE ( 'NONE', *, *, #4845, .F. ) ;
#6000 = FACE_OUTER_BOUND ( 'NONE', #7432, .T. ) ;
#6001 = ORIENTED_EDGE ( 'NONE', *, *, #8697, .F. ) ;
#6002 = CARTESIAN_POINT ( 'NONE',  ( 4.114800000000001567, -3.175000000000000711, 2.625090000000000146 ) ) ;
#6003 = EDGE_LOOP ( 'NONE', ( #1005, #8650, #8217, #9452 ) ) ;
#6004 = CARTESIAN_POINT ( 'NONE',  ( -9.620250000000003965, 11.93800000000000061, 2.438400000000000123 ) ) ;
#6005 = ORIENTED_EDGE ( 'NONE', *, *, #7058, .T. ) ;
#6006 = CARTESIAN_POINT ( 'NONE',  ( -8.585200000000000387, 1.523999999999999355, 2.226310000000002010 ) ) ;
#6007 = CARTESIAN_POINT ( 'NONE',  ( 13.84300000000000175, 6.604000000000000092, 3.810000000000000941 ) ) ;
#6008 = EDGE_CURVE ( 'NONE', #7272, #3434, #2890, .T. ) ;
#6009 = DIRECTION ( 'NONE',  ( -0.1443682357290949625, 0.000000000000000000, 0.9895240333172653502 ) ) ;
#6010 = DIRECTION ( 'NONE',  ( -1.000000000000000000, -0.000000000000000000, -0.000000000000000000 ) ) ;
#6011 = EDGE_CURVE ( 'NONE', #1520, #9220, #7997, .T. ) ;
#6012 = EDGE_LOOP ( 'NONE', ( #9400, #505, #1484, #30 ) ) ;
#6013 = DIRECTION ( 'NONE',  ( -0.9797707111487228282, 0.000000000000000000, -0.2001233459022854211 ) ) ;
#6014 = ORIENTED_EDGE ( 'NONE', *, *, #4887, .T. ) ;
#6015 =( NAMED_UNIT ( * ) SI_UNIT ( $, .STERADIAN. ) SOLID_ANGLE_UNIT ( ) );
#6016 = ORIENTED_EDGE ( 'NONE', *, *, #315, .F. ) ;
#6017 = DIRECTION ( 'NONE',  ( 0.000000000000000000, -1.000000000000000000, 0.000000000000000000 ) ) ;
#6018 = PRODUCT_DEFINITION_SHAPE ( 'NONE', 'NONE',  #5451 ) ;
#6019 = EDGE_CURVE ( 'NONE', #7584, #5045, #8717, .T. ) ;
#6020 = DIRECTION ( 'NONE',  ( 0.000000000000000000, 1.000000000000000000, 0.000000000000000000 ) ) ;
#6021 = CARTESIAN_POINT ( 'NONE',  ( 8.159750000000000725, 15.49400000000000155, 0.000000000000000000 ) ) ;
#6022 = CIRCLE ( 'NONE', #2319, 0.7620000000000005658 ) ;
#6023 = PRESENTATION_LAYER_ASSIGNMENT (  '', '', ( #4805 ) ) ;
#6024 = DIRECTION ( 'NONE',  ( 0.000000000000000000, 1.000000000000000000, 0.000000000000000000 ) ) ;
#6025 = CARTESIAN_POINT ( 'NONE',  ( 12.69999999999999574, -8.500145032286354763E-14, -2.539999999999762892 ) ) ;
#6026 = LINE ( 'NONE', #6744, #728 ) ;
#6027 = VECTOR ( 'NONE', #6698, 1000.000000000000000 ) ;
#6028 = SURFACE_STYLE_USAGE ( .BOTH. , #5127 ) ;
#6029 = CARTESIAN_POINT ( 'NONE',  ( -16.04285701104000950, 13.97000000000000064, -0.9905999999999994809 ) ) ;
#6030 = AXIS2_PLACEMENT_3D ( 'NONE', #1112, #528, #3416 ) ;
#6031 = CARTESIAN_POINT ( 'NONE',  ( -11.58239999999999981, 1.523999999999999355, 1.783944658947000272 ) ) ;
#6032 = EDGE_CURVE ( 'NONE', #4767, #6660, #4305, .T. ) ;
#6033 = FACE_OUTER_BOUND ( 'NONE', #604, .T. ) ;
#6034 = AXIS2_PLACEMENT_3D ( 'NONE', #3884, #6814, #887 ) ;
#6035 = FACE_OUTER_BOUND ( 'NONE', #7823, .T. ) ;
#6036 = CYLINDRICAL_SURFACE ( 'NONE', #4434, 0.7620000000000005658 ) ;
#6038 = LINE ( 'NONE', #3723, #5877 ) ;
#6037 = AXIS2_PLACEMENT_3D ( 'NONE', #3564, #7324, #3666 ) ;
#6039 = ORIENTED_EDGE ( 'NONE', *, *, #3895, .T. ) ;
#6040 = EDGE_LOOP ( 'NONE', ( #408, #6055, #8364, #4808 ) ) ;
#6041 = AXIS2_PLACEMENT_3D ( 'NONE', #2252, #5216, #8136 ) ;
#6042 = CARTESIAN_POINT ( 'NONE',  ( -9.620250000000003965, 11.93800000000000061, -2.438400000000001899 ) ) ;
#6043 = DIRECTION ( 'NONE',  ( 0.9895240333172653502, 0.000000000000000000, 0.1443682357290949625 ) ) ;
#6044 = ADVANCED_FACE ( 'NONE', ( #2210 ), #1305, .T. ) ;
#6045 = DIRECTION ( 'NONE',  ( -0.2567226118398958090, 0.9664851269264842504, 0.000000000000000000 ) ) ;
#6046 = CIRCLE ( 'NONE', #1896, 2.158999999999999364 ) ;
#6047 = AXIS2_PLACEMENT_3D ( 'NONE', #7799, #7027, #7068 ) ;
#6048 = ORIENTED_EDGE ( 'NONE', *, *, #4630, .F. ) ;
#6049 = VERTEX_POINT ( 'NONE', #7227 ) ;
#6050 = FACE_OUTER_BOUND ( 'NONE', #5096, .T. ) ;
#6051 = EDGE_LOOP ( 'NONE', ( #379, #1695, #7159, #4870 ) ) ;
#6052 = DIRECTION ( 'NONE',  ( -0.2567226118398510670, 0.9664851269264960187, 0.000000000000000000 ) ) ;
#6053 = ORIENTED_EDGE ( 'NONE', *, *, #1236, .T. ) ;
#6054 = LINE ( 'NONE', #8989, #1166 ) ;
#6055 = ORIENTED_EDGE ( 'NONE', *, *, #9297, .T. ) ;
#6056 = PLANE ( 'NONE',  #3765 ) ;
#6057 = LINE ( 'NONE', #5449, #8819 ) ;
#6058 = AXIS2_PLACEMENT_3D ( 'NONE', #2732, #355, #2826 ) ;
#6059 =( NAMED_UNIT ( * ) SI_UNIT ( $, .STERADIAN. ) SOLID_ANGLE_UNIT ( ) );
#6060 = PLANE ( 'NONE',  #8625 ) ;
#6061 = ORIENTED_EDGE ( 'NONE', *, *, #9143, .F. ) ;
#6062 = CARTESIAN_POINT ( 'NONE',  ( -6.045200000000000351, 0.000000000000000000, 2.625090000000000146 ) ) ;
#6063 = ORIENTED_EDGE ( 'NONE', *, *, #3245, .T. ) ;
#6064 = FACE_OUTER_BOUND ( 'NONE', #8975, .T. ) ;
#6065 = CIRCLE ( 'NONE', #9137, 2.158999999999999364 ) ;
#6066 = ADVANCED_FACE ( 'NONE', ( #9383 ), #2841, .T. ) ;
#6067 = ORIENTED_EDGE ( 'NONE', *, *, #8918, .T. ) ;
#6068 = SURFACE_STYLE_FILL_AREA ( #9052 ) ;
#6069 = VERTEX_POINT ( 'NONE', #2116 ) ;
#6070 = MANIFOLD_SOLID_BREP ( 'Split1[15]', #5328 ) ;
#6071 = CARTESIAN_POINT ( 'NONE',  ( 10.69975000000000165, 15.49400000000000155, 0.000000000000000000 ) ) ;
#6072 = ADVANCED_FACE ( 'NONE', ( #1503 ), #8760, .T. ) ;
#6073 = CIRCLE ( 'NONE', #5923, 2.158999999999999364 ) ;
#6074 = FACE_OUTER_BOUND ( 'NONE', #9426, .T. ) ;
#6075 =( LENGTH_UNIT ( ) NAMED_UNIT ( * ) SI_UNIT ( .MILLI., .METRE. ) );
#6076 = LINE ( 'NONE', #5465, #6885 ) ;
#6077 = VERTEX_POINT ( 'NONE', #669 ) ;
#6078 = LINE ( 'NONE', #768, #8573 ) ;
#6079 = EDGE_CURVE ( 'NONE', #3103, #7760, #6500, .T. ) ;
#6080 = VECTOR ( 'NONE', #514, 1000.000000000000114 ) ;
#6081 = ADVANCED_FACE ( 'NONE', ( #764 ), #5120, .T. ) ;
#6082 = DIRECTION ( 'NONE',  ( 0.000000000000000000, 1.000000000000000000, 0.000000000000000000 ) ) ;
#6083 = LINE ( 'NONE', #9062, #2505 ) ;
#6084 = LINE ( 'NONE', #6898, #5479 ) ;
#6085 = CIRCLE ( 'NONE', #1006, 2.158999999999999364 ) ;
#6086 = SURFACE_SIDE_STYLE ('',( #3141 ) ) ;
#6087 = CLOSED_SHELL ( 'NONE', ( #5390, #6400, #9481, #502 ) ) ;
#6088 = DIRECTION ( 'NONE',  ( -0.000000000000000000, -0.000000000000000000, 1.000000000000000000 ) ) ;
#6089 = CARTESIAN_POINT ( 'NONE',  ( 11.12520000000000131, 0.000000000000000000, 2.625090000000000146 ) ) ;
#6090 = UNCERTAINTY_MEASURE_WITH_UNIT (LENGTH_MEASURE( 1.000000000000000082E-05 ), #801, 'distance_accuracy_value', 'NONE');
#6091 = DIRECTION ( 'NONE',  ( -0.000000000000000000, -1.000000000000000000, -0.000000000000000000 ) ) ;
#6092 = ORIENTED_EDGE ( 'NONE', *, *, #5783, .T. ) ;
#6093 = ORIENTED_EDGE ( 'NONE', *, *, #1863, .F. ) ;
#6094 = CARTESIAN_POINT ( 'NONE',  ( -4.540250000000003006, 10.33638951052389210, -0.9905999999999682837 ) ) ;
#6095 = CARTESIAN_POINT ( 'NONE',  ( -13.84300000000000175, 4.572000000000000064, -3.810000000000002718 ) ) ;
#6096 = LINE ( 'NONE', #1816, #3294 ) ;
#6097 = ORIENTED_EDGE ( 'NONE', *, *, #6236, .F. ) ;
#6098 = VERTEX_POINT ( 'NONE', #2354 ) ;
#6099 = AXIS2_PLACEMENT_3D ( 'NONE', #5345, #6201, #6818 ) ;
#6100 = DIRECTION ( 'NONE',  ( 0.000000000000000000, -0.000000000000000000, -1.000000000000000000 ) ) ;
#6101 = ADVANCED_FACE ( 'NONE', ( #4500 ), #7413, .T. ) ;
#6102 = VERTEX_POINT ( 'NONE', #5223 ) ;
#6103 = CARTESIAN_POINT ( 'NONE',  ( 1.979612499999922060, 1.524000000000020227, 2.625090000000000146 ) ) ;
#6104 = EDGE_LOOP ( 'NONE', ( #8637, #346, #3387, #2761 ) ) ;
#6105 = CARTESIAN_POINT ( 'NONE',  ( 13.97000000000000242, 13.97000000000000064, -0.9905999999999994809 ) ) ;
#6106 = ORIENTED_EDGE ( 'NONE', *, *, #4249, .T. ) ;
#6107 = DIRECTION ( 'NONE',  ( 1.000000000000000000, -0.000000000000000000, -0.000000000000000000 ) ) ;
#6108 = DIRECTION ( 'NONE',  ( -1.000000000000000000, 0.000000000000000000, 0.000000000000000000 ) ) ;
#6109 =( NAMED_UNIT ( * ) PLANE_ANGLE_UNIT ( ) SI_UNIT ( $, .RADIAN. ) );
#6110 = VECTOR ( 'NONE', #3464, 1000.000000000000000 ) ;
#6111 = LINE ( 'NONE', #3696, #6471 ) ;
#6112 = ORIENTED_EDGE ( 'NONE', *, *, #5968, .T. ) ;
#6113 = LINE ( 'NONE', #899, #8887 ) ;
#6114 = ORIENTED_EDGE ( 'NONE', *, *, #9335, .F. ) ;
#6115 = AXIS2_PLACEMENT_3D ( 'NONE', #5426, #1068, #8921 ) ;
#6116 = CARTESIAN_POINT ( 'NONE',  ( 4.114800000000001567, 0.000000000000000000, -2.625089999999998369 ) ) ;
#6117 = COLOUR_RGB ( '',0.7921568627450980005, 0.8196078431372548767, 0.9333333333333333481 ) ;
#6118 = EDGE_LOOP ( 'NONE', ( #4820, #1486, #4669, #5949 ) ) ;
#6119 = ORIENTED_EDGE ( 'NONE', *, *, #5737, .F. ) ;
#6120 = VECTOR ( 'NONE', #862, 1000.000000000000000 ) ;
#6121 = DIRECTION ( 'NONE',  ( -0.2567226118398510670, -0.9664851269264960187, 0.000000000000000000 ) ) ;
#6122 = ADVANCED_FACE ( 'NONE', ( #8910 ), #9055, .T. ) ;
#6123 = LINE ( 'NONE', #1546, #1874 ) ;
#6124 =( NAMED_UNIT ( * ) SI_UNIT ( $, .STERADIAN. ) SOLID_ANGLE_UNIT ( ) );
#6125 = CARTESIAN_POINT ( 'NONE',  ( -16.00200000000000244, 1.523999999999999355, -2.625089999999998369 ) ) ;
#6126 = VERTEX_POINT ( 'NONE', #7465 ) ;
#6127 = LINE ( 'NONE', #3916, #191 ) ;
#6128 = CARTESIAN_POINT ( 'NONE',  ( -16.00200000000000244, 15.49400000000000155, 3.048000000000002263 ) ) ;
#6129 = VECTOR ( 'NONE', #7989, 1000.000000000000000 ) ;
#6130 =( GEOMETRIC_REPRESENTATION_CONTEXT ( 3 ) GLOBAL_UNCERTAINTY_ASSIGNED_CONTEXT ( ( #7839 ) ) GLOBAL_UNIT_ASSIGNED_CONTEXT ( ( #5110, #709, #754 ) ) REPRESENTATION_CONTEXT ( 'NONE', 'WORKASPACE' ) );
#6131 = DIRECTION ( 'NONE',  ( -0.000000000000000000, -0.000000000000000000, 1.000000000000000000 ) ) ;
#6132 = CARTESIAN_POINT ( 'NONE',  ( -6.654800000000002491, 1.523999999999999355, -2.226310000000000233 ) ) ;
#6133 = CARTESIAN_POINT ( 'NONE',  ( -6.045200000000000351, 1.523999999999999355, -2.625089999999998369 ) ) ;
#6134 = DIRECTION ( 'NONE',  ( 0.000000000000000000, 0.000000000000000000, -1.000000000000000000 ) ) ;
#6135 = ADVANCED_FACE ( 'NONE', ( #5980 ), #859, .T. ) ;
#6136 = ADVANCED_FACE ( 'NONE', ( #110 ), #3810, .T. ) ;
#6137 = DIRECTION ( 'NONE',  ( 0.2567226118398506785, -0.9664851269264961298, -0.000000000000000000 ) ) ;
#6138 = FACE_OUTER_BOUND ( 'NONE', #1268, .T. ) ;
#6139 = LINE ( 'NONE', #3198, #5370 ) ;
#6140 = ORIENTED_EDGE ( 'NONE', *, *, #56, .F. ) ;
#6141 = EDGE_CURVE ( 'NONE', #7840, #1820, #2987, .T. ) ;
#6142 = ORIENTED_EDGE ( 'NONE', *, *, #3615, .F. ) ;
#6143 = DIRECTION ( 'NONE',  ( 1.000000000000000000, 0.000000000000000000, 0.000000000000000000 ) ) ;
#6144 = CARTESIAN_POINT ( 'NONE',  ( -12.13961250000003567, 1.523999999999994026, -2.625089999999998369 ) ) ;
#6145 = CARTESIAN_POINT ( 'NONE',  ( 2.000250000000002082, 13.53961048947610912, -0.9905999999999682837 ) ) ;
#6146 = ORIENTED_EDGE ( 'NONE', *, *, #2768, .F. ) ;
#6147 = ORIENTED_EDGE ( 'NONE', *, *, #1440, .T. ) ;
#6148 = LINE ( 'NONE', #374, #8798 ) ;
#6149 = VERTEX_POINT ( 'NONE', #1693 ) ;
#6150 = PLANE ( 'NONE',  #8355 ) ;
#6151 = EDGE_LOOP ( 'NONE', ( #86, #6264, #7023, #6431 ) ) ;
#6152 = DIRECTION ( 'NONE',  ( 1.000000000000000000, 0.000000000000000000, 0.000000000000000000 ) ) ;
#6153 = ORIENTED_EDGE ( 'NONE', *, *, #2173, .T. ) ;
#6154 = DIRECTION ( 'NONE',  ( 0.000000000000000000, 1.000000000000000000, 0.000000000000000000 ) ) ;
#6155 =( NAMED_UNIT ( * ) SI_UNIT ( $, .STERADIAN. ) SOLID_ANGLE_UNIT ( ) );
#6156 = EDGE_CURVE ( 'NONE', #5581, #7481, #5315, .T. ) ;
#6157 = PLANE ( 'NONE',  #2571 ) ;
#6158 = ORIENTED_EDGE ( 'NONE', *, *, #1010, .T. ) ;
#6159 = CARTESIAN_POINT ( 'NONE',  ( 9.194800000000002527, -3.175000000000000711, -2.226310000000000233 ) ) ;
#6160 = ORIENTED_EDGE ( 'NONE', *, *, #2068, .F. ) ;
#6161 = DIRECTION ( 'NONE',  ( -1.000000000000000000, 0.000000000000000000, 0.000000000000000000 ) ) ;
#6162 = VERTEX_POINT ( 'NONE', #1013 ) ;
#6163 = DIRECTION ( 'NONE',  ( 0.000000000000000000, 1.000000000000000000, 0.000000000000000000 ) ) ;
#6164 = ORIENTED_EDGE ( 'NONE', *, *, #8254, .F. ) ;
#6165 = MANIFOLD_SOLID_BREP ( 'Split1[16]', #3311 ) ;
#6166 = DIRECTION ( 'NONE',  ( -0.000000000000000000, 1.000000000000000000, -0.000000000000000000 ) ) ;
#6167 = LINE ( 'NONE', #9103, #7033 ) ;
#6168 = ORIENTED_EDGE ( 'NONE', *, *, #4792, .T. ) ;
#6169 = CARTESIAN_POINT ( 'NONE',  ( -0.9651999999999993918, -3.175000000000000711, -2.625089999999998369 ) ) ;
#6170 = FILL_AREA_STYLE_COLOUR ( '', #4112 ) ;
#6171 = EDGE_CURVE ( 'NONE', #5346, #9287, #6123, .T. ) ;
#6172 = DIRECTION ( 'NONE',  ( -0.2567226118398023837, -0.9664851269265090083, 0.000000000000000000 ) ) ;
#6173 = DIRECTION ( 'NONE',  ( 0.000000000000000000, -1.000000000000000000, 0.000000000000000000 ) ) ;
#6174 = DIRECTION ( 'NONE',  ( 1.000000000000000000, -0.000000000000000000, -0.000000000000000000 ) ) ;
#6175 = MANIFOLD_SOLID_BREP ( 'Split1[3]', #7462 ) ;
#6176 = CARTESIAN_POINT ( 'NONE',  ( -4.519612500000040889, 1.523999999999994026, -2.625089999999998369 ) ) ;
#6177 = LINE ( 'NONE', #3331, #679 ) ;
#6178 = CYLINDRICAL_SURFACE ( 'NONE', #6561, 2.158999999999999364 ) ;
#6179 = CARTESIAN_POINT ( 'NONE',  ( 8.159750000000000725, 13.53961048947607893, -0.9905999999999335337 ) ) ;
#6180 = ORIENTED_EDGE ( 'NONE', *, *, #8538, .F. ) ;
#6181 = VERTEX_POINT ( 'NONE', #7798 ) ;
#6182 = STYLED_ITEM ( 'NONE', ( #7617 ), #6175 ) ;
#6183 = EDGE_CURVE ( 'NONE', #2781, #1026, #811, .T. ) ;
#6184 = ADVANCED_FACE ( 'NONE', ( #5550 ), #1194, .T. ) ;
#6185 = LINE ( 'NONE', #9071, #2543 ) ;
#6186 = CARTESIAN_POINT ( 'NONE',  ( -16.00200000000000244, 1.397000000000000686, 0.000000000000000000 ) ) ;
#6187 = VECTOR ( 'NONE', #4479, 1000.000000000000000 ) ;
#6188 = FACE_OUTER_BOUND ( 'NONE', #2384, .T. ) ;
#6189 = EDGE_CURVE ( 'NONE', #9051, #9236, #9197, .T. ) ;
#6190 = VECTOR ( 'NONE', #5830, 1000.000000000000000 ) ;
#6191 = ORIENTED_EDGE ( 'NONE', *, *, #2139, .T. ) ;
#6192 = EDGE_LOOP ( 'NONE', ( #4111, #8354, #802, #7121 ) ) ;
#6193 = FACE_OUTER_BOUND ( 'NONE', #6926, .T. ) ;
#6194 = VECTOR ( 'NONE', #5545, 1000.000000000000114 ) ;
#6195 = ORIENTED_EDGE ( 'NONE', *, *, #1478, .F. ) ;
#6196 = DIRECTION ( 'NONE',  ( 1.000000000000000000, -0.000000000000000000, -0.000000000000000000 ) ) ;
#6197 = EDGE_CURVE ( 'NONE', #5993, #1612, #7026, .T. ) ;
#6198 = VECTOR ( 'NONE', #7808, 1000.000000000000114 ) ;
#6199 = ADVANCED_FACE ( 'NONE', ( #4139 ), #1880, .T. ) ;
#6200 = ORIENTED_EDGE ( 'NONE', *, *, #3805, .T. ) ;
#6201 = DIRECTION ( 'NONE',  ( 0.000000000000000000, 0.000000000000000000, -1.000000000000000000 ) ) ;
#6202 = VERTEX_POINT ( 'NONE', #471 ) ;
#6203 = CYLINDRICAL_SURFACE ( 'NONE', #8827, 0.7619999999999987894 ) ;
#6204 = VECTOR ( 'NONE', #5914, 1000.000000000000000 ) ;
#6205 = CARTESIAN_POINT ( 'NONE',  ( 1.979612499999963582, 1.524000000000004462, 2.625090000000000146 ) ) ;
#6206 = EDGE_LOOP ( 'NONE', ( #2061, #2201, #3993, #8426, #4042 ) ) ;
#6207 = PLANE ( 'NONE',  #3818 ) ;
#6208 =( NAMED_UNIT ( * ) PLANE_ANGLE_UNIT ( ) SI_UNIT ( $, .RADIAN. ) );
#6209 = ORIENTED_EDGE ( 'NONE', *, *, #5377, .T. ) ;
#6210 = LINE ( 'NONE', #1999, #4056 ) ;
#6211 = AXIS2_PLACEMENT_3D ( 'NONE', #7599, #938, #5300 ) ;
#6212 = ORIENTED_EDGE ( 'NONE', *, *, #9304, .T. ) ;
#6213 = MECHANICAL_DESIGN_GEOMETRIC_PRESENTATION_REPRESENTATION (  '', ( #7435 ), #7600 ) ;
#6214 = ORIENTED_EDGE ( 'NONE', *, *, #4069, .F. ) ;
#6215 = DIRECTION ( 'NONE',  ( 0.000000000000000000, -1.000000000000000000, 0.000000000000000000 ) ) ;
#6216 = PRESENTATION_LAYER_ASSIGNMENT (  '', '', ( #2362 ) ) ;
#6217 = DIRECTION ( 'NONE',  ( 0.2567226118398505674, -0.9664851269264961298, -0.000000000000000000 ) ) ;
#6218 = PRESENTATION_LAYER_ASSIGNMENT (  '', '', ( #7756 ) ) ;
#6219 = DIRECTION ( 'NONE',  ( 1.000000000000000000, -0.000000000000000000, -0.000000000000000000 ) ) ;
#6220 = EDGE_LOOP ( 'NONE', ( #2818, #3221, #284, #5189 ) ) ;
#6221 = DIRECTION ( 'NONE',  ( 0.000000000000000000, -1.000000000000000000, 0.000000000000000000 ) ) ;
#6222 = ADVANCED_FACE ( 'NONE', ( #1099 ), #437, .F. ) ;
#6223 = VECTOR ( 'NONE', #1076, 1000.000000000000000 ) ;
#6224 = LINE ( 'NONE', #7473, #3766 ) ;
#6225 = CARTESIAN_POINT ( 'NONE',  ( 13.84300000000000175, 4.572000000000000064, 3.810000000000000941 ) ) ;
#6226 = DIRECTION ( 'NONE',  ( 0.000000000000000000, 0.000000000000000000, 1.000000000000000000 ) ) ;
#6227 = LINE ( 'NONE', #4066, #5650 ) ;
#6228 = CIRCLE ( 'NONE', #7454, 0.7620000000000005658 ) ;
#6229 = LINE ( 'NONE', #6179, #3402 ) ;
#6230 = VERTEX_POINT ( 'NONE', #6303 ) ;
#6231 = DIRECTION ( 'NONE',  ( -1.000000000000000000, -0.000000000000000000, -0.000000000000000000 ) ) ;
#6232 = CARTESIAN_POINT ( 'NONE',  ( -16.00200000000000244, -3.175000000000000711, -2.226310000000000233 ) ) ;
#6233 = AXIS2_PLACEMENT_3D ( 'NONE', #8301, #1023, #6274 ) ;
#6234 = CLOSED_SHELL ( 'NONE', ( #2766, #3248, #9472, #7568 ) ) ;
#6235 = CARTESIAN_POINT ( 'NONE',  ( -14.60500000000000043, 0.000000000000000000, -2.540000000000002256 ) ) ;
#6236 = EDGE_CURVE ( 'NONE', #2621, #6323, #348, .T. ) ;
#6237 = VERTEX_POINT ( 'NONE', #9280 ) ;
#6238 = ORIENTED_EDGE ( 'NONE', *, *, #4147, .F. ) ;
#6239 = DIRECTION ( 'NONE',  ( 0.000000000000000000, 1.000000000000000000, 0.000000000000000000 ) ) ;
#6240 = EDGE_LOOP ( 'NONE', ( #6327, #5399, #2425, #5552 ) ) ;
#6241 = DIRECTION ( 'NONE',  ( -1.000000000000000000, 0.000000000000000000, 0.000000000000000000 ) ) ;
#6242 = ADVANCED_FACE ( 'NONE', ( #4053 ), #2555, .T. ) ;
#6243 = ORIENTED_EDGE ( 'NONE', *, *, #1912, .T. ) ;
#6244 = DIRECTION ( 'NONE',  ( 0.000000000000000000, 1.000000000000000000, 0.000000000000000000 ) ) ;
#6245 = ORIENTED_EDGE ( 'NONE', *, *, #3604, .T. ) ;
#6246 = AXIS2_PLACEMENT_3D ( 'NONE', #7866, #9177, #1273 ) ;
#6247 = EDGE_CURVE ( 'NONE', #2471, #6049, #1842, .T. ) ;
#6248 = EDGE_CURVE ( 'NONE', #8087, #1591, #3443, .T. ) ;
#6249 = VERTEX_POINT ( 'NONE', #7838 ) ;
#6250 = CARTESIAN_POINT ( 'NONE',  ( 13.97000000000000242, 8.001000000000001222, -0.9905999999999994809 ) ) ;
#6251 = CARTESIAN_POINT ( 'NONE',  ( -5.619749999999999801, 10.33638951052389210, 0.9905999999999665073 ) ) ;
#6252 = CARTESIAN_POINT ( 'NONE',  ( -8.159750000000000725, 15.49400000000000155, 0.000000000000000000 ) ) ;
#6253 = EDGE_CURVE ( 'NONE', #7391, #1978, #2508, .T. ) ;
#6254 = ORIENTED_EDGE ( 'NONE', *, *, #8074, .F. ) ;
#6255 = CARTESIAN_POINT ( 'NONE',  ( 13.97000000000000242, 13.96999999999999886, -0.9905999999999994809 ) ) ;
#6256 = VECTOR ( 'NONE', #6043, 1000.000000000000114 ) ;
#6257 = ORIENTED_EDGE ( 'NONE', *, *, #5956, .T. ) ;
#6258 = EDGE_CURVE ( 'NONE', #9236, #4643, #1797, .T. ) ;
#6259 = CARTESIAN_POINT ( 'NONE',  ( -3.079749999999999321, 13.53961048947610912, -0.9905999999999682837 ) ) ;
#6261 = DIRECTION ( 'NONE',  ( 0.000000000000000000, 0.000000000000000000, -1.000000000000000000 ) ) ;
#6260 = VECTOR ( 'NONE', #4756, 1000.000000000000000 ) ;
#6262 = CARTESIAN_POINT ( 'NONE',  ( -4.114800000000001567, 0.000000000000000000, -2.625089999999998369 ) ) ;
#6263 = SURFACE_STYLE_FILL_AREA ( #1058 ) ;
#6264 = ORIENTED_EDGE ( 'NONE', *, *, #5726, .F. ) ;
#6265 = LINE ( 'NONE', #7405, #357 ) ;
#6266 =( NAMED_UNIT ( * ) PLANE_ANGLE_UNIT ( ) SI_UNIT ( $, .RADIAN. ) );
#6267 = EDGE_CURVE ( 'NONE', #3834, #5134, #3276, .T. ) ;
#6268 = AXIS2_PLACEMENT_3D ( 'NONE', #2357, #3812, #3082 ) ;
#6269 = AXIS2_PLACEMENT_3D ( 'NONE', #7280, #7905, #676 ) ;
#6270 = CARTESIAN_POINT ( 'NONE',  ( 14.60500000000000043, 1.106182791009999500, -2.137382390414001687 ) ) ;
#6271 = EDGE_CURVE ( 'NONE', #4421, #3494, #1055, .T. ) ;
#6272 = DIRECTION ( 'NONE',  ( -1.000000000000000000, -0.000000000000000000, -0.000000000000000000 ) ) ;
#6273 = AXIS2_PLACEMENT_3D ( 'NONE', #4842, #7769, #3374 ) ;
#6274 = DIRECTION ( 'NONE',  ( 0.000000000000000000, 1.000000000000000000, 0.000000000000000000 ) ) ;
#6275 = DIRECTION ( 'NONE',  ( -0.000000000000000000, 1.000000000000000000, -0.000000000000000000 ) ) ;
#6276 = STYLED_ITEM ( 'NONE', ( #4779 ), #7610 ) ;
#6277 = CARTESIAN_POINT ( 'NONE',  ( 14.60500000000000043, 0.000000000000000000, 3.810000000000000941 ) ) ;
#6278 = EDGE_LOOP ( 'NONE', ( #6667, #2807, #625, #1827 ) ) ;
#6279 = CARTESIAN_POINT ( 'NONE',  ( 0.5397499999999986198, 13.53961048947610912, 0.9905999999999665073 ) ) ;
#6280 = VECTOR ( 'NONE', #1415, 1000.000000000000000 ) ;
#6281 = DIRECTION ( 'NONE',  ( -0.2567226118398023837, -0.9664851269265090083, 0.000000000000000000 ) ) ;
#6282 = STYLED_ITEM ( 'NONE', ( #4747 ), #1103 ) ;
#6283 = ORIENTED_EDGE ( 'NONE', *, *, #6418, .T. ) ;
#6284 = ORIENTED_EDGE ( 'NONE', *, *, #8275, .F. ) ;
#6285 = FACE_OUTER_BOUND ( 'NONE', #8500, .T. ) ;
#6286 = ORIENTED_EDGE ( 'NONE', *, *, #3112, .T. ) ;
#6287 = FACE_OUTER_BOUND ( 'NONE', #3790, .T. ) ;
#6288 = ORIENTED_EDGE ( 'NONE', *, *, #1890, .F. ) ;
#6289 = DIRECTION ( 'NONE',  ( 0.000000000000000000, -1.000000000000000000, 0.000000000000000000 ) ) ;
#6290 = ORIENTED_EDGE ( 'NONE', *, *, #7797, .T. ) ;
#6291 = EDGE_CURVE ( 'NONE', #3341, #363, #7168, .T. ) ;
#6292 =( NAMED_UNIT ( * ) PLANE_ANGLE_UNIT ( ) SI_UNIT ( $, .RADIAN. ) );
#6293 = FILL_AREA_STYLE_COLOUR ( '', #819 ) ;
#6294 = VERTEX_POINT ( 'NONE', #8085 ) ;
#6295 = CARTESIAN_POINT ( 'NONE',  ( 4.519612499999999145, 1.523999999999999355, -2.625089999999998369 ) ) ;
#6296 = CARTESIAN_POINT ( 'NONE',  ( -8.585200000000000387, -3.175000000000000711, -2.625089999999998369 ) ) ;
#6297 = ORIENTED_EDGE ( 'NONE', *, *, #8601, .F. ) ;
#6298 = DIRECTION ( 'NONE',  ( 0.000000000000000000, 1.000000000000000000, 0.000000000000000000 ) ) ;
#6299 = ORIENTED_EDGE ( 'NONE', *, *, #1060, .T. ) ;
#6300 = EDGE_CURVE ( 'NONE', #1216, #7702, #7988, .T. ) ;
#6301 = DIRECTION ( 'NONE',  ( -0.000000000000000000, 1.000000000000000000, -0.000000000000000000 ) ) ;
#6302 = ADVANCED_FACE ( 'NONE', ( #9517 ), #2103, .T. ) ;
#6303 = CARTESIAN_POINT ( 'NONE',  ( -16.00200000000000244, 6.604000000000000092, 3.048000000000002263 ) ) ;
#6304 = CARTESIAN_POINT ( 'NONE',  ( 12.69999999999999929, 1.523999999999999355, 0.000000000000000000 ) ) ;
#6305 = FILL_AREA_STYLE_COLOUR ( '', #7185 ) ;
#6306 = EDGE_LOOP ( 'NONE', ( #1372, #2075 ) ) ;
#6307 = CARTESIAN_POINT ( 'NONE',  ( 13.97000000000000242, 13.96999999999999886, -0.9905999999999994809 ) ) ;
#6308 = VECTOR ( 'NONE', #1738, 1000.000000000000000 ) ;
#6309 = LINE ( 'NONE', #9240, #1203 ) ;
#6310 = EDGE_CURVE ( 'NONE', #3389, #6910, #2197, .T. ) ;
#6311 = FACE_OUTER_BOUND ( 'NONE', #2930, .T. ) ;
#6312 = CARTESIAN_POINT ( 'NONE',  ( 6.654799999999995386, 1.523999999999999355, -2.226310000000000233 ) ) ;
#6313 = DIRECTION ( 'NONE',  ( 0.000000000000000000, -1.000000000000000000, 0.000000000000000000 ) ) ;
#6314 = DIRECTION ( 'NONE',  ( -1.000000000000000000, 0.000000000000000000, 0.000000000000000000 ) ) ;
#6315 = PLANE ( 'NONE',  #1662 ) ;
#6316 = ORIENTED_EDGE ( 'NONE', *, *, #532, .T. ) ;
#6317 = EDGE_CURVE ( 'NONE', #1294, #929, #9422, .T. ) ;
#6318 = DIRECTION ( 'NONE',  ( -1.000000000000000000, 0.000000000000000000, 0.000000000000000000 ) ) ;
#6319 = DIRECTION ( 'NONE',  ( 0.000000000000000000, 0.000000000000000000, -1.000000000000000000 ) ) ;
#6320 = ORIENTED_EDGE ( 'NONE', *, *, #7179, .T. ) ;
#6321 = COLOUR_RGB ( '',0.7921568627450980005, 0.8196078431372548767, 0.9333333333333333481 ) ;
#6323 = VERTEX_POINT ( 'NONE', #567 ) ;
#6322 = AXIS2_PLACEMENT_3D ( 'NONE', #7111, #9416, #512 ) ;
#6324 = FACE_OUTER_BOUND ( 'NONE', #2436, .T. ) ;
#6325 = VERTEX_POINT ( 'NONE', #659 ) ;
#6326 = EDGE_CURVE ( 'NONE', #5825, #3882, #6488, .T. ) ;
#6327 = ORIENTED_EDGE ( 'NONE', *, *, #1584, .F. ) ;
#6328 = CARTESIAN_POINT ( 'NONE',  ( -3.100387500000002738, 1.523999999999999355, -2.625089999999998369 ) ) ;
#6329 = ORIENTED_EDGE ( 'NONE', *, *, #3646, .T. ) ;
#6330 = CIRCLE ( 'NONE', #7572, 0.7619999999999987894 ) ;
#6331 = LINE ( 'NONE', #5624, #232 ) ;
#6332 = STYLED_ITEM ( 'NONE', ( #2435 ), #7701 ) ;
#6333 = ORIENTED_EDGE ( 'NONE', *, *, #8359, .T. ) ;
#6334 = AXIS2_PLACEMENT_3D ( 'NONE', #8617, #6594, #3707 ) ;
#6335 = LINE ( 'NONE', #4172, #9418 ) ;
#6336 = VERTEX_POINT ( 'NONE', #707 ) ;
#6337 = SURFACE_STYLE_USAGE ( .BOTH. , #3398 ) ;
#6338 = EDGE_LOOP ( 'NONE', ( #7220, #7646, #8048, #5713 ) ) ;
#6339 = VECTOR ( 'NONE', #2606, 1000.000000000000000 ) ;
#6340 = CARTESIAN_POINT ( 'NONE',  ( 6.045200000000000351, 0.000000000000000000, -2.625089999999998369 ) ) ;
#6341 = DIRECTION ( 'NONE',  ( 0.6996248298645898478, 0.000000000000000000, 0.7145103900132898644 ) ) ;
#6342 = CARTESIAN_POINT ( 'NONE',  ( 6.045200000000000351, 1.523999999999999355, 2.226310000000002010 ) ) ;
#6343 = DIRECTION ( 'NONE',  ( -1.000000000000000000, 0.000000000000000000, 0.000000000000000000 ) ) ;
#6344 = ADVANCED_FACE ( 'NONE', ( #9374 ), #9328, .T. ) ;
#6345 = CARTESIAN_POINT ( 'NONE',  ( 14.60500000000000043, 4.572000000000000064, 3.048000000000002263 ) ) ;
#6346 = AXIS2_PLACEMENT_3D ( 'NONE', #7256, #2867, #5153 ) ;
#6347 = ORIENTED_EDGE ( 'NONE', *, *, #5796, .F. ) ;
#6348 = STYLED_ITEM ( 'NONE', ( #7618 ), #2907 ) ;
#6349 = DIRECTION ( 'NONE',  ( -0.000000000000000000, -1.000000000000000000, -0.000000000000000000 ) ) ;
#6350 = ORIENTED_EDGE ( 'NONE', *, *, #4039, .T. ) ;
#6351 = SURFACE_STYLE_FILL_AREA ( #5597 ) ;
#6352 = ADVANCED_FACE ( 'NONE', ( #2923 ), #5724, .T. ) ;
#6353 = AXIS2_PLACEMENT_3D ( 'NONE', #8848, #2244, #4237 ) ;
#6354 = AXIS2_PLACEMENT_3D ( 'NONE', #4362, #5036, #495 ) ;
#6355 = PLANE ( 'NONE',  #790 ) ;
#6356 = LINE ( 'NONE', #6940, #4196 ) ;
#6357 = DIRECTION ( 'NONE',  ( 0.000000000000000000, 0.000000000000000000, -1.000000000000000000 ) ) ;
#6358 = DIRECTION ( 'NONE',  ( 1.000000000000000000, 0.000000000000000000, 0.000000000000000000 ) ) ;
#6359 = EDGE_CURVE ( 'NONE', #5595, #7927, #4242, .T. ) ;
#6360 = CARTESIAN_POINT ( 'NONE',  ( -12.70000000000000284, 1.523999999999999355, -1.540677576214998235 ) ) ;
#6361 = EDGE_CURVE ( 'NONE', #8610, #9002, #2057, .T. ) ;
#6362 = COLOUR_RGB ( '',0.7921568627450980005, 0.8196078431372548767, 0.9333333333333333481 ) ;
#6363 = ORIENTED_EDGE ( 'NONE', *, *, #9014, .F. ) ;
#6364 = PRESENTATION_LAYER_ASSIGNMENT (  '', '', ( #3920 ) ) ;
#6365 = DIRECTION ( 'NONE',  ( -1.000000000000000000, 0.000000000000000000, 0.000000000000000000 ) ) ;
#6366 = CARTESIAN_POINT ( 'NONE',  ( -1.574800000000001088, 0.000000000000000000, 2.625090000000000146 ) ) ;
#6367 = LINE ( 'NONE', #2710, #9441 ) ;
#6368 = ADVANCED_FACE ( 'NONE', ( #5013 ), #5108, .T. ) ;
#6369 = CIRCLE ( 'NONE', #2371, 0.7619999999999987894 ) ;
#6370 = FACE_OUTER_BOUND ( 'NONE', #5542, .T. ) ;
#6371 = ORIENTED_EDGE ( 'NONE', *, *, #9154, .F. ) ;
#6372 = EDGE_LOOP ( 'NONE', ( #2326, #4075, #2956, #891, #7017, #5859 ) ) ;
#6373 = DIRECTION ( 'NONE',  ( -0.2567226118398505674, 0.9664851269264961298, 0.000000000000000000 ) ) ;
#6374 = VERTEX_POINT ( 'NONE', #5821 ) ;
#6375 = VECTOR ( 'NONE', #6088, 1000.000000000000000 ) ;
#6376 = ORIENTED_EDGE ( 'NONE', *, *, #3698, .T. ) ;
#6377 = LINE ( 'NONE', #420, #9169 ) ;
#6378 = ORIENTED_EDGE ( 'NONE', *, *, #6141, .F. ) ;
#6379 = EDGE_CURVE ( 'NONE', #6294, #1860, #7264, .T. ) ;
#6380 = DIRECTION ( 'NONE',  ( 0.000000000000000000, 1.000000000000000000, 0.000000000000000000 ) ) ;
#6381 = AXIS2_PLACEMENT_3D ( 'NONE', #111, #8189, #6742 ) ;
#6382 = EDGE_CURVE ( 'NONE', #3542, #3258, #1490, .T. ) ;
#6383 = CLOSED_SHELL ( 'NONE', ( #4857, #1717, #7303, #5160 ) ) ;
#6384 = ORIENTED_EDGE ( 'NONE', *, *, #4654, .F. ) ;
#6385 =( NAMED_UNIT ( * ) PLANE_ANGLE_UNIT ( ) SI_UNIT ( $, .RADIAN. ) );
#6386 = DIRECTION ( 'NONE',  ( -0.000000000000000000, -0.000000000000000000, 1.000000000000000000 ) ) ;
#6387 = ORIENTED_EDGE ( 'NONE', *, *, #5834, .F. ) ;
#6388 = VERTEX_POINT ( 'NONE', #7117 ) ;
#6389 = FACE_OUTER_BOUND ( 'NONE', #3003, .T. ) ;
#6390 = DIRECTION ( 'NONE',  ( -0.7145103900132898644, 0.000000000000000000, 0.6996248298645898478 ) ) ;
#6391 = DIRECTION ( 'NONE',  ( -1.000000000000000000, 0.000000000000000000, 0.000000000000000000 ) ) ;
#6392 = FACE_OUTER_BOUND ( 'NONE', #7965, .T. ) ;
#6393 = DIRECTION ( 'NONE',  ( -1.000000000000000000, -0.000000000000000000, -0.000000000000000000 ) ) ;
#6394 = ORIENTED_EDGE ( 'NONE', *, *, #7216, .F. ) ;
#6395 = DIRECTION ( 'NONE',  ( 0.000000000000000000, 0.000000000000000000, -1.000000000000000000 ) ) ;
#6396 = AXIS2_PLACEMENT_3D ( 'NONE', #3388, #9361, #2586 ) ;
#6397 = ORIENTED_EDGE ( 'NONE', *, *, #6835, .F. ) ;
#6398 = FILL_AREA_STYLE_COLOUR ( '', #2479 ) ;
#6399 = LINE ( 'NONE', #5259, #4555 ) ;
#6400 = ADVANCED_FACE ( 'NONE', ( #2734 ), #8705, .T. ) ;
#6401 = AXIS2_PLACEMENT_3D ( 'NONE', #6642, #4307, #8864 ) ;
#6402 = CARTESIAN_POINT ( 'NONE',  ( -6.045200000000000351, -3.175000000000000711, 2.226310000000002010 ) ) ;
#6403 = CARTESIAN_POINT ( 'NONE',  ( -16.00200000000000244, 1.523999999999999355, -2.625089999999998369 ) ) ;
#6404 = CARTESIAN_POINT ( 'NONE',  ( 16.00199999999999889, 15.49400000000000155, 3.048000000000002263 ) ) ;
#6405 = DIRECTION ( 'NONE',  ( -1.000000000000000000, 0.000000000000000000, 0.000000000000000000 ) ) ;
#6406 = DIRECTION ( 'NONE',  ( 0.000000000000000000, 0.000000000000000000, -1.000000000000000000 ) ) ;
#6407 = AXIS2_PLACEMENT_3D ( 'NONE', #1548, #5935, #2787 ) ;
#6408 = ORIENTED_EDGE ( 'NONE', *, *, #8836, .T. ) ;
#6409 = DIRECTION ( 'NONE',  ( 0.000000000000000000, 0.000000000000000000, -1.000000000000000000 ) ) ;
#6410 = COLOUR_RGB ( '',0.7921568627450980005, 0.8196078431372548767, 0.9333333333333333481 ) ;
#6411 = DIRECTION ( 'NONE',  ( -0.000000000000000000, -0.000000000000000000, 1.000000000000000000 ) ) ;
#6412 = ADVANCED_FACE ( 'NONE', ( #3603 ), #2008, .T. ) ;
#6413 = ADVANCED_FACE ( 'NONE', ( #7885 ), #5402, .T. ) ;
#6414 = LINE ( 'NONE', #4263, #991 ) ;
#6415 = MECHANICAL_DESIGN_GEOMETRIC_PRESENTATION_REPRESENTATION (  '', ( #1824 ), #6130 ) ;
#6416 = DIRECTION ( 'NONE',  ( -1.000000000000000000, 0.000000000000000000, 0.000000000000000000 ) ) ;
#6417 = FACE_OUTER_BOUND ( 'NONE', #7174, .T. ) ;
#6418 = EDGE_CURVE ( 'NONE', #1331, #7005, #8279, .T. ) ;
#6419 = ORIENTED_EDGE ( 'NONE', *, *, #8181, .T. ) ;
#6420 = CARTESIAN_POINT ( 'NONE',  ( -7.080250000000003041, 11.93800000000000061, 2.438400000000000123 ) ) ;
#6421 = ORIENTED_EDGE ( 'NONE', *, *, #5836, .F. ) ;
#6422 = PLANE ( 'NONE',  #9401 ) ;
#6423 = ORIENTED_EDGE ( 'NONE', *, *, #8195, .F. ) ;
#6424 = AXIS2_PLACEMENT_3D ( 'NONE', #5924, #6539, #9474 ) ;
#6425 = MECHANICAL_DESIGN_GEOMETRIC_PRESENTATION_REPRESENTATION (  '', ( #5220 ), #3983 ) ;
#6426 = VERTEX_POINT ( 'NONE', #8132 ) ;
#6427 = LINE ( 'NONE', #1951, #9471 ) ;
#6428 = EDGE_LOOP ( 'NONE', ( #9369, #5631 ) ) ;
#6429 = EDGE_CURVE ( 'NONE', #2967, #7922, #7453, .T. ) ;
#6430 = DIRECTION ( 'NONE',  ( 0.000000000000000000, 1.000000000000000000, 0.000000000000000000 ) ) ;
#6431 = ORIENTED_EDGE ( 'NONE', *, *, #3833, .F. ) ;
#6432 =( NAMED_UNIT ( * ) SI_UNIT ( $, .STERADIAN. ) SOLID_ANGLE_UNIT ( ) );
#6433 = ORIENTED_EDGE ( 'NONE', *, *, #4013, .T. ) ;
#6434 = DIRECTION ( 'NONE',  ( -0.000000000000000000, 1.000000000000000000, -0.000000000000000000 ) ) ;
#6435 = EDGE_LOOP ( 'NONE', ( #776, #4323, #1517, #4995 ) ) ;
#6436 = EDGE_LOOP ( 'NONE', ( #9172, #791, #583, #9231 ) ) ;
#6437 = EDGE_CURVE ( 'NONE', #8381, #6553, #5922, .T. ) ;
#6438 = DIRECTION ( 'NONE',  ( -0.2567226118398510670, 0.9664851269264960187, 0.000000000000000000 ) ) ;
#6439 = DIRECTION ( 'NONE',  ( -0.000000000000000000, 1.000000000000000000, -0.000000000000000000 ) ) ;
#6440 = DIRECTION ( 'NONE',  ( 0.000000000000000000, 1.000000000000000000, 0.000000000000000000 ) ) ;
#6441 = CARTESIAN_POINT ( 'NONE',  ( 8.180387499999996592, 1.523999999999999355, 2.226309999999998901 ) ) ;
#6442 = DIRECTION ( 'NONE',  ( -0.8373790012341580935, 0.000000000000000000, -0.5466227293957726108 ) ) ;
#6443 = ORIENTED_EDGE ( 'NONE', *, *, #2760, .T. ) ;
#6444 = LINE ( 'NONE', #1446, #5731 ) ;
#6445 = ORIENTED_EDGE ( 'NONE', *, *, #8899, .T. ) ;
#6446 = DIRECTION ( 'NONE',  ( 0.000000000000000000, 0.000000000000000000, -1.000000000000000000 ) ) ;
#6447 = CARTESIAN_POINT ( 'NONE',  ( 13.97000000000000064, 15.49400000000000155, -0.9905999999999994809 ) ) ;
#6448 = CARTESIAN_POINT ( 'NONE',  ( -13.97000000000000242, 8.001000000000001222, 0.9906000000000012573 ) ) ;
#6449 = CARTESIAN_POINT ( 'NONE',  ( 11.12520000000000131, 1.523999999999999355, -2.625089999999998369 ) ) ;
#6450 = CARTESIAN_POINT ( 'NONE',  ( -11.45540000000000447, 1.523999999999999355, 1.092200000000001392 ) ) ;
#6451 = CARTESIAN_POINT ( 'NONE',  ( -11.36226667676000446, 1.397000000000000686, -1.200285093497998057 ) ) ;
#6452 = ADVANCED_FACE ( 'NONE', ( #6681 ), #2974, .T. ) ;
#6453 = VERTEX_POINT ( 'NONE', #2247 ) ;
#6454 = DIRECTION ( 'NONE',  ( 1.000000000000000000, 0.000000000000000000, 0.000000000000000000 ) ) ;
#6455 = FACE_OUTER_BOUND ( 'NONE', #3483, .T. ) ;
#6456 = CARTESIAN_POINT ( 'NONE',  ( 0.9651999999999993918, 0.000000000000000000, -2.625089999999998369 ) ) ;
#6457 = CARTESIAN_POINT ( 'NONE',  ( -11.78560000000000052, 1.523999999999999355, -2.000114891362000602 ) ) ;
#6458 = PLANE ( 'NONE',  #4342 ) ;
#6459 = UNCERTAINTY_MEASURE_WITH_UNIT (LENGTH_MEASURE( 1.000000000000000082E-05 ), #4345, 'distance_accuracy_value', 'NONE');
#6460 = ORIENTED_EDGE ( 'NONE', *, *, #7846, .T. ) ;
#6461 = LINE ( 'NONE', #2593, #4900 ) ;
#6462 = ORIENTED_EDGE ( 'NONE', *, *, #4137, .F. ) ;
#6463 = ADVANCED_FACE ( 'NONE', ( #7503 ), #6060, .T. ) ;
#6464 = DIRECTION ( 'NONE',  ( -1.000000000000000000, 0.000000000000000000, 0.000000000000000000 ) ) ;
#6465 = ORIENTED_EDGE ( 'NONE', *, *, #5854, .F. ) ;
#6466 = VERTEX_POINT ( 'NONE', #1534 ) ;
#6467 = CARTESIAN_POINT ( 'NONE',  ( -8.180387499999969947, 1.523999999999994026, 2.625090000000000146 ) ) ;
#6468 = ORIENTED_EDGE ( 'NONE', *, *, #3711, .T. ) ;
#6469 = ADVANCED_FACE ( 'NONE', ( #8941 ), #2292, .T. ) ;
#6470 =( LENGTH_UNIT ( ) NAMED_UNIT ( * ) SI_UNIT ( .MILLI., .METRE. ) );
#6471 = VECTOR ( 'NONE', #5970, 1000.000000000000000 ) ;
#6472 =( GEOMETRIC_REPRESENTATION_CONTEXT ( 3 ) GLOBAL_UNCERTAINTY_ASSIGNED_CONTEXT ( ( #9256 ) ) GLOBAL_UNIT_ASSIGNED_CONTEXT ( ( #2400, #5361, #1337 ) ) REPRESENTATION_CONTEXT ( 'NONE', 'WORKASPACE' ) );
#6473 = ORIENTED_EDGE ( 'NONE', *, *, #6156, .T. ) ;
#6474 = DIRECTION ( 'NONE',  ( -0.2567226118398023837, -0.9664851269265090083, 0.000000000000000000 ) ) ;
#6475 = EDGE_CURVE ( 'NONE', #3634, #224, #8323, .T. ) ;
#6476 = EDGE_LOOP ( 'NONE', ( #6506, #1472, #4997, #3487 ) ) ;
#6477 = EDGE_CURVE ( 'NONE', #924, #8522, #4445, .T. ) ;
#6478 = LINE ( 'NONE', #8744, #506 ) ;
#6479 = AXIS2_PLACEMENT_3D ( 'NONE', #5751, #3579, #8729 ) ;
#6480 = AXIS2_PLACEMENT_3D ( 'NONE', #4874, #7796, #7753 ) ;
#6481 = EDGE_LOOP ( 'NONE', ( #3473, #9035, #688, #1183 ) ) ;
#6482 = PLANE ( 'NONE',  #2320 ) ;
#6483 = EDGE_LOOP ( 'NONE', ( #1819, #1016, #3094, #5333, #2503, #7842, #1050, #8168, #886, #287, #2572, #6957, #2670, #4948, #1638, #2372, #7777, #4095, #1278, #948, #2097, #7889, #375, #1034, #3751, #4825, #6146, #5257 ) ) ;
#6484 = CARTESIAN_POINT ( 'NONE',  ( -2.000250000000002082, 11.93800000000000061, -2.438400000000001899 ) ) ;
#6485 = DIRECTION ( 'NONE',  ( 0.000000000000000000, -1.000000000000000000, 0.000000000000000000 ) ) ;
#6486 = SURFACE_SIDE_STYLE ('',( #5106 ) ) ;
#6487 = AXIS2_PLACEMENT_3D ( 'NONE', #4940, #2758, #8061 ) ;
#6488 = LINE ( 'NONE', #7311, #3553 ) ;
#6489 = VECTOR ( 'NONE', #6440, 1000.000000000000000 ) ;
#6490 = ORIENTED_EDGE ( 'NONE', *, *, #377, .F. ) ;
#6491 = DIRECTION ( 'NONE',  ( -0.2567226118398958090, 0.9664851269264842504, 0.000000000000000000 ) ) ;
#6492 = VECTOR ( 'NONE', #3954, 1000.000000000000000 ) ;
#6493 = ORIENTED_EDGE ( 'NONE', *, *, #933, .F. ) ;
#6494 = DIRECTION ( 'NONE',  ( 0.000000000000000000, -1.000000000000000000, 0.000000000000000000 ) ) ;
#6495 = CARTESIAN_POINT ( 'NONE',  ( -9.194800000000002527, 0.000000000000000000, 2.625090000000000146 ) ) ;
#6496 = AXIS2_PLACEMENT_3D ( 'NONE', #6741, #160, #2304 ) ;
#6497 = ADVANCED_FACE ( 'NONE', ( #849 ), #7399, .T. ) ;
#6498 = FACE_OUTER_BOUND ( 'NONE', #1569, .T. ) ;
#6499 = VECTOR ( 'NONE', #6619, 1000.000000000000000 ) ;
#6500 = LINE ( 'NONE', #8669, #4045 ) ;
#6501 = MECHANICAL_DESIGN_GEOMETRIC_PRESENTATION_REPRESENTATION (  '', ( #6348 ), #8812 ) ;
#6502 = LINE ( 'NONE', #6449, #3938 ) ;
#6503 = DIRECTION ( 'NONE',  ( 0.000000000000000000, 1.000000000000000000, 0.000000000000000000 ) ) ;
#6504 = EDGE_CURVE ( 'NONE', #4813, #4341, #3068, .T. ) ;
#6505 = LINE ( 'NONE', #4978, #2919 ) ;
#6506 = ORIENTED_EDGE ( 'NONE', *, *, #8642, .F. ) ;
#6507 = DIRECTION ( 'NONE',  ( -0.2567226118398958090, 0.9664851269264842504, 0.000000000000000000 ) ) ;
#6508 = PRESENTATION_LAYER_ASSIGNMENT (  '', '', ( #9272 ) ) ;
#6509 = PLANE ( 'NONE',  #1921 ) ;
#6510 =( GEOMETRIC_REPRESENTATION_CONTEXT ( 3 ) GLOBAL_UNCERTAINTY_ASSIGNED_CONTEXT ( ( #5038 ) ) GLOBAL_UNIT_ASSIGNED_CONTEXT ( ( #98, #5864, #3843 ) ) REPRESENTATION_CONTEXT ( 'NONE', 'WORKASPACE' ) );
#6511 = CARTESIAN_POINT ( 'NONE',  ( -13.84300000000000175, 0.000000000000000000, -3.810000000000002718 ) ) ;
#6512 = PLANE ( 'NONE',  #1335 ) ;
#6513 = ORIENTED_EDGE ( 'NONE', *, *, #7952, .F. ) ;
#6514 = CARTESIAN_POINT ( 'NONE',  ( -3.505199999999999871, 1.523999999999999355, -2.226310000000000233 ) ) ;
#6515 = PRESENTATION_LAYER_ASSIGNMENT (  '', '', ( #2364 ) ) ;
#6516 = ORIENTED_EDGE ( 'NONE', *, *, #6652, .T. ) ;
#6517 = FACE_OUTER_BOUND ( 'NONE', #1435, .T. ) ;
#6518 = ORIENTED_EDGE ( 'NONE', *, *, #2474, .F. ) ;
#6519 = ORIENTED_EDGE ( 'NONE', *, *, #7664, .F. ) ;
#6520 = DIRECTION ( 'NONE',  ( -0.000000000000000000, -0.000000000000000000, 1.000000000000000000 ) ) ;
#6521 = VERTEX_POINT ( 'NONE', #798 ) ;
#6522 = VECTOR ( 'NONE', #3378, 1000.000000000000000 ) ;
#6523 = VECTOR ( 'NONE', #1462, 1000.000000000000000 ) ;
#6524 = EDGE_CURVE ( 'NONE', #9503, #7320, #4538, .T. ) ;
#6525 = ORIENTED_EDGE ( 'NONE', *, *, #3217, .T. ) ;
#6526 = ORIENTED_EDGE ( 'NONE', *, *, #6773, .F. ) ;
#6527 = VECTOR ( 'NONE', #6648, 999.9999999999998863 ) ;
#6528 = CARTESIAN_POINT ( 'NONE',  ( 5.640387499999996557, 1.523999999999999355, 2.625090000000000146 ) ) ;
#6529 = ORIENTED_EDGE ( 'NONE', *, *, #4375, .F. ) ;
#6530 = CARTESIAN_POINT ( 'NONE',  ( -1.574800000000001088, -3.175000000000000711, -2.625089999999998369 ) ) ;
#6531 = ORIENTED_EDGE ( 'NONE', *, *, #1982, .T. ) ;
#6532 = DIRECTION ( 'NONE',  ( -1.000000000000000000, 0.000000000000000000, 0.000000000000000000 ) ) ;
#6533 = CARTESIAN_POINT ( 'NONE',  ( 14.60500000000000043, 0.8890000000000009006, -1.540677576214998235 ) ) ;
#6534 = AXIS2_PLACEMENT_3D ( 'NONE', #4151, #3565, #4253 ) ;
#6535 = ADVANCED_FACE ( 'NONE', ( #7359 ), #752, .T. ) ;
#6536 = CLOSED_SHELL ( 'NONE', ( #1225, #715, #6710, #1715 ) ) ;
#6537 = EDGE_CURVE ( 'NONE', #6686, #1231, #1632, .T. ) ;
#6538 = CARTESIAN_POINT ( 'NONE',  ( 9.194800000000002527, 1.523999999999999355, -2.625089999999998369 ) ) ;
#6539 = DIRECTION ( 'NONE',  ( 0.000000000000000000, -1.000000000000000000, 0.000000000000000000 ) ) ;
#6540 = FILL_AREA_STYLE_COLOUR ( '', #8874 ) ;
#6541 = EDGE_CURVE ( 'NONE', #4745, #4813, #3022, .T. ) ;
#6542 = ORIENTED_EDGE ( 'NONE', *, *, #4887, .F. ) ;
#6543 = DIRECTION ( 'NONE',  ( 0.000000000000000000, 1.000000000000000000, 0.000000000000000000 ) ) ;
#6544 = VERTEX_POINT ( 'NONE', #3166 ) ;
#6545 = EDGE_CURVE ( 'NONE', #6162, #1837, #6111, .T. ) ;
#6546 = CARTESIAN_POINT ( 'NONE',  ( 3.079749999999999321, 10.33638951052389210, -0.9905999999999682837 ) ) ;
#6547 = DIRECTION ( 'NONE',  ( 0.000000000000000000, 0.000000000000000000, -1.000000000000000000 ) ) ;
#6548 = CARTESIAN_POINT ( 'NONE',  ( -0.5397500000000055032, 15.49400000000000155, -0.9905999999999994809 ) ) ;
#6549 = VECTOR ( 'NONE', #8125, 1000.000000000000114 ) ;
#6550 = CYLINDRICAL_SURFACE ( 'NONE', #1622, 0.7620000000000005658 ) ;
#6551 = LINE ( 'NONE', #579, #1185 ) ;
#6552 = CARTESIAN_POINT ( 'NONE',  ( 14.60500000000000043, 0.000000000000000000, -2.540000000000002256 ) ) ;
#6553 = VERTEX_POINT ( 'NONE', #9139 ) ;
#6554 = DIRECTION ( 'NONE',  ( -1.000000000000000000, 0.000000000000000000, 0.000000000000000000 ) ) ;
#6555 = LINE ( 'NONE', #2217, #4229 ) ;
#6556 = VECTOR ( 'NONE', #6446, 1000.000000000000000 ) ;
#6557 = EDGE_CURVE ( 'NONE', #7927, #5637, #6022, .T. ) ;
#6558 = CARTESIAN_POINT ( 'NONE',  ( -1.574800000000001088, 0.000000000000000000, -2.625089999999998369 ) ) ;
#6559 = DIRECTION ( 'NONE',  ( -0.000000000000000000, -1.000000000000000000, -0.000000000000000000 ) ) ;
#6560 = DIRECTION ( 'NONE',  ( 0.000000000000000000, 1.000000000000000000, 0.000000000000000000 ) ) ;
#6561 = AXIS2_PLACEMENT_3D ( 'NONE', #1704, #5476, #319 ) ;
#6562 = VERTEX_POINT ( 'NONE', #5700 ) ;
#6563 = LINE ( 'NONE', #6514, #5577 ) ;
#6564 = ORIENTED_EDGE ( 'NONE', *, *, #1631, .F. ) ;
#6565 = CARTESIAN_POINT ( 'NONE',  ( -16.00200000000000244, 6.604000000000000092, 3.911600000000001298 ) ) ;
#6566 = PRESENTATION_LAYER_ASSIGNMENT (  '', '', ( #9486 ) ) ;
#6567 = ORIENTED_EDGE ( 'NONE', *, *, #8476, .T. ) ;
#6568 = VERTEX_POINT ( 'NONE', #8425 ) ;
#6569 = FACE_OUTER_BOUND ( 'NONE', #5016, .T. ) ;
#6570 = VECTOR ( 'NONE', #260, 1000.000000000000000 ) ;
#6571 = LINE ( 'NONE', #2910, #5313 ) ;
#6572 = VERTEX_POINT ( 'NONE', #2711 ) ;
#6573 = SURFACE_SIDE_STYLE ('',( #8598 ) ) ;
#6574 = AXIS2_PLACEMENT_3D ( 'NONE', #5544, #4732, #8509 ) ;
#6575 = ORIENTED_EDGE ( 'NONE', *, *, #2812, .T. ) ;
#6576 = CARTESIAN_POINT ( 'NONE',  ( -11.02359999999973716, 1.397000000000000686, -1.373221303654062808 ) ) ;
#6577 = ADVANCED_FACE ( 'NONE', ( #1729 ), #6458, .T. ) ;
#6578 = ORIENTED_EDGE ( 'NONE', *, *, #8772, .F. ) ;
#6579 = ORIENTED_EDGE ( 'NONE', *, *, #6820, .T. ) ;
#6580 = LINE ( 'NONE', #845, #126 ) ;
#6581 = DIRECTION ( 'NONE',  ( 1.000000000000000000, 0.000000000000000000, 0.000000000000000000 ) ) ;
#6582 = DIRECTION ( 'NONE',  ( 0.000000000000000000, -1.000000000000000000, 0.000000000000000000 ) ) ;
#6583 = CARTESIAN_POINT ( 'NONE',  ( -12.70000000000000284, 1.523999999999999355, -1.540677576214998235 ) ) ;
#6584 = DIRECTION ( 'NONE',  ( -1.000000000000000000, -0.000000000000000000, -0.000000000000000000 ) ) ;
#6585 = ORIENTED_EDGE ( 'NONE', *, *, #7913, .F. ) ;
#6586 = DIRECTION ( 'NONE',  ( -1.000000000000000000, 0.000000000000000000, 0.000000000000000000 ) ) ;
#6587 = EDGE_CURVE ( 'NONE', #2224, #6553, #4776, .T. ) ;
#6588 = ORIENTED_EDGE ( 'NONE', *, *, #8005, .F. ) ;
#6589 = FILL_AREA_STYLE ('',( #8138 ) ) ;
#6590 = ORIENTED_EDGE ( 'NONE', *, *, #3861, .F. ) ;
#6591 = DIRECTION ( 'NONE',  ( 0.000000000000000000, 1.000000000000000000, 0.000000000000000000 ) ) ;
#6592 = ADVANCED_FACE ( 'NONE', ( #4266 ), #4041, .T. ) ;
#6593 = DIRECTION ( 'NONE',  ( -1.000000000000000000, 0.000000000000000000, -0.000000000000000000 ) ) ;
#6594 = DIRECTION ( 'NONE',  ( -0.9664851269264842504, -0.2567226118398958090, 0.000000000000000000 ) ) ;
#6595 = SURFACE_STYLE_FILL_AREA ( #4409 ) ;
#6596 = DIRECTION ( 'NONE',  ( 0.000000000000000000, 0.9396926207858973257, -0.3420201433256990220 ) ) ;
#6597 = CARTESIAN_POINT ( 'NONE',  ( 6.045200000000000351, -3.175000000000000711, -2.226310000000000233 ) ) ;
#6598 = EDGE_CURVE ( 'NONE', #3587, #6069, #6920, .T. ) ;
#6599 = EDGE_CURVE ( 'NONE', #8858, #5814, #7195, .T. ) ;
#6600 = DIRECTION ( 'NONE',  ( -0.9664851269264842504, -0.2567226118398958090, 0.000000000000000000 ) ) ;
#6601 = DIRECTION ( 'NONE',  ( -0.000000000000000000, -0.000000000000000000, 1.000000000000000000 ) ) ;
#6602 = DIRECTION ( 'NONE',  ( 0.000000000000000000, -1.000000000000000000, 0.000000000000000000 ) ) ;
#6603 = LINE ( 'NONE', #1370, #282 ) ;
#6604 = EDGE_LOOP ( 'NONE', ( #7971, #4766 ) ) ;
#6605 = DIRECTION ( 'NONE',  ( -1.000000000000000000, 0.000000000000000000, 0.000000000000000000 ) ) ;
#6606 = EDGE_LOOP ( 'NONE', ( #2236, #5851, #6063, #3905 ) ) ;
#6607 = DIRECTION ( 'NONE',  ( 0.000000000000000000, -1.000000000000000000, 0.000000000000000000 ) ) ;
#6608 = VECTOR ( 'NONE', #7523, 1000.000000000000114 ) ;
#6609 = VERTEX_POINT ( 'NONE', #2753 ) ;
#6610 = ORIENTED_EDGE ( 'NONE', *, *, #3650, .F. ) ;
#6611 = DIRECTION ( 'NONE',  ( -1.000000000000000000, 0.000000000000000000, 0.000000000000000000 ) ) ;
#6612 = DIRECTION ( 'NONE',  ( -0.5466227293957726108, 0.000000000000000000, 0.8373790012341580935 ) ) ;
#6613 = VECTOR ( 'NONE', #748, 1000.000000000000000 ) ;
#6614 = ORIENTED_EDGE ( 'NONE', *, *, #7313, .F. ) ;
#6615 = VERTEX_POINT ( 'NONE', #5452 ) ;
#6616 = CARTESIAN_POINT ( 'NONE',  ( -11.73480000000000345, 0.000000000000000000, -2.625089999999998369 ) ) ;
#6617 = ADVANCED_FACE ( 'NONE', ( #6370 ), #1265, .T. ) ;
#6618 = ORIENTED_EDGE ( 'NONE', *, *, #7884, .F. ) ;
#6619 = DIRECTION ( 'NONE',  ( 0.000000000000000000, 0.000000000000000000, -1.000000000000000000 ) ) ;
#6620 = ORIENTED_EDGE ( 'NONE', *, *, #5839, .T. ) ;
#6621 = FACE_OUTER_BOUND ( 'NONE', #3986, .T. ) ;
#6622 = ORIENTED_EDGE ( 'NONE', *, *, #2529, .T. ) ;
#6623 = DIRECTION ( 'NONE',  ( -1.000000000000000000, 0.000000000000000000, 0.000000000000000000 ) ) ;
#6624 = VECTOR ( 'NONE', #7075, 1000.000000000000000 ) ;
#6625 = LINE ( 'NONE', #8028, #4211 ) ;
#6626 = PRESENTATION_STYLE_ASSIGNMENT (( #2289 ) ) ;
#6627 = DIRECTION ( 'NONE',  ( 0.000000000000000000, 0.000000000000000000, -1.000000000000000000 ) ) ;
#6628 = CARTESIAN_POINT ( 'NONE',  ( -14.60500000000000043, 0.000000000000000000, 3.810000000000000941 ) ) ;
#6629 =( LENGTH_UNIT ( ) NAMED_UNIT ( * ) SI_UNIT ( .MILLI., .METRE. ) );
#6630 = VERTEX_POINT ( 'NONE', #1045 ) ;
#6631 = VECTOR ( 'NONE', #5063, 1000.000000000000000 ) ;
#6632 = CARTESIAN_POINT ( 'NONE',  ( -1.574800000000001088, 0.000000000000000000, -2.625089999999998369 ) ) ;
#6633 = ORIENTED_EDGE ( 'NONE', *, *, #4069, .T. ) ;
#6634 = CARTESIAN_POINT ( 'NONE',  ( -11.19293335352002750, 1.523999999999999355, -1.265136149597069215 ) ) ;
#6635 = VECTOR ( 'NONE', #2805, 1000.000000000000000 ) ;
#6636 = DIRECTION ( 'NONE',  ( -1.000000000000000000, 0.000000000000000000, 0.000000000000000000 ) ) ;
#6637 = VECTOR ( 'NONE', #5279, 1000.000000000000000 ) ;
#6638 = VECTOR ( 'NONE', #2840, 1000.000000000000000 ) ;
#6639 = FACE_OUTER_BOUND ( 'NONE', #5972, .T. ) ;
#6640 = ADVANCED_FACE ( 'NONE', ( #1782 ), #6157, .T. ) ;
#6641 = PLANE ( 'NONE',  #6851 ) ;
#6642 = CARTESIAN_POINT ( 'NONE',  ( -12.70000000000000284, 1.523999999999999355, -1.540677576214998235 ) ) ;
#6643 = VECTOR ( 'NONE', #2883, 1000.000000000000000 ) ;
#6644 = LINE ( 'NONE', #2990, #1191 ) ;
#6645 = ADVANCED_FACE ( 'NONE', ( #6417 ), #4987, .T. ) ;
#6646 = VECTOR ( 'NONE', #3139, 1000.000000000000000 ) ;
#6647 = CARTESIAN_POINT ( 'NONE',  ( -11.34110000000004170, 1.397000000000000686, -1.092200000000232318 ) ) ;
#6648 = DIRECTION ( 'NONE',  ( 0.2567226118398958090, -0.9664851269264842504, -0.000000000000000000 ) ) ;
#6649 = VECTOR ( 'NONE', #5959, 1000.000000000000000 ) ;
#6650 = CARTESIAN_POINT ( 'NONE',  ( 8.585200000000000387, -3.175000000000000711, -2.625089999999998369 ) ) ;
#6651 = EDGE_CURVE ( 'NONE', #6917, #929, #337, .T. ) ;
#6652 = EDGE_CURVE ( 'NONE', #298, #4569, #7911, .T. ) ;
#6653 = LINE ( 'NONE', #5892, #6994 ) ;
#6654 = DIRECTION ( 'NONE',  ( -1.000000000000000000, 0.000000000000000000, 0.000000000000000000 ) ) ;
#6655 = DIRECTION ( 'NONE',  ( 0.000000000000000000, 0.000000000000000000, -1.000000000000000000 ) ) ;
#6656 = ORIENTED_EDGE ( 'NONE', *, *, #2169, .F. ) ;
#6657 = LINE ( 'NONE', #4700, #4050 ) ;
#6658 = VECTOR ( 'NONE', #3114, 999.9999999999998863 ) ;
#6659 = EDGE_CURVE ( 'NONE', #5291, #7902, #8584, .T. ) ;
#6660 = VERTEX_POINT ( 'NONE', #8629 ) ;
#6661 =( GEOMETRIC_REPRESENTATION_CONTEXT ( 3 ) GLOBAL_UNCERTAINTY_ASSIGNED_CONTEXT ( ( #496 ) ) GLOBAL_UNIT_ASSIGNED_CONTEXT ( ( #43, #7357, #847 ) ) REPRESENTATION_CONTEXT ( 'NONE', 'WORKASPACE' ) );
#6662 = ORIENTED_EDGE ( 'NONE', *, *, #4346, .F. ) ;
#6663 = LINE ( 'NONE', #1423, #7474 ) ;
#6664 = EDGE_CURVE ( 'NONE', #6336, #4597, #1318, .T. ) ;
#6665 = FILL_AREA_STYLE ('',( #1425 ) ) ;
#6666 = AXIS2_PLACEMENT_3D ( 'NONE', #7787, #4126, #7054 ) ;
#6667 = ORIENTED_EDGE ( 'NONE', *, *, #5710, .T. ) ;
#6668 = VERTEX_POINT ( 'NONE', #7144 ) ;
#6669 = PLANE ( 'NONE',  #2646 ) ;
#6670 = ORIENTED_EDGE ( 'NONE', *, *, #1492, .F. ) ;
#6671 = CARTESIAN_POINT ( 'NONE',  ( -6.654800000000002491, 0.000000000000000000, -2.625089999999998369 ) ) ;
#6672 = EDGE_CURVE ( 'NONE', #6294, #8892, #3526, .T. ) ;
#6673 = AXIS2_PLACEMENT_3D ( 'NONE', #8492, #2661, #448 ) ;
#6674 = VERTEX_POINT ( 'NONE', #6205 ) ;
#6675 = AXIS2_PLACEMENT_3D ( 'NONE', #7089, #7856, #9214 ) ;
#6676 = DIRECTION ( 'NONE',  ( 0.000000000000000000, 0.000000000000000000, -1.000000000000000000 ) ) ;
#6677 = ORIENTED_EDGE ( 'NONE', *, *, #7868, .F. ) ;
#6678 = CARTESIAN_POINT ( 'NONE',  ( 15.24000000000000021, 15.49400000000000155, 3.911600000000001298 ) ) ;
#6679 = DIRECTION ( 'NONE',  ( 0.000000000000000000, 0.000000000000000000, -1.000000000000000000 ) ) ;
#6680 = EDGE_CURVE ( 'NONE', #945, #6668, #2541, .T. ) ;
#6681 = FACE_OUTER_BOUND ( 'NONE', #7349, .T. ) ;
#6682 = AXIS2_PLACEMENT_3D ( 'NONE', #7331, #726, #772 ) ;
#6683 = AXIS2_PLACEMENT_3D ( 'NONE', #1020, #168, #4704 ) ;
#6684 = LINE ( 'NONE', #8133, #2119 ) ;
#6685 = PRESENTATION_STYLE_ASSIGNMENT (( #3119 ) ) ;
#6686 = VERTEX_POINT ( 'NONE', #9449 ) ;
#6687 = CARTESIAN_POINT ( 'NONE',  ( -9.620250000000003965, 10.33638951052389210, -0.9905999999999682837 ) ) ;
#6688 = EDGE_LOOP ( 'NONE', ( #9457, #6723, #4999, #4453 ) ) ;
#6689 = SURFACE_STYLE_FILL_AREA ( #6589 ) ;
#6690 = VECTOR ( 'NONE', #1641, 1000.000000000000000 ) ;
#6691 = ORIENTED_EDGE ( 'NONE', *, *, #2141, .F. ) ;
#6692 = VECTOR ( 'NONE', #3202, 1000.000000000000000 ) ;
#6693 = CARTESIAN_POINT ( 'NONE',  ( -8.585200000000000387, -3.175000000000000711, -2.625089999999998369 ) ) ;
#6694 = CARTESIAN_POINT ( 'NONE',  ( -11.25643335352000207, 1.523999999999999355, -1.221902112197999601 ) ) ;
#6695 = DIRECTION ( 'NONE',  ( 0.000000000000000000, 1.000000000000000000, 0.000000000000000000 ) ) ;
#6696 = DIRECTION ( 'NONE',  ( -0.2567226118398023837, 0.9664851269265090083, 0.000000000000000000 ) ) ;
#6697 = CARTESIAN_POINT ( 'NONE',  ( 4.114800000000001567, 1.523999999999999355, -2.226310000000000233 ) ) ;
#6698 = DIRECTION ( 'NONE',  ( -0.9797707055361106754, 0.000000000000000000, 0.2001233733807021575 ) ) ;
#6699 =( NAMED_UNIT ( * ) SI_UNIT ( $, .STERADIAN. ) SOLID_ANGLE_UNIT ( ) );
#6700 = EDGE_CURVE ( 'NONE', #5386, #5857, #2999, .T. ) ;
#6701 = PLANE ( 'NONE',  #7152 ) ;
#6702 = PLANE ( 'NONE',  #527 ) ;
#6703 = FILL_AREA_STYLE_COLOUR ( '', #8372 ) ;
#6704 = FACE_OUTER_BOUND ( 'NONE', #2536, .T. ) ;
#6705 = DIRECTION ( 'NONE',  ( 0.000000000000000000, 0.000000000000000000, -1.000000000000000000 ) ) ;
#6706 = CARTESIAN_POINT ( 'NONE',  ( 0.9651999999999993918, 1.523999999999999355, 2.226310000000002010 ) ) ;
#6707 = ORIENTED_EDGE ( 'NONE', *, *, #9423, .F. ) ;
#6708 = ORIENTED_EDGE ( 'NONE', *, *, #5525, .F. ) ;
#6709 = VECTOR ( 'NONE', #4676, 1000.000000000000000 ) ;
#6710 = ADVANCED_FACE ( 'NONE', ( #1467 ), #4418, .T. ) ;
#6711 = EDGE_CURVE ( 'NONE', #2279, #5576, #8152, .T. ) ;
#6712 = EDGE_LOOP ( 'NONE', ( #1537, #4920, #2692, #1934 ) ) ;
#6713 = DIRECTION ( 'NONE',  ( -1.000000000000000000, 0.000000000000000000, 0.000000000000000000 ) ) ;
#6714 = CYLINDRICAL_SURFACE ( 'NONE', #7289, 2.158999999999999364 ) ;
#6715 = EDGE_CURVE ( 'NONE', #551, #8166, #682, .T. ) ;
#6716 = AXIS2_PLACEMENT_3D ( 'NONE', #7630, #273, #3143 ) ;
#6717 = ORIENTED_EDGE ( 'NONE', *, *, #609, .T. ) ;
#6718 = ORIENTED_EDGE ( 'NONE', *, *, #5968, .F. ) ;
#6719 =( NAMED_UNIT ( * ) SI_UNIT ( $, .STERADIAN. ) SOLID_ANGLE_UNIT ( ) );
#6720 = ORIENTED_EDGE ( 'NONE', *, *, #2237, .F. ) ;
#6721 = FACE_OUTER_BOUND ( 'NONE', #1613, .T. ) ;
#6722 = ADVANCED_FACE ( 'NONE', ( #5232 ), #774, .T. ) ;
#6723 = ORIENTED_EDGE ( 'NONE', *, *, #2159, .T. ) ;
#6724 = CARTESIAN_POINT ( 'NONE',  ( -16.00200000000000244, -3.175000000000000711, 2.226310000000002010 ) ) ;
#6725 = ORIENTED_EDGE ( 'NONE', *, *, #8538, .T. ) ;
#6726 = DIRECTION ( 'NONE',  ( 0.000000000000000000, -1.000000000000000000, 0.000000000000000000 ) ) ;
#6727 = DIRECTION ( 'NONE',  ( -0.000000000000000000, 1.000000000000000000, -0.000000000000000000 ) ) ;
#6728 = VECTOR ( 'NONE', #4109, 1000.000000000000000 ) ;
#6730 = DIRECTION ( 'NONE',  ( 0.000000000000000000, 0.000000000000000000, -1.000000000000000000 ) ) ;
#6729 = AXIS2_PLACEMENT_3D ( 'NONE', #7790, #4130, #7654 ) ;
#6731 = PLANE ( 'NONE',  #1964 ) ;
#6732 = FILL_AREA_STYLE ('',( #3798 ) ) ;
#6733 = EDGE_LOOP ( 'NONE', ( #3012, #1319, #2132, #9439 ) ) ;
#6734 = LINE ( 'NONE', #1637, #1746 ) ;
#6735 = ADVANCED_FACE ( 'NONE', ( #7378 ), #4315, .T. ) ;
#6736 = ORIENTED_EDGE ( 'NONE', *, *, #6156, .F. ) ;
#6737 = VECTOR ( 'NONE', #5404, 1000.000000000000000 ) ;
#6738 = FACE_OUTER_BOUND ( 'NONE', #5868, .T. ) ;
#6739 = PRESENTATION_LAYER_ASSIGNMENT (  '', '', ( #8738 ) ) ;
#6740 = CYLINDRICAL_SURFACE ( 'NONE', #8791, 2.158999999999999364 ) ;
#6741 = CARTESIAN_POINT ( 'NONE',  ( -16.00200000000000244, -3.175000000000000711, 0.000000000000000000 ) ) ;
#6742 = DIRECTION ( 'NONE',  ( 1.000000000000000000, 0.000000000000000000, 0.000000000000000000 ) ) ;
#6743 = CARTESIAN_POINT ( 'NONE',  ( -8.585200000000000387, 0.000000000000000000, 2.226310000000002010 ) ) ;
#6744 = CARTESIAN_POINT ( 'NONE',  ( -15.23999999999999666, 6.604000000000000092, -4.673600000000001309 ) ) ;
#6745 = ADVANCED_FACE ( 'NONE', ( #5942 ), #6512, .T. ) ;
#6746 = LINE ( 'NONE', #9015, #5171 ) ;
#6747 = CARTESIAN_POINT ( 'NONE',  ( -11.02360000000000184, 1.523999999999999355, -2.000114891362000602 ) ) ;
#6748 = CARTESIAN_POINT ( 'NONE',  ( 2.000250000000002082, 10.33638951052389210, -0.9905999999999682837 ) ) ;
#6749 =( LENGTH_UNIT ( ) NAMED_UNIT ( * ) SI_UNIT ( .MILLI., .METRE. ) );
#6750 = DIRECTION ( 'NONE',  ( 0.000000000000000000, -1.000000000000000000, 0.000000000000000000 ) ) ;
#6751 = DIRECTION ( 'NONE',  ( 0.000000000000000000, 1.000000000000000000, 0.000000000000000000 ) ) ;
#6752 = UNCERTAINTY_MEASURE_WITH_UNIT (LENGTH_MEASURE( 1.000000000000000082E-05 ), #8786, 'distance_accuracy_value', 'NONE');
#6753 = LINE ( 'NONE', #2272, #3880 ) ;
#6754 = ORIENTED_EDGE ( 'NONE', *, *, #8195, .T. ) ;
#6755 = VERTEX_POINT ( 'NONE', #2271 ) ;
#6756 = VERTEX_POINT ( 'NONE', #2172 ) ;
#6757 = DIRECTION ( 'NONE',  ( -1.000000000000000000, 0.000000000000000000, 0.000000000000000000 ) ) ;
#6758 = DIRECTION ( 'NONE',  ( 0.000000000000000000, 1.000000000000000000, 0.000000000000000000 ) ) ;
#6759 = EDGE_CURVE ( 'NONE', #1177, #5362, #4513, .T. ) ;
#6760 = ORIENTED_EDGE ( 'NONE', *, *, #7533, .F. ) ;
#6761 = VERTEX_POINT ( 'NONE', #7336 ) ;
#6762 = ORIENTED_EDGE ( 'NONE', *, *, #3840, .F. ) ;
#6763 = STYLED_ITEM ( 'NONE', ( #8755 ), #1182 ) ;
#6764 = DIRECTION ( 'NONE',  ( -1.000000000000000000, 0.000000000000000000, 0.000000000000000000 ) ) ;
#6765 = EDGE_CURVE ( 'NONE', #298, #6568, #8727, .T. ) ;
#6766 = ORIENTED_EDGE ( 'NONE', *, *, #3394, .F. ) ;
#6767 = CARTESIAN_POINT ( 'NONE',  ( -11.57393333838000693, 1.523999999999999355, -1.113817018699997830 ) ) ;
#6768 = ORIENTED_EDGE ( 'NONE', *, *, #3217, .F. ) ;
#6769 = LINE ( 'NONE', #794, #394 ) ;
#6770 = PLANE ( 'NONE',  #3589 ) ;
#6771 =( LENGTH_UNIT ( ) NAMED_UNIT ( * ) SI_UNIT ( .MILLI., .METRE. ) );
#6772 = DIRECTION ( 'NONE',  ( 0.000000000000000000, 0.000000000000000000, -1.000000000000000000 ) ) ;
#6773 = EDGE_CURVE ( 'NONE', #5134, #5346, #8824, .T. ) ;
#6774 = EDGE_CURVE ( 'NONE', #1998, #5639, #121, .T. ) ;
#6775 = EDGE_LOOP ( 'NONE', ( #6830, #5143, #8792, #4356, #3432 ) ) ;
#6776 = DIRECTION ( 'NONE',  ( 0.000000000000000000, 0.000000000000000000, -1.000000000000000000 ) ) ;
#6777 = DIRECTION ( 'NONE',  ( 0.000000000000000000, 0.000000000000000000, -1.000000000000000000 ) ) ;
#6778 = ORIENTED_EDGE ( 'NONE', *, *, #6291, .T. ) ;
#6779 = CARTESIAN_POINT ( 'NONE',  ( 0.9651999999999993918, -3.175000000000000711, -2.625089999999998369 ) ) ;
#6780 = VERTEX_POINT ( 'NONE', #2221 ) ;
#6781 = SURFACE_STYLE_FILL_AREA ( #1791 ) ;
#6782 = ORIENTED_EDGE ( 'NONE', *, *, #2730, .T. ) ;
#6783 = LINE ( 'NONE', #4455, #1306 ) ;
#6784 = LINE ( 'NONE', #3910, #7103 ) ;
#6785 = DIRECTION ( 'NONE',  ( -1.000000000000000000, 0.000000000000000000, 0.000000000000000000 ) ) ;
#6786 = VECTOR ( 'NONE', #2153, 1000.000000000000000 ) ;
#6787 = STYLED_ITEM ( 'NONE', ( #4048 ), #1258 ) ;
#6788 = CARTESIAN_POINT ( 'NONE',  ( 6.654799999999995386, 1.523999999999999355, -2.226310000000000233 ) ) ;
#6789 = LINE ( 'NONE', #8960, #9187 ) ;
#6790 = EDGE_LOOP ( 'NONE', ( #9459, #559, #716, #3792 ) ) ;
#6791 = DIRECTION ( 'NONE',  ( 0.000000000000000000, 1.000000000000000000, 0.000000000000000000 ) ) ;
#6792 = VECTOR ( 'NONE', #9011, 1000.000000000000000 ) ;
#6793 = DIRECTION ( 'NONE',  ( -1.000000000000000000, 0.000000000000000000, 0.000000000000000000 ) ) ;
#6794 = EDGE_CURVE ( 'NONE', #5134, #3123, #8682, .T. ) ;
#6795 = AXIS2_PLACEMENT_3D ( 'NONE', #6250, #9397, #3528 ) ;
#6796 = LINE ( 'NONE', #5985, #9447 ) ;
#6797 = AXIS2_PLACEMENT_3D ( 'NONE', #668, #6547, #6593 ) ;
#6798 = PLANE ( 'NONE',  #5278 ) ;
#6799 = LINE ( 'NONE', #870, #9289 ) ;
#6800 = EDGE_CURVE ( 'NONE', #924, #6453, #5037, .T. ) ;
#6801 = CARTESIAN_POINT ( 'NONE',  ( 9.620249999999996859, 13.53961048947610912, 0.9905999999999665073 ) ) ;
#6802 = FACE_OUTER_BOUND ( 'NONE', #6435, .T. ) ;
#6804 = LINE ( 'NONE', #3144, #8178 ) ;
#6803 = VECTOR ( 'NONE', #9110, 1000.000000000000000 ) ;
#6805 = VERTEX_POINT ( 'NONE', #5184 ) ;
#6806 = VERTEX_POINT ( 'NONE', #7964 ) ;
#6807 = VECTOR ( 'NONE', #6543, 1000.000000000000000 ) ;
#6808 = CARTESIAN_POINT ( 'NONE',  ( -12.70000000000000284, 1.523999999999999355, 0.000000000000000000 ) ) ;
#6809 = DIRECTION ( 'NONE',  ( -0.000000000000000000, -1.000000000000000000, -0.000000000000000000 ) ) ;
#6810 = CARTESIAN_POINT ( 'NONE',  ( 5.619749999999999801, 13.53961048947610912, -0.9905999999999682837 ) ) ;
#6811 = AXIS2_PLACEMENT_3D ( 'NONE', #3740, #4530, #288 ) ;
#6812 = ORIENTED_EDGE ( 'NONE', *, *, #2837, .T. ) ;
#6813 = ORIENTED_EDGE ( 'NONE', *, *, #4498, .T. ) ;
#6814 = DIRECTION ( 'NONE',  ( 0.4547771995497136843, 0.000000000000000000, 0.8906052429498267919 ) ) ;
#6815 = ORIENTED_EDGE ( 'NONE', *, *, #1008, .T. ) ;
#6816 = CARTESIAN_POINT ( 'NONE',  ( -11.73480000000000345, 1.523999999999999355, -2.226310000000000233 ) ) ;
#6817 = VERTEX_POINT ( 'NONE', #3675 ) ;
#6818 = DIRECTION ( 'NONE',  ( -1.000000000000000000, 0.000000000000000000, -0.000000000000000000 ) ) ;
#6819 = ORIENTED_EDGE ( 'NONE', *, *, #5895, .F. ) ;
#6820 = EDGE_CURVE ( 'NONE', #5185, #7395, #6603, .T. ) ;
#6821 = CARTESIAN_POINT ( 'NONE',  ( -16.00200000000000244, 1.523999999999999355, 2.625090000000000146 ) ) ;
#6822 = PLANE ( 'NONE',  #2045 ) ;
#6823 = CIRCLE ( 'NONE', #6058, 0.6350000000000000089 ) ;
#6824 = DIRECTION ( 'NONE',  ( 0.000000000000000000, 1.000000000000000000, 0.000000000000000000 ) ) ;
#6825 = ORIENTED_EDGE ( 'NONE', *, *, #6715, .F. ) ;
#6826 = FACE_OUTER_BOUND ( 'NONE', #1586, .T. ) ;
#6827 = ORIENTED_EDGE ( 'NONE', *, *, #9359, .F. ) ;
#6828 = CARTESIAN_POINT ( 'NONE',  ( -3.505199999999999871, 0.000000000000000000, 2.625090000000000146 ) ) ;
#6829 = AXIS2_PLACEMENT_3D ( 'NONE', #459, #4946, #6430 ) ;
#6830 = ORIENTED_EDGE ( 'NONE', *, *, #3411, .F. ) ;
#6831 = DIRECTION ( 'NONE',  ( -1.000000000000000000, 0.000000000000000000, 0.000000000000000000 ) ) ;
#6832 = ORIENTED_EDGE ( 'NONE', *, *, #1465, .F. ) ;
#6833 = EDGE_CURVE ( 'NONE', #5637, #1220, #5085, .T. ) ;
#6834 = PLANE ( 'NONE',  #4714 ) ;
#6835 = EDGE_CURVE ( 'NONE', #4161, #3412, #5893, .T. ) ;
#6836 = VECTOR ( 'NONE', #1898, 1000.000000000000000 ) ;
#6837 = AXIS2_PLACEMENT_3D ( 'NONE', #8822, #8726, #2995 ) ;
#6838 = DIRECTION ( 'NONE',  ( -1.000000000000000000, 0.000000000000000000, 0.000000000000000000 ) ) ;
#6839 = EDGE_CURVE ( 'NONE', #3448, #6162, #9319, .T. ) ;
#6840 = DIRECTION ( 'NONE',  ( -0.000000000000000000, -0.000000000000000000, 1.000000000000000000 ) ) ;
#6841 = ORIENTED_EDGE ( 'NONE', *, *, #6672, .T. ) ;
#6842 = DIRECTION ( 'NONE',  ( 0.000000000000000000, 1.000000000000000000, 0.000000000000000000 ) ) ;
#6843 = CARTESIAN_POINT ( 'NONE',  ( -3.079750000000005983, 15.49400000000000155, -0.9905999999999994809 ) ) ;
#6844 = ADVANCED_FACE ( 'NONE', ( #2422 ), #6036, .T. ) ;
#6845 = AXIS2_PLACEMENT_3D ( 'NONE', #8185, #717, #7516 ) ;
#6846 = VECTOR ( 'NONE', #266, 1000.000000000000000 ) ;
#6847 = FILL_AREA_STYLE ('',( #3918 ) ) ;
#6848 = DIRECTION ( 'NONE',  ( 0.000000000000000000, 1.000000000000000000, 0.000000000000000000 ) ) ;
#6849 = CARTESIAN_POINT ( 'NONE',  ( -11.36226667675998492, 1.523999999999999355, -1.200285093498001610 ) ) ;
#6850 = CARTESIAN_POINT ( 'NONE',  ( -13.97000000000000242, 13.97000000000000064, 0.9906000000000012573 ) ) ;
#6851 = AXIS2_PLACEMENT_3D ( 'NONE', #8144, #5981, #5881 ) ;
#6852 =( NAMED_UNIT ( * ) PLANE_ANGLE_UNIT ( ) SI_UNIT ( $, .RADIAN. ) );
#6853 = CLOSED_SHELL ( 'NONE', ( #3184, #4197, #7552, #8771, #7589, #2827, #5774, #727 ) ) ;
#6854 = CARTESIAN_POINT ( 'NONE',  ( -11.08709999999993379, 1.397000000000000686, -1.524540434551075352 ) ) ;
#6855 = LINE ( 'NONE', #873, #6260 ) ;
#6856 = LINE ( 'NONE', #1117, #7102 ) ;
#6857 = VERTEX_POINT ( 'NONE', #6089 ) ;
#6858 = ORIENTED_EDGE ( 'NONE', *, *, #4799, .F. ) ;
#6859 = EDGE_CURVE ( 'NONE', #8557, #8473, #3238, .T. ) ;
#6860 = CARTESIAN_POINT ( 'NONE',  ( 9.194799999999975881, 6.938893903907228378E-15, -2.226310000000000233 ) ) ;
#6861 = DIRECTION ( 'NONE',  ( 0.000000000000000000, 0.000000000000000000, -1.000000000000000000 ) ) ;
#6862 = PLANE ( 'NONE',  #2681 ) ;
#6863 = ORIENTED_EDGE ( 'NONE', *, *, #1421, .T. ) ;
#6864 = EDGE_LOOP ( 'NONE', ( #1096, #5684 ) ) ;
#6865 = VECTOR ( 'NONE', #1565, 1000.000000000000000 ) ;
#6866 = CARTESIAN_POINT ( 'NONE',  ( 15.24000000000000021, 6.604000000000000092, 3.810000000000000941 ) ) ;
#6867 = EDGE_LOOP ( 'NONE', ( #5855, #3743, #6419, #3659 ) ) ;
#6868 = PLANE ( 'NONE',  #6811 ) ;
#6869 = ORIENTED_EDGE ( 'NONE', *, *, #5322, .F. ) ;
#6870 = CARTESIAN_POINT ( 'NONE',  ( -8.159750000000000725, 10.33638951052389210, 0.9905999999999665073 ) ) ;
#6871 = VERTEX_POINT ( 'NONE', #2468 ) ;
#6872 = VECTOR ( 'NONE', #2936, 1000.000000000000000 ) ;
#6873 = CARTESIAN_POINT ( 'NONE',  ( 9.620249999999996859, 15.49400000000000155, 0.000000000000000000 ) ) ;
#6874 = LINE ( 'NONE', #3948, #4543 ) ;
#6875 = DIRECTION ( 'NONE',  ( -1.000000000000000000, 0.000000000000000000, 0.000000000000000000 ) ) ;
#6876 = ORIENTED_EDGE ( 'NONE', *, *, #7678, .F. ) ;
#6877 = CARTESIAN_POINT ( 'NONE',  ( 5.619749999999999801, 10.33638951052392230, 0.9905999999999317573 ) ) ;
#6878 = ADVANCED_FACE ( 'NONE', ( #6138 ), #8972, .F. ) ;
#6879 = VERTEX_POINT ( 'NONE', #4659 ) ;
#6880 = VECTOR ( 'NONE', #3278, 1000.000000000000000 ) ;
#6881 = CARTESIAN_POINT ( 'NONE',  ( -12.16025000000000489, 15.49400000000000155, 0.9906000000000012573 ) ) ;
#6882 = VECTOR ( 'NONE', #9442, 1000.000000000000114 ) ;
#6883 = ORIENTED_EDGE ( 'NONE', *, *, #5072, .F. ) ;
#6884 = ORIENTED_EDGE ( 'NONE', *, *, #3825, .T. ) ;
#6885 = VECTOR ( 'NONE', #1799, 1000.000000000000000 ) ;
#6886 = CARTESIAN_POINT ( 'NONE',  ( 13.97000000000000242, 13.96999999999999886, -0.9905999999999994809 ) ) ;
#6887 = FILL_AREA_STYLE_COLOUR ( '', #6321 ) ;
#6888 = SURFACE_STYLE_FILL_AREA ( #3277 ) ;
#6889 = EDGE_CURVE ( 'NONE', #9216, #9078, #975, .T. ) ;
#6890 = CARTESIAN_POINT ( 'NONE',  ( -11.02360000000000184, 1.397000000000000686, -1.329987205696001373 ) ) ;
#6891 = ORIENTED_EDGE ( 'NONE', *, *, #4620, .F. ) ;
#6892 = EDGE_CURVE ( 'NONE', #9002, #7532, #1024, .T. ) ;
#6893 = CARTESIAN_POINT ( 'NONE',  ( 13.97000000000000242, 13.96999999999999886, -0.9905999999999994809 ) ) ;
#6894 = VECTOR ( 'NONE', #4489, 1000.000000000000000 ) ;
#6895 = ADVANCED_FACE ( 'NONE', ( #6802 ), #6178, .T. ) ;
#6896 = CARTESIAN_POINT ( 'NONE',  ( -16.00200000000000244, 4.572000000000000064, 0.000000000000000000 ) ) ;
#6897 = LINE ( 'NONE', #1019, #6803 ) ;
#6898 = CARTESIAN_POINT ( 'NONE',  ( -0.9651999999999993918, 1.523999999999999355, 2.625090000000000146 ) ) ;
#6899 = DIRECTION ( 'NONE',  ( -1.000000000000000000, 0.000000000000000000, 0.000000000000000000 ) ) ;
#6900 = CARTESIAN_POINT ( 'NONE',  ( -4.114800000000001567, -3.175000000000000711, -2.226310000000000233 ) ) ;
#6901 = CARTESIAN_POINT ( 'NONE',  ( 4.519612499999999145, 1.523999999999999355, -2.625089999999998369 ) ) ;
#6902 = ADVANCED_FACE ( 'NONE', ( #7580 ), #3925, .T. ) ;
#6903 = CARTESIAN_POINT ( 'NONE',  ( -11.04476664648013795, 1.523999999999999355, -1.243519130897987157 ) ) ;
#6904 = EDGE_CURVE ( 'NONE', #8884, #1035, #1608, .T. ) ;
#6905 = ORIENTED_EDGE ( 'NONE', *, *, #9483, .T. ) ;
#6906 = ORIENTED_EDGE ( 'NONE', *, *, #2945, .T. ) ;
#6907 = CARTESIAN_POINT ( 'NONE',  ( -0.5397499999999986198, 10.33638951052389210, 0.9905999999999665073 ) ) ;
#6908 = CARTESIAN_POINT ( 'NONE',  ( 13.97000000000000064, 13.97000000000000064, 0.9906000000000012573 ) ) ;
#6909 = DIRECTION ( 'NONE',  ( 0.000000000000000000, 0.000000000000000000, -1.000000000000000000 ) ) ;
#6910 = VERTEX_POINT ( 'NONE', #3195 ) ;
#6911 = EDGE_LOOP ( 'NONE', ( #8223, #7248, #333, #4382, #9257, #7534 ) ) ;
#6912 = CARTESIAN_POINT ( 'NONE',  ( -6.654800000000002491, 1.523999999999999355, -2.625089999999998369 ) ) ;
#6913 = ORIENTED_EDGE ( 'NONE', *, *, #7878, .F. ) ;
#6914 = PLANE ( 'NONE',  #1588 ) ;
#6915 = VERTEX_POINT ( 'NONE', #1809 ) ;
#6916 = LINE ( 'NONE', #4772, #5504 ) ;
#6917 = VERTEX_POINT ( 'NONE', #4615 ) ;
#6918 =( NAMED_UNIT ( * ) PLANE_ANGLE_UNIT ( ) SI_UNIT ( $, .RADIAN. ) );
#6919 = EDGE_CURVE ( 'NONE', #3655, #7062, #6855, .T. ) ;
#6920 = LINE ( 'NONE', #3262, #3874 ) ;
#6921 = ORIENTED_EDGE ( 'NONE', *, *, #2600, .T. ) ;
#6922 = DIRECTION ( 'NONE',  ( 0.000000000000000000, 1.000000000000000000, 0.000000000000000000 ) ) ;
#6923 = PLANE ( 'NONE',  #7665 ) ;
#6924 = ORIENTED_EDGE ( 'NONE', *, *, #1836, .T. ) ;
#6925 = LINE ( 'NONE', #9271, #968 ) ;
#6926 = EDGE_LOOP ( 'NONE', ( #8369, #4937, #8673, #1052 ) ) ;
#6927 = ORIENTED_EDGE ( 'NONE', *, *, #2214, .T. ) ;
#6928 = LINE ( 'NONE', #8909, #2949 ) ;
#6929 = CARTESIAN_POINT ( 'NONE',  ( 12.13961249999992376, 1.524000000000020227, 2.625090000000000146 ) ) ;
#6930 = LINE ( 'NONE', #1104, #6880 ) ;
#6931 = ORIENTED_EDGE ( 'NONE', *, *, #1994, .T. ) ;
#6932 = DIRECTION ( 'NONE',  ( -1.000000000000000000, 0.000000000000000000, 0.000000000000000000 ) ) ;
#6933 =( NAMED_UNIT ( * ) PLANE_ANGLE_UNIT ( ) SI_UNIT ( $, .RADIAN. ) );
#6934 = LINE ( 'NONE', #7673, #3453 ) ;
#6935 = ADVANCED_FACE ( 'NONE', ( #920 ), #9066, .T. ) ;
#6936 = CARTESIAN_POINT ( 'NONE',  ( 10.69975000000000165, 15.49400000000000155, 0.9906000000000012573 ) ) ;
#6937 =( GEOMETRIC_REPRESENTATION_CONTEXT ( 3 ) GLOBAL_UNCERTAINTY_ASSIGNED_CONTEXT ( ( #3870 ) ) GLOBAL_UNIT_ASSIGNED_CONTEXT ( ( #3761, #8562, #2603 ) ) REPRESENTATION_CONTEXT ( 'NONE', 'WORKASPACE' ) );
#6938 = CARTESIAN_POINT ( 'NONE',  ( 14.60500000000000043, 0.000000000000000000, -3.810000000000002718 ) ) ;
#6939 = MECHANICAL_DESIGN_GEOMETRIC_PRESENTATION_REPRESENTATION (  '', ( #6763 ), #1562 ) ;
#6940 = CARTESIAN_POINT ( 'NONE',  ( -11.76443333270692904, 1.523999999999999355, -1.329987205694304730 ) ) ;
#6941 = CARTESIAN_POINT ( 'NONE',  ( -8.180387500000003698, 1.523999999999999355, -2.625089999999998369 ) ) ;
#6942 = DIRECTION ( 'NONE',  ( 0.000000000000000000, -0.000000000000000000, -1.000000000000000000 ) ) ;
#6943 = ADVANCED_FACE ( 'NONE', ( #8350 ), #7530, .F. ) ;
#6944 = DIRECTION ( 'NONE',  ( -1.000000000000000000, 0.000000000000000000, 0.000000000000000000 ) ) ;
#6945 = ORIENTED_EDGE ( 'NONE', *, *, #4563, .T. ) ;
#6946 = VECTOR ( 'NONE', #7479, 1000.000000000000000 ) ;
#6947 = AXIS2_PLACEMENT_3D ( 'NONE', #5261, #1692, #5412 ) ;
#6948 = LINE ( 'NONE', #228, #6692 ) ;
#6949 = DIRECTION ( 'NONE',  ( 0.000000000000000000, -0.000000000000000000, -1.000000000000000000 ) ) ;
#6950 = AXIS2_PLACEMENT_3D ( 'NONE', #4321, #2857, #1417 ) ;
#6951 = EDGE_CURVE ( 'NONE', #3940, #6988, #2315, .T. ) ;
#6952 = ADVANCED_FACE ( 'NONE', ( #8203 ), #4567, .T. ) ;
#6953 = FACE_OUTER_BOUND ( 'NONE', #4683, .T. ) ;
#6954 =( GEOMETRIC_REPRESENTATION_CONTEXT ( 3 ) GLOBAL_UNCERTAINTY_ASSIGNED_CONTEXT ( ( #5894 ) ) GLOBAL_UNIT_ASSIGNED_CONTEXT ( ( #4351, #5738, #4975 ) ) REPRESENTATION_CONTEXT ( 'NONE', 'WORKASPACE' ) );
#6955 = ADVANCED_FACE ( 'NONE', ( #3091 ), #7850, .T. ) ;
#6956 = ORIENTED_EDGE ( 'NONE', *, *, #2708, .F. ) ;
#6957 = ORIENTED_EDGE ( 'NONE', *, *, #4302, .F. ) ;
#6958 = CARTESIAN_POINT ( 'NONE',  ( -7.080250000000003041, 10.33638951052392230, -0.9905999999999335337 ) ) ;
#6959 = VECTOR ( 'NONE', #7657, 1000.000000000000000 ) ;
#6960 = VERTEX_POINT ( 'NONE', #5604 ) ;
#6961 = CARTESIAN_POINT ( 'NONE',  ( -3.505199999999999871, 1.523999999999999355, 2.625090000000000146 ) ) ;
#6962 = EDGE_CURVE ( 'NONE', #9010, #7859, #7900, .T. ) ;
#6963 = PRESENTATION_LAYER_ASSIGNMENT (  '', '', ( #4051 ) ) ;
#6964 = ORIENTED_EDGE ( 'NONE', *, *, #3088, .F. ) ;
#6965 = CARTESIAN_POINT ( 'NONE',  ( -16.00200000000000244, 1.523999999999999355, -2.625089999999998369 ) ) ;
#6966 = ORIENTED_EDGE ( 'NONE', *, *, #4947, .F. ) ;
#6967 =( LENGTH_UNIT ( ) NAMED_UNIT ( * ) SI_UNIT ( .MILLI., .METRE. ) );
#6968 = CARTESIAN_POINT ( 'NONE',  ( 7.059612500000033819, 1.523999999999994026, 2.625090000000000146 ) ) ;
#6969 = AXIS2_PLACEMENT_3D ( 'NONE', #7691, #2583, #6241 ) ;
#6970 = CARTESIAN_POINT ( 'NONE',  ( -13.84300000000000175, 6.604000000000000092, -3.047999999999996934 ) ) ;
#6971 = ORIENTED_EDGE ( 'NONE', *, *, #4705, .F. ) ;
#6972 = DIRECTION ( 'NONE',  ( 0.000000000000000000, -1.000000000000000000, 0.000000000000000000 ) ) ;
#6973 = DIRECTION ( 'NONE',  ( -1.000000000000000000, 0.000000000000000000, 0.000000000000000000 ) ) ;
#6974 = ADVANCED_FACE ( 'NONE', ( #7038 ), #5648, .T. ) ;
#6975 = PLANE ( 'NONE',  #3903 ) ;
#6976 = CIRCLE ( 'NONE', #1444, 2.158999999999999364 ) ;
#6977 = ORIENTED_EDGE ( 'NONE', *, *, #1483, .T. ) ;
#6978 = COLOUR_RGB ( '',0.7921568627450980005, 0.8196078431372548767, 0.9333333333333333481 ) ;
#6979 = FILL_AREA_STYLE_COLOUR ( '', #3380 ) ;
#6980 = ORIENTED_EDGE ( 'NONE', *, *, #4563, .F. ) ;
#6981 = EDGE_CURVE ( 'NONE', #3610, #3057, #1976, .T. ) ;
#6982 = CARTESIAN_POINT ( 'NONE',  ( -11.02360000000000184, 1.397000000000000686, -1.373221303654000414 ) ) ;
#6983 = PRODUCT_DEFINITION_FORMATION_WITH_SPECIFIED_SOURCE ( 'ANY', '', #8251, .NOT_KNOWN. ) ;
#6984 = CARTESIAN_POINT ( 'NONE',  ( -1.979612500000005326, 1.523999999999999355, 2.625090000000000146 ) ) ;
#6985 = PRODUCT_DEFINITION_CONTEXT ( 'detailed design', #5079, 'design' ) ;
#6986 =( NAMED_UNIT ( * ) SI_UNIT ( $, .STERADIAN. ) SOLID_ANGLE_UNIT ( ) );
#6987 = SURFACE_SIDE_STYLE ('',( #6263 ) ) ;
#6988 = VERTEX_POINT ( 'NONE', #445 ) ;
#6989 = LINE ( 'NONE', #399, #8961 ) ;
#6990 = FILL_AREA_STYLE ('',( #6170 ) ) ;
#6991 = AXIS2_PLACEMENT_3D ( 'NONE', #5337, #231, #9124 ) ;
#6992 = DIRECTION ( 'NONE',  ( 0.000000000000000000, 1.000000000000000000, 0.000000000000000000 ) ) ;
#6993 = PLANE ( 'NONE',  #8495 ) ;
#6994 = VECTOR ( 'NONE', #2171, 1000.000000000000000 ) ;
#6995 = DIRECTION ( 'NONE',  ( -0.000000000000000000, 1.000000000000000000, -0.000000000000000000 ) ) ;
#6996 = CARTESIAN_POINT ( 'NONE',  ( 10.69975000000000165, 10.33638951052392230, -0.9905999999999335337 ) ) ;
#6997 = AXIS2_PLACEMENT_3D ( 'NONE', #2149, #4389, #8605 ) ;
#6998 = DIRECTION ( 'NONE',  ( -0.000000000000000000, -1.000000000000000000, -0.000000000000000000 ) ) ;
#6999 = EDGE_CURVE ( 'NONE', #2725, #3109, #1251, .T. ) ;
#7000 = ORIENTED_EDGE ( 'NONE', *, *, #5602, .T. ) ;
#7001 = CARTESIAN_POINT ( 'NONE',  ( -4.540250000000003006, 13.53961048947607893, -0.9905999999999335337 ) ) ;
#7002 = AXIS2_PLACEMENT_3D ( 'NONE', #765, #1547, #6024 ) ;
#7003 = CLOSED_SHELL ( 'NONE', ( #4570, #5304, #442, #5201 ) ) ;
#7004 = CARTESIAN_POINT ( 'NONE',  ( 6.045200000000000351, -3.175000000000000711, -2.625089999999998369 ) ) ;
#7005 = VERTEX_POINT ( 'NONE', #3373 ) ;
#7006 = ORIENTED_EDGE ( 'NONE', *, *, #8368, .F. ) ;
#7007 = CARTESIAN_POINT ( 'NONE',  ( -10.72038750000008100, 1.524000000000009791, 2.226309999999998901 ) ) ;
#7008 = VERTEX_POINT ( 'NONE', #7133 ) ;
#7009 = ADVANCED_FACE ( 'NONE', ( #8452 ), #531, .F. ) ;
#7010 = CARTESIAN_POINT ( 'NONE',  ( 1.574800000000001088, 0.000000000000000000, 2.226310000000002010 ) ) ;
#7011 = ORIENTED_EDGE ( 'NONE', *, *, #4137, .T. ) ;
#7012 = DIRECTION ( 'NONE',  ( 0.000000000000000000, -1.000000000000000000, 0.000000000000000000 ) ) ;
#7013 = ORIENTED_EDGE ( 'NONE', *, *, #532, .F. ) ;
#7014 = EDGE_CURVE ( 'NONE', #2080, #8331, #7720, .T. ) ;
#7015 = DIRECTION ( 'NONE',  ( -0.2567226118398023837, -0.9664851269265090083, 0.000000000000000000 ) ) ;
#7016 = VECTOR ( 'NONE', #1775, 1000.000000000000000 ) ;
#7017 = ORIENTED_EDGE ( 'NONE', *, *, #9143, .T. ) ;
#7018 = DIRECTION ( 'NONE',  ( 0.000000000000000000, 1.000000000000000000, 0.000000000000000000 ) ) ;
#7019 = ADVANCED_FACE ( 'NONE', ( #1116 ), #3421, .F. ) ;
#7020 = DIRECTION ( 'NONE',  ( -0.000000000000000000, 1.000000000000000000, -0.000000000000000000 ) ) ;
#7021 = ORIENTED_EDGE ( 'NONE', *, *, #5945, .F. ) ;
#7022 = AXIS2_PLACEMENT_3D ( 'NONE', #6186, #5388, #6713 ) ;
#7023 = ORIENTED_EDGE ( 'NONE', *, *, #8540, .F. ) ;
#7024 = DIRECTION ( 'NONE',  ( 0.000000000000000000, 0.000000000000000000, -1.000000000000000000 ) ) ;
#7026 = LINE ( 'NONE', #8475, #3717 ) ;
#7025 = VECTOR ( 'NONE', #5330, 1000.000000000000000 ) ;
#7027 = DIRECTION ( 'NONE',  ( 0.9664851269264842504, -0.2567226118398958090, -0.000000000000000000 ) ) ;
#7028 =( LENGTH_UNIT ( ) NAMED_UNIT ( * ) SI_UNIT ( .MILLI., .METRE. ) );
#7029 = ADVANCED_FACE ( 'NONE', ( #4977 ), #4841, .T. ) ;
#7030 = EDGE_LOOP ( 'NONE', ( #1494, #7981, #8844, #3686 ) ) ;
#7031 = DIRECTION ( 'NONE',  ( 0.000000000000000000, -1.000000000000000000, 0.000000000000000000 ) ) ;
#7032 =( NAMED_UNIT ( * ) SI_UNIT ( $, .STERADIAN. ) SOLID_ANGLE_UNIT ( ) );
#7033 = VECTOR ( 'NONE', #4650, 1000.000000000000000 ) ;
#7034 = CARTESIAN_POINT ( 'NONE',  ( 0.5397499999999986198, 13.53961048947610912, -0.9905999999999682837 ) ) ;
#7035 = CARTESIAN_POINT ( 'NONE',  ( 9.194800000000002527, 1.523999999999999355, -2.226310000000000233 ) ) ;
#7036 = VECTOR ( 'NONE', #7901, 1000.000000000000000 ) ;
#7037 = DIRECTION ( 'NONE',  ( -0.000000000000000000, -0.000000000000000000, 1.000000000000000000 ) ) ;
#7038 = FACE_OUTER_BOUND ( 'NONE', #5873, .T. ) ;
#7039 = EDGE_CURVE ( 'NONE', #9010, #5595, #1649, .T. ) ;
#7040 = AXIS2_PLACEMENT_3D ( 'NONE', #8070, #7348, #2816 ) ;
#7041 = FACE_OUTER_BOUND ( 'NONE', #9316, .T. ) ;
#7042 = ORIENTED_EDGE ( 'NONE', *, *, #8376, .F. ) ;
#7043 = PLANE ( 'NONE',  #2679 ) ;
#7044 = DIRECTION ( 'NONE',  ( -0.9664851269265090083, -0.2567226118398023837, 0.000000000000000000 ) ) ;
#7045 =( GEOMETRIC_REPRESENTATION_CONTEXT ( 3 ) GLOBAL_UNCERTAINTY_ASSIGNED_CONTEXT ( ( #7429 ) ) GLOBAL_UNIT_ASSIGNED_CONTEXT ( ( #2308, #5886, #6699 ) ) REPRESENTATION_CONTEXT ( 'NONE', 'WORKASPACE' ) );
#7046 = ORIENTED_EDGE ( 'NONE', *, *, #3199, .F. ) ;
#7047 = ORIENTED_EDGE ( 'NONE', *, *, #6711, .T. ) ;
#7048 = CYLINDRICAL_SURFACE ( 'NONE', #2022, 1.523999999999999355 ) ;
#7049 = ORIENTED_EDGE ( 'NONE', *, *, #4741, .F. ) ;
#7050 = ORIENTED_EDGE ( 'NONE', *, *, #1420, .F. ) ;
#7051 = DIRECTION ( 'NONE',  ( 0.000000000000000000, 0.000000000000000000, -1.000000000000000000 ) ) ;
#7052 = VERTEX_POINT ( 'NONE', #4796 ) ;
#7053 = LINE ( 'NONE', #7740, #8207 ) ;
#7054 = DIRECTION ( 'NONE',  ( 0.000000000000000000, 1.000000000000000000, 0.000000000000000000 ) ) ;
#7055 = EDGE_CURVE ( 'NONE', #9258, #8892, #1308, .T. ) ;
#7056 = ORIENTED_EDGE ( 'NONE', *, *, #1707, .F. ) ;
#7057 = DIRECTION ( 'NONE',  ( 0.000000000000000000, 1.000000000000000000, 0.000000000000000000 ) ) ;
#7058 = EDGE_CURVE ( 'NONE', #1220, #1895, #6227, .T. ) ;
#7059 = LINE ( 'NONE', #7108, #3122 ) ;
#7060 = ORIENTED_EDGE ( 'NONE', *, *, #3314, .T. ) ;
#7061 = FILL_AREA_STYLE ('',( #4135 ) ) ;
#7062 = VERTEX_POINT ( 'NONE', #2569 ) ;
#7063 = EDGE_CURVE ( 'NONE', #3133, #7071, #2654, .T. ) ;
#7064 = ADVANCED_FACE ( 'NONE', ( #406 ), #1932, .T. ) ;
#7065 = CARTESIAN_POINT ( 'NONE',  ( 15.49400000000000155, 15.49400000000000155, 2.514599999999998836 ) ) ;
#7066 = DIRECTION ( 'NONE',  ( -0.000000000000000000, -1.000000000000000000, -0.000000000000000000 ) ) ;
#7067 = UNCERTAINTY_MEASURE_WITH_UNIT (LENGTH_MEASURE( 1.000000000000000082E-05 ), #6629, 'distance_accuracy_value', 'NONE');
#7068 = DIRECTION ( 'NONE',  ( -0.2567226118398958090, -0.9664851269264842504, 0.000000000000000000 ) ) ;
#7069 = SURFACE_STYLE_USAGE ( .BOTH. , #6987 ) ;
#7070 = VECTOR ( 'NONE', #6406, 1000.000000000000000 ) ;
#7071 = VERTEX_POINT ( 'NONE', #7810 ) ;
#7072 = EDGE_LOOP ( 'NONE', ( #785, #2239, #6053, #684 ) ) ;
#7073 = LINE ( 'NONE', #5596, #3272 ) ;
#7074 = ORIENTED_EDGE ( 'NONE', *, *, #554, .T. ) ;
#7075 = DIRECTION ( 'NONE',  ( 0.2567226118398023837, -0.9664851269265090083, -0.000000000000000000 ) ) ;
#7076 = EDGE_CURVE ( 'NONE', #2951, #8707, #1207, .T. ) ;
#7077 = DIRECTION ( 'NONE',  ( -0.000000000000000000, -1.000000000000000000, -0.000000000000000000 ) ) ;
#7078 = LINE ( 'NONE', #9487, #2332 ) ;
#7079 = VECTOR ( 'NONE', #2917, 1000.000000000000000 ) ;
#7080 = PLANE ( 'NONE',  #5175 ) ;
#7081 = DIRECTION ( 'NONE',  ( -1.000000000000000000, 0.000000000000000000, 0.000000000000000000 ) ) ;
#7082 = DIRECTION ( 'NONE',  ( -0.000000000000000000, -0.000000000000000000, 1.000000000000000000 ) ) ;
#7083 = EDGE_CURVE ( 'NONE', #40, #5203, #484, .T. ) ;
#7084 = ORIENTED_EDGE ( 'NONE', *, *, #3840, .T. ) ;
#7085 = CARTESIAN_POINT ( 'NONE',  ( 11.73479999999999990, 0.000000000000000000, 2.625090000000000146 ) ) ;
#7086 = MECHANICAL_DESIGN_GEOMETRIC_PRESENTATION_REPRESENTATION (  '', ( #9094 ), #22 ) ;
#7087 = DIRECTION ( 'NONE',  ( 0.000000000000000000, 0.000000000000000000, -1.000000000000000000 ) ) ;
#7088 = ADVANCED_FACE ( 'NONE', ( #722 ), #2212, .T. ) ;
#7089 = CARTESIAN_POINT ( 'NONE',  ( -12.70000000000000284, 0.8890000000000009006, 1.540677576215000011 ) ) ;
#7090 = DIRECTION ( 'NONE',  ( 0.8906052758877437414, 0.000000000000000000, 0.4547771350462948559 ) ) ;
#7091 = VERTEX_POINT ( 'NONE', #2844 ) ;
#7092 = AXIS2_PLACEMENT_3D ( 'NONE', #2689, #1966, #4875 ) ;
#7094 = ORIENTED_EDGE ( 'NONE', *, *, #5554, .T. ) ;
#7093 = MECHANICAL_DESIGN_GEOMETRIC_PRESENTATION_REPRESENTATION (  '', ( #4805 ), #28 ) ;
#7095 = PLANE ( 'NONE',  #6950 ) ;
#7096 = ORIENTED_EDGE ( 'NONE', *, *, #637, .T. ) ;
#7097 = AXIS2_PLACEMENT_3D ( 'NONE', #1862, #4807, #7732 ) ;
#7098 = ADVANCED_FACE ( 'NONE', ( #5882 ), #7277, .F. ) ;
#7099 = ORIENTED_EDGE ( 'NONE', *, *, #2183, .T. ) ;
#7100 = LINE ( 'NONE', #8503, #553 ) ;
#7101 = VERTEX_POINT ( 'NONE', #6450 ) ;
#7102 = VECTOR ( 'NONE', #6998, 1000.000000000000000 ) ;
#7103 = VECTOR ( 'NONE', #2506, 1000.000000000000000 ) ;
#7104 = VECTOR ( 'NONE', #249, 1000.000000000000227 ) ;
#7105 = EDGE_LOOP ( 'NONE', ( #2684, #8925, #178, #8661 ) ) ;
#7106 = SURFACE_STYLE_USAGE ( .BOTH. , #1228 ) ;
#7107 = AXIS2_PLACEMENT_3D ( 'NONE', #5723, #8655, #5422 ) ;
#7108 = CARTESIAN_POINT ( 'NONE',  ( -6.654800000000002491, 0.000000000000000000, -2.625089999999998369 ) ) ;
#7109 = ADVANCED_FACE ( 'NONE', ( #7229 ), #5177, .T. ) ;
#7110 = ORIENTED_EDGE ( 'NONE', *, *, #2093, .F. ) ;
#7111 = CARTESIAN_POINT ( 'NONE',  ( -13.84300000000000175, 6.604000000000000092, -3.810000000000002718 ) ) ;
#7112 = VERTEX_POINT ( 'NONE', #1505 ) ;
#7113 = VECTOR ( 'NONE', #2693, 1000.000000000000000 ) ;
#7114 = CARTESIAN_POINT ( 'NONE',  ( -8.180387499999934420, 1.523999999999980259, 2.625090000000000146 ) ) ;
#7115 = SURFACE_STYLE_USAGE ( .BOTH. , #6486 ) ;
#7116 = PLANE ( 'NONE',  #1886 ) ;
#7117 = CARTESIAN_POINT ( 'NONE',  ( -11.58240000000015257, 1.397000000000000686, 1.956880869102128218 ) ) ;
#7118 = SURFACE_STYLE_USAGE ( .BOTH. , #518 ) ;
#7119 = DIRECTION ( 'NONE',  ( 0.4397136649566123490, 0.000000000000000000, 0.8981380143666251037 ) ) ;
#7120 = VECTOR ( 'NONE', #1334, 1000.000000000000000 ) ;
#7121 = ORIENTED_EDGE ( 'NONE', *, *, #5983, .T. ) ;
#7122 = LINE ( 'NONE', #7841, #5130 ) ;
#7123 = EDGE_CURVE ( 'NONE', #1673, #7112, #4460, .T. ) ;
#7124 = ADVANCED_FACE ( 'NONE', ( #5787 ), #3710, .T. ) ;
#7125 = EDGE_LOOP ( 'NONE', ( #381, #5410, #6883, #1864 ) ) ;
#7126 = CARTESIAN_POINT ( 'NONE',  ( -12.70000000000000284, -8.500145032286354763E-14, 2.539999999999764668 ) ) ;
#7127 = LINE ( 'NONE', #526, #6110 ) ;
#7128 = CIRCLE ( 'NONE', #3281, 0.7619999999999987894 ) ;
#7129 = EDGE_CURVE ( 'NONE', #6871, #2658, #2423, .T. ) ;
#7130 = CARTESIAN_POINT ( 'NONE',  ( -1.574800000000001088, -3.175000000000000711, 0.000000000000000000 ) ) ;
#7131 = DIRECTION ( 'NONE',  ( -0.000000000000000000, -1.000000000000000000, -0.000000000000000000 ) ) ;
#7132 = FACE_OUTER_BOUND ( 'NONE', #3679, .T. ) ;
#7133 = CARTESIAN_POINT ( 'NONE',  ( -11.15060000000000429, 1.397000000000000686, -1.373221303654000414 ) ) ;
#7134 = LINE ( 'NONE', #4308, #3377 ) ;
#7135 = ORIENTED_EDGE ( 'NONE', *, *, #8403, .T. ) ;
#7136 = ADVANCED_FACE ( 'NONE', ( #3668 ), #671, .T. ) ;
#7137 = VECTOR ( 'NONE', #3574, 1000.000000000000000 ) ;
#7138 = CARTESIAN_POINT ( 'NONE',  ( -2.000250000000002082, 10.33638951052389210, 0.9905999999999665073 ) ) ;
#7139 = CARTESIAN_POINT ( 'NONE',  ( -12.70000000000000284, 1.523999999999999355, 3.810000000000000941 ) ) ;
#7140 = CARTESIAN_POINT ( 'NONE',  ( 0.9651999999999993918, -3.175000000000000711, 0.000000000000000000 ) ) ;
#7141 = VECTOR ( 'NONE', #9277, 1000.000000000000000 ) ;
#7142 = VECTOR ( 'NONE', #1899, 1000.000000000000000 ) ;
#7143 = DIRECTION ( 'NONE',  ( 0.000000000000000000, 0.000000000000000000, 1.000000000000000000 ) ) ;
#7144 = CARTESIAN_POINT ( 'NONE',  ( 11.12520000000000131, -3.175000000000000711, -2.226310000000000233 ) ) ;
#7145 = UNCERTAINTY_MEASURE_WITH_UNIT (LENGTH_MEASURE( 1.000000000000000082E-05 ), #1369, 'distance_accuracy_value', 'NONE');
#7146 = EDGE_LOOP ( 'NONE', ( #655, #7338 ) ) ;
#7147 = CARTESIAN_POINT ( 'NONE',  ( 9.194800000000002527, 0.000000000000000000, -2.625089999999998369 ) ) ;
#7148 = ORIENTED_EDGE ( 'NONE', *, *, #2747, .T. ) ;
#7149 = DIRECTION ( 'NONE',  ( 1.000000000000000000, 0.000000000000000000, 0.000000000000000000 ) ) ;
#7150 = ADVANCED_FACE ( 'NONE', ( #7949 ), #2118, .T. ) ;
#7151 = ORIENTED_EDGE ( 'NONE', *, *, #6651, .F. ) ;
#7152 = AXIS2_PLACEMENT_3D ( 'NONE', #8820, #6600, #5228 ) ;
#7153 = ORIENTED_EDGE ( 'NONE', *, *, #364, .F. ) ;
#7154 = CARTESIAN_POINT ( 'NONE',  ( -11.12520000000000131, 0.000000000000000000, -2.625089999999998369 ) ) ;
#7155 = ORIENTED_EDGE ( 'NONE', *, *, #1008, .F. ) ;
#7156 = SURFACE_STYLE_USAGE ( .BOTH. , #8596 ) ;
#7157 = CLOSED_SHELL ( 'NONE', ( #430, #1936, #2993, #1690, #2549, #7334, #2009, #5842 ) ) ;
#7158 = VERTEX_POINT ( 'NONE', #2262 ) ;
#7159 = ORIENTED_EDGE ( 'NONE', *, *, #4442, .T. ) ;
#7160 = LINE ( 'NONE', #3689, #6499 ) ;
#7161 = ORIENTED_EDGE ( 'NONE', *, *, #146, .F. ) ;
#7162 = EDGE_LOOP ( 'NONE', ( #8590, #200 ) ) ;
#7163 = CYLINDRICAL_SURFACE ( 'NONE', #6997, 2.158999999999999364 ) ;
#7164 = CARTESIAN_POINT ( 'NONE',  ( -13.97000000000000242, 13.97000000000000064, -0.9906000000000029226 ) ) ;
#7165 = SURFACE_STYLE_FILL_AREA ( #4238 ) ;
#7166 = CARTESIAN_POINT ( 'NONE',  ( -11.65860000000000518, 1.523999999999999355, -1.157051056099001496 ) ) ;
#7167 = EDGE_CURVE ( 'NONE', #5503, #2047, #3619, .T. ) ;
#7168 = LINE ( 'NONE', #4294, #628 ) ;
#7169 = CARTESIAN_POINT ( 'NONE',  ( -5.619749999999999801, 13.53961048947610912, -0.9905999999999682837 ) ) ;
#7170 = DIRECTION ( 'NONE',  ( -0.000000000000000000, -1.000000000000000000, -0.000000000000000000 ) ) ;
#7171 = EDGE_LOOP ( 'NONE', ( #5215, #6039, #1839, #5703 ) ) ;
#7172 = LINE ( 'NONE', #522, #44 ) ;
#7173 = VECTOR ( 'NONE', #2626, 1000.000000000000000 ) ;
#7174 = EDGE_LOOP ( 'NONE', ( #9069, #8182 ) ) ;
#7175 = DIRECTION ( 'NONE',  ( -1.000000000000000000, 0.000000000000000000, 0.000000000000000000 ) ) ;
#7176 = FACE_OUTER_BOUND ( 'NONE', #3490, .T. ) ;
#7177 = AXIS2_PLACEMENT_3D ( 'NONE', #7680, #2522, #5990 ) ;
#7178 = DIRECTION ( 'NONE',  ( 0.000000000000000000, -1.000000000000000000, 0.000000000000000000 ) ) ;
#7179 = EDGE_CURVE ( 'NONE', #1037, #1706, #6551, .T. ) ;
#7180 = CARTESIAN_POINT ( 'NONE',  ( 3.100387500000072016, 1.524000000000020227, -2.625089999999998369 ) ) ;
#7181 = PLANE ( 'NONE',  #9301 ) ;
#7182 = DIRECTION ( 'NONE',  ( -1.000000000000000000, 0.000000000000000000, 0.000000000000000000 ) ) ;
#7183 = CARTESIAN_POINT ( 'NONE',  ( -5.619749999999999801, 11.93800000000000061, -2.438400000000001899 ) ) ;
#7184 = EDGE_CURVE ( 'NONE', #3074, #8113, #5028, .T. ) ;
#7185 = COLOUR_RGB ( '',0.7921568627450980005, 0.8196078431372548767, 0.9333333333333333481 ) ;
#7186 = ORIENTED_EDGE ( 'NONE', *, *, #138, .T. ) ;
#7187 = FACE_OUTER_BOUND ( 'NONE', #8694, .T. ) ;
#7188 = AXIS2_PLACEMENT_3D ( 'NONE', #1578, #9515, #8079 ) ;
#7189 = DIRECTION ( 'NONE',  ( 0.000000000000000000, -1.000000000000000000, -1.024442997624098658E-15 ) ) ;
#7190 = CARTESIAN_POINT ( 'NONE',  ( -0.9651999999999993918, -3.175000000000000711, 2.226310000000002010 ) ) ;
#7191 = COLOUR_RGB ( '',0.7921568627450980005, 0.8196078431372548767, 0.9333333333333333481 ) ;
#7192 = EDGE_CURVE ( 'NONE', #1283, #6780, #289, .T. ) ;
#7193 = EDGE_CURVE ( 'NONE', #4026, #6806, #4353, .T. ) ;
#7194 = CARTESIAN_POINT ( 'NONE',  ( 14.60500000000000043, 0.000000000000000000, -2.540000000000002256 ) ) ;
#7195 = LINE ( 'NONE', #7696, #2633 ) ;
#7196 = ORIENTED_EDGE ( 'NONE', *, *, #7718, .F. ) ;
#7197 = DIRECTION ( 'NONE',  ( -0.2567226118398958090, 0.9664851269264842504, 0.000000000000000000 ) ) ;
#7198 = ORIENTED_EDGE ( 'NONE', *, *, #1323, .T. ) ;
#7199 = CARTESIAN_POINT ( 'NONE',  ( -11.12520000000000131, 0.000000000000000000, 2.625090000000000146 ) ) ;
#7200 = VERTEX_POINT ( 'NONE', #8762 ) ;
#7201 = VECTOR ( 'NONE', #6776, 1000.000000000000000 ) ;
#7202 = VERTEX_POINT ( 'NONE', #2163 ) ;
#7203 = CARTESIAN_POINT ( 'NONE',  ( -16.00200000000000244, 15.49400000000000155, 0.000000000000000000 ) ) ;
#7204 = ORIENTED_EDGE ( 'NONE', *, *, #265, .T. ) ;
#7205 = VECTOR ( 'NONE', #8295, 1000.000000000000000 ) ;
#7206 = CARTESIAN_POINT ( 'NONE',  ( -11.02360000000000184, 1.523999999999999355, -1.329987205696001373 ) ) ;
#7207 = VERTEX_POINT ( 'NONE', #5122 ) ;
#7208 = SURFACE_STYLE_USAGE ( .BOTH. , #3541 ) ;
#7209 = ORIENTED_EDGE ( 'NONE', *, *, #4624, .T. ) ;
#7210 = DIRECTION ( 'NONE',  ( 0.000000000000000000, 0.000000000000000000, -1.000000000000000000 ) ) ;
#7211 = ORIENTED_EDGE ( 'NONE', *, *, #4620, .T. ) ;
#7212 = EDGE_LOOP ( 'NONE', ( #5393, #3209, #433, #124 ) ) ;
#7213 = PLANE ( 'NONE',  #7623 ) ;
#7214 = LINE ( 'NONE', #8702, #64 ) ;
#7215 = LINE ( 'NONE', #1341, #1129 ) ;
#7216 = EDGE_CURVE ( 'NONE', #5993, #4421, #8046, .T. ) ;
#7217 = CARTESIAN_POINT ( 'NONE',  ( 12.69999999999999929, 1.523999999999999355, 0.000000000000000000 ) ) ;
#7218 = DIRECTION ( 'NONE',  ( 0.9713212062349246834, 0.000000000000000000, -0.2377711385310060377 ) ) ;
#7219 = DIRECTION ( 'NONE',  ( -0.000000000000000000, -0.000000000000000000, 1.000000000000000000 ) ) ;
#7220 = ORIENTED_EDGE ( 'NONE', *, *, #5641, .F. ) ;
#7221 = APPLICATION_CONTEXT ( 'automotive_design' ) ;
#7222 = CARTESIAN_POINT ( 'NONE',  ( 6.045200000000000351, 0.000000000000000000, 2.625090000000000146 ) ) ;
#7223 = ORIENTED_EDGE ( 'NONE', *, *, #8435, .F. ) ;
#7224 = DIRECTION ( 'NONE',  ( 0.000000000000000000, 1.000000000000000000, 0.000000000000000000 ) ) ;
#7225 = DIRECTION ( 'NONE',  ( 0.9664851269265090083, -0.2567226118398023837, -0.000000000000000000 ) ) ;
#7226 = CARTESIAN_POINT ( 'NONE',  ( 12.69999999999999929, 0.000000000000000000, 3.810000000000000941 ) ) ;
#7227 = CARTESIAN_POINT ( 'NONE',  ( -6.045200000000000351, -3.175000000000000711, -2.625089999999998369 ) ) ;
#7228 = DIRECTION ( 'NONE',  ( -0.000000000000000000, -1.000000000000000000, -0.000000000000000000 ) ) ;
#7229 = FACE_OUTER_BOUND ( 'NONE', #7687, .T. ) ;
#7230 = DIRECTION ( 'NONE',  ( 1.000000000000000000, 0.000000000000000000, 0.000000000000000000 ) ) ;
#7231 = ORIENTED_EDGE ( 'NONE', *, *, #2933, .F. ) ;
#7232 = CARTESIAN_POINT ( 'NONE',  ( -11.73480000000000345, 1.734723475976807094E-15, -2.625089999999998369 ) ) ;
#7233 = EDGE_CURVE ( 'NONE', #8076, #4084, #7327, .T. ) ;
#7234 = CARTESIAN_POINT ( 'NONE',  ( 1.574800000000001088, 0.000000000000000000, 2.625090000000000146 ) ) ;
#7235 = CARTESIAN_POINT ( 'NONE',  ( -12.13961250000000014, 1.523999999999999355, 2.226309999999998901 ) ) ;
#7236 = LINE ( 'NONE', #6457, #9142 ) ;
#7237 = DIRECTION ( 'NONE',  ( 0.000000000000000000, 0.000000000000000000, -1.000000000000000000 ) ) ;
#7238 = UNCERTAINTY_MEASURE_WITH_UNIT (LENGTH_MEASURE( 1.000000000000000082E-05 ), #6470, 'distance_accuracy_value', 'NONE');
#7239 = ORIENTED_EDGE ( 'NONE', *, *, #651, .T. ) ;
#7240 = DIRECTION ( 'NONE',  ( 0.000000000000000000, 1.000000000000000000, 0.000000000000000000 ) ) ;
#7241 = VERTEX_POINT ( 'NONE', #6743 ) ;
#7242 = CARTESIAN_POINT ( 'NONE',  ( -11.65860000000000518, 1.523999999999999355, -1.329987205696001373 ) ) ;
#7243 = ORIENTED_EDGE ( 'NONE', *, *, #72, .F. ) ;
#7244 = EDGE_CURVE ( 'NONE', #1294, #546, #162, .T. ) ;
#7245 = EDGE_CURVE ( 'NONE', #2759, #7207, #1694, .T. ) ;
#7246 = ORIENTED_EDGE ( 'NONE', *, *, #8039, .T. ) ;
#7247 = DIRECTION ( 'NONE',  ( -0.9664851269265090083, -0.2567226118398023837, 0.000000000000000000 ) ) ;
#7248 = ORIENTED_EDGE ( 'NONE', *, *, #5930, .T. ) ;
#7249 =( LENGTH_UNIT ( ) NAMED_UNIT ( * ) SI_UNIT ( .MILLI., .METRE. ) );
#7250 = EDGE_CURVE ( 'NONE', #893, #1481, #6167, .T. ) ;
#7251 = AXIS2_PLACEMENT_3D ( 'NONE', #8995, #5352, #5210 ) ;
#7252 = ORIENTED_EDGE ( 'NONE', *, *, #2895, .T. ) ;
#7253 = EDGE_CURVE ( 'NONE', #4931, #4450, #7467, .T. ) ;
#7254 = CARTESIAN_POINT ( 'NONE',  ( -15.23999999999999666, 4.572000000000000064, -3.047999999999996934 ) ) ;
#7255 = VERTEX_POINT ( 'NONE', #3181 ) ;
#7256 = CARTESIAN_POINT ( 'NONE',  ( -16.00200000000000244, -3.175000000000000711, 0.000000000000000000 ) ) ;
#7257 = AXIS2_PLACEMENT_3D ( 'NONE', #2986, #7412, #9433 ) ;
#7258 = ORIENTED_EDGE ( 'NONE', *, *, #1707, .T. ) ;
#7259 = CARTESIAN_POINT ( 'NONE',  ( -12.16025000000000489, 15.49400000000000155, 0.000000000000000000 ) ) ;
#7260 = ORIENTED_EDGE ( 'NONE', *, *, #7659, .F. ) ;
#7261 = DIRECTION ( 'NONE',  ( -0.000000000000000000, 1.000000000000000000, -0.000000000000000000 ) ) ;
#7262 =( NAMED_UNIT ( * ) PLANE_ANGLE_UNIT ( ) SI_UNIT ( $, .RADIAN. ) );
#7263 = EDGE_CURVE ( 'NONE', #5505, #8837, #3914, .T. ) ;
#7264 = LINE ( 'NONE', #8800, #4953 ) ;
#7265 = VECTOR ( 'NONE', #1066, 1000.000000000000114 ) ;
#7266 = PLANE ( 'NONE',  #6424 ) ;
#7267 = SURFACE_SIDE_STYLE ('',( #9475 ) ) ;
#7268 = EDGE_LOOP ( 'NONE', ( #1800, #898, #4232, #1623 ) ) ;
#7269 = LINE ( 'NONE', #664, #6643 ) ;
#7270 = VECTOR ( 'NONE', #6349, 1000.000000000000000 ) ;
#7271 = ADVANCED_FACE ( 'NONE', ( #7619 ), #9057, .T. ) ;
#7272 = VERTEX_POINT ( 'NONE', #1745 ) ;
#7273 = DIRECTION ( 'NONE',  ( -0.2567226118398023837, -0.9664851269265090083, 0.000000000000000000 ) ) ;
#7274 = DIRECTION ( 'NONE',  ( 0.000000000000000000, 0.000000000000000000, -1.000000000000000000 ) ) ;
#7275 = VECTOR ( 'NONE', #5727, 1000.000000000000000 ) ;
#7276 = CARTESIAN_POINT ( 'NONE',  ( -10.72038750000000462, 1.523999999999999355, -2.625089999999998369 ) ) ;
#7277 = PLANE ( 'NONE',  #6401 ) ;
#7278 = DIRECTION ( 'NONE',  ( 0.000000000000000000, 0.000000000000000000, -1.000000000000000000 ) ) ;
#7279 = EDGE_LOOP ( 'NONE', ( #7786, #1328, #3316, #8794, #4546, #2296, #8924, #1525, #9411, #6718, #8987, #5467 ) ) ;
#7280 = CARTESIAN_POINT ( 'NONE',  ( -12.16025000000000489, 15.49400000000000155, 0.000000000000000000 ) ) ;
#7281 = PLANE ( 'NONE',  #6682 ) ;
#7282 =( GEOMETRIC_REPRESENTATION_CONTEXT ( 3 ) GLOBAL_UNCERTAINTY_ASSIGNED_CONTEXT ( ( #4159 ) ) GLOBAL_UNIT_ASSIGNED_CONTEXT ( ( #6771, #8129, #6059 ) ) REPRESENTATION_CONTEXT ( 'NONE', 'WORKASPACE' ) );
#7283 = FACE_OUTER_BOUND ( 'NONE', #5816, .T. ) ;
#7284 = ADVANCED_FACE ( 'NONE', ( #909 ), #3132, .T. ) ;
#7285 = PLANE ( 'NONE',  #6354 ) ;
#7286 = CARTESIAN_POINT ( 'NONE',  ( -6.654800000000002491, 1.523999999999999355, 2.625090000000000146 ) ) ;
#7287 = ORIENTED_EDGE ( 'NONE', *, *, #3362, .F. ) ;
#7288 = LINE ( 'NONE', #2133, #3561 ) ;
#7289 = AXIS2_PLACEMENT_3D ( 'NONE', #4522, #5808, #4428 ) ;
#7290 = EDGE_LOOP ( 'NONE', ( #8432, #8568, #4485, #952 ) ) ;
#7291 = CARTESIAN_POINT ( 'NONE',  ( 15.49399999999999800, 15.49400000000000155, -4.673600000000001309 ) ) ;
#7292 = ORIENTED_EDGE ( 'NONE', *, *, #6652, .F. ) ;
#7293 = EDGE_LOOP ( 'NONE', ( #8700, #5093, #2284, #7634 ) ) ;
#7294 = DIRECTION ( 'NONE',  ( -0.2567226118398023837, 0.9664851269265090083, 0.000000000000000000 ) ) ;
#7295 = VECTOR ( 'NONE', #6612, 999.9999999999998863 ) ;
#7296 = DIRECTION ( 'NONE',  ( 1.000000000000000000, 0.000000000000000000, 0.000000000000000000 ) ) ;
#7297 = EDGE_CURVE ( 'NONE', #2250, #993, #112, .T. ) ;
#7298 = ORIENTED_EDGE ( 'NONE', *, *, #8799, .T. ) ;
#7299 = VECTOR ( 'NONE', #3077, 1000.000000000000000 ) ;
#7300 = ORIENTED_EDGE ( 'NONE', *, *, #2125, .T. ) ;
#7301 = AXIS2_PLACEMENT_3D ( 'NONE', #6896, #8400, #1803 ) ;
#7302 = CARTESIAN_POINT ( 'NONE',  ( -16.00200000000000244, -3.175000000000000711, 2.226310000000002010 ) ) ;
#7303 = ADVANCED_FACE ( 'NONE', ( #8240 ), #5317, .T. ) ;
#7304 = ORIENTED_EDGE ( 'NONE', *, *, #1599, .T. ) ;
#7305 = CARTESIAN_POINT ( 'NONE',  ( -15.23999999999999666, 6.604000000000000092, 4.673600000000000421 ) ) ;
#7306 = VERTEX_POINT ( 'NONE', #1597 ) ;
#7307 = DIRECTION ( 'NONE',  ( 0.000000000000000000, -0.000000000000000000, -1.000000000000000000 ) ) ;
#7308 = SURFACE_SIDE_STYLE ('',( #896 ) ) ;
#7309 = VECTOR ( 'NONE', #8007, 1000.000000000000000 ) ;
#7310 = CLOSED_SHELL ( 'NONE', ( #9012, #8963, #479, #1296 ) ) ;
#7311 = CARTESIAN_POINT ( 'NONE',  ( -11.36226667676000446, 1.523999999999999355, -1.200285093497998057 ) ) ;
#7312 = EDGE_CURVE ( 'NONE', #1445, #8884, #6076, .T. ) ;
#7313 = EDGE_CURVE ( 'NONE', #8950, #17, #3651, .T. ) ;
#7314 = LINE ( 'NONE', #800, #7970 ) ;
#7315 = DIRECTION ( 'NONE',  ( 0.000000000000000000, 0.000000000000000000, -1.000000000000000000 ) ) ;
#7316 = ORIENTED_EDGE ( 'NONE', *, *, #6326, .F. ) ;
#7317 = CARTESIAN_POINT ( 'NONE',  ( -11.65859999999999808, 1.523999999999999355, -1.329987205696001373 ) ) ;
#7318 = VERTEX_POINT ( 'NONE', #960 ) ;
#7319 =( NAMED_UNIT ( * ) SI_UNIT ( $, .STERADIAN. ) SOLID_ANGLE_UNIT ( ) );
#7320 = VERTEX_POINT ( 'NONE', #1646 ) ;
#7321 = FACE_OUTER_BOUND ( 'NONE', #5732, .T. ) ;
#7322 = CARTESIAN_POINT ( 'NONE',  ( 4.540249999999995900, 11.93800000000000061, 2.438400000000000123 ) ) ;
#7323 = ADVANCED_FACE ( 'NONE', ( #3860 ), #4602, .T. ) ;
#7324 = DIRECTION ( 'NONE',  ( 0.000000000000000000, -0.000000000000000000, 1.000000000000000000 ) ) ;
#7325 = VECTOR ( 'NONE', #7344, 1000.000000000000000 ) ;
#7326 = FACE_OUTER_BOUND ( 'NONE', #2433, .T. ) ;
#7327 = LINE ( 'NONE', #6890, #4894 ) ;
#7328 = DIRECTION ( 'NONE',  ( -0.2567226118398500123, 0.9664851269264963518, 0.000000000000000000 ) ) ;
#7329 = VECTOR ( 'NONE', #1411, 1000.000000000000114 ) ;
#7330 = LINE ( 'NONE', #3714, #7489 ) ;
#7331 = CARTESIAN_POINT ( 'NONE',  ( -12.70000000000000284, 1.523999999999999355, -1.540677576214998235 ) ) ;
#7332 = CIRCLE ( 'NONE', #3179, 2.158999999999999364 ) ;
#7333 = DIRECTION ( 'NONE',  ( -0.000000000000000000, -0.000000000000000000, 1.000000000000000000 ) ) ;
#7334 = ADVANCED_FACE ( 'NONE', ( #2306 ), #8912, .T. ) ;
#7335 = CARTESIAN_POINT ( 'NONE',  ( -12.70000000000000284, 0.000000000000000000, 3.810000000000000941 ) ) ;
#7336 = CARTESIAN_POINT ( 'NONE',  ( 12.69999999999999929, 1.106182791011101063, -2.137382390413953281 ) ) ;
#7337 = VECTOR ( 'NONE', #7428, 1000.000000000000114 ) ;
#7338 = ORIENTED_EDGE ( 'NONE', *, *, #8476, .F. ) ;
#7339 = FACE_OUTER_BOUND ( 'NONE', #8807, .T. ) ;
#7340 = EDGE_LOOP ( 'NONE', ( #5191, #4269, #3889, #6858 ) ) ;
#7341 = CARTESIAN_POINT ( 'NONE',  ( -12.70000000000000284, 1.523999999999999355, -1.540677576214998235 ) ) ;
#7342 = ORIENTED_EDGE ( 'NONE', *, *, #6267, .F. ) ;
#7343 = ORIENTED_EDGE ( 'NONE', *, *, #7718, .T. ) ;
#7344 = DIRECTION ( 'NONE',  ( 0.000000000000000000, 0.000000000000000000, -1.000000000000000000 ) ) ;
#7345 = STYLED_ITEM ( 'NONE', ( #8564 ), #7406 ) ;
#7346 = CARTESIAN_POINT ( 'NONE',  ( 3.079749999999999321, 13.53961048947607893, -0.9905999999999335337 ) ) ;
#7347 = ORIENTED_EDGE ( 'NONE', *, *, #4083, .T. ) ;
#7348 = DIRECTION ( 'NONE',  ( 0.000000000000000000, -1.000000000000000000, 0.000000000000000000 ) ) ;
#7349 = EDGE_LOOP ( 'NONE', ( #6542, #8785, #1712, #2667 ) ) ;
#7350 = CARTESIAN_POINT ( 'NONE',  ( -14.60500000000000043, 0.000000000000000000, -3.810000000000002718 ) ) ;
#7351 = ORIENTED_EDGE ( 'NONE', *, *, #1853, .T. ) ;
#7352 = DIRECTION ( 'NONE',  ( 1.000000000000000000, -0.000000000000000000, -0.000000000000000000 ) ) ;
#7353 = VERTEX_POINT ( 'NONE', #6025 ) ;
#7354 = EDGE_CURVE ( 'NONE', #6806, #3587, #6789, .T. ) ;
#7355 = DIRECTION ( 'NONE',  ( -1.000000000000000000, 0.000000000000000000, 0.000000000000000000 ) ) ;
#7356 =( NAMED_UNIT ( * ) SI_UNIT ( $, .STERADIAN. ) SOLID_ANGLE_UNIT ( ) );
#7357 =( NAMED_UNIT ( * ) PLANE_ANGLE_UNIT ( ) SI_UNIT ( $, .RADIAN. ) );
#7358 = EDGE_CURVE ( 'NONE', #1978, #4877, #2409, .T. ) ;
#7359 = FACE_OUTER_BOUND ( 'NONE', #5197, .T. ) ;
#7360 = CARTESIAN_POINT ( 'NONE',  ( -16.00200000000000244, 15.49400000000000155, 4.673600000000000421 ) ) ;
#7361 = ORIENTED_EDGE ( 'NONE', *, *, #782, .F. ) ;
#7362 = DIRECTION ( 'NONE',  ( -1.000000000000000000, 0.000000000000000000, 0.000000000000000000 ) ) ;
#7363 = ORIENTED_EDGE ( 'NONE', *, *, #3933, .F. ) ;
#7364 = LINE ( 'NONE', #8906, #4174 ) ;
#7365 = EDGE_CURVE ( 'NONE', #1169, #7584, #473, .T. ) ;
#7366 = FACE_OUTER_BOUND ( 'NONE', #390, .T. ) ;
#7367 = EDGE_CURVE ( 'NONE', #7731, #5593, #397, .T. ) ;
#7368 = CARTESIAN_POINT ( 'NONE',  ( -16.00200000000000244, 1.523999999999999355, -2.625089999999998369 ) ) ;
#7369 = DIRECTION ( 'NONE',  ( 0.000000000000000000, 1.000000000000000000, 0.000000000000000000 ) ) ;
#7370 = CYLINDRICAL_SURFACE ( 'NONE', #3310, 0.7619999999999987894 ) ;
#7371 = CARTESIAN_POINT ( 'NONE',  ( -11.12520000000000131, 1.523999999999999355, -2.625089999999998369 ) ) ;
#7372 = FACE_OUTER_BOUND ( 'NONE', #8072, .T. ) ;
#7373 = ADVANCED_FACE ( 'NONE', ( #4876 ), #3406, .T. ) ;
#7374 = FILL_AREA_STYLE_COLOUR ( '', #6410 ) ;
#7375 = PLANE ( 'NONE',  #1783 ) ;
#7376 = CARTESIAN_POINT ( 'NONE',  ( 1.574800000000001088, 0.000000000000000000, 2.625090000000000146 ) ) ;
#7377 = CARTESIAN_POINT ( 'NONE',  ( -16.00200000000000244, -3.175000000000000711, -2.226310000000000233 ) ) ;
#7378 = FACE_OUTER_BOUND ( 'NONE', #2501, .T. ) ;
#7379 = EDGE_CURVE ( 'NONE', #4569, #7101, #5636, .T. ) ;
#7380 = CARTESIAN_POINT ( 'NONE',  ( -4.519612499999999145, 1.523999999999999355, 2.625090000000000146 ) ) ;
#7381 = VERTEX_POINT ( 'NONE', #3367 ) ;
#7382 = DIRECTION ( 'NONE',  ( 0.000000000000000000, -1.000000000000000000, 0.000000000000000000 ) ) ;
#7383 = EDGE_LOOP ( 'NONE', ( #5047, #1560, #8777, #127, #6016, #3901 ) ) ;
#7384 = EDGE_CURVE ( 'NONE', #1673, #1152, #4007, .T. ) ;
#7385 = VERTEX_POINT ( 'NONE', #6345 ) ;
#7386 = CARTESIAN_POINT ( 'NONE',  ( 3.079749999999999321, 10.33638951052392230, 0.9905999999999317573 ) ) ;
#7387 = CARTESIAN_POINT ( 'NONE',  ( -8.180387500000003698, 1.523999999999999355, -2.226309999999997125 ) ) ;
#7388 = ORIENTED_EDGE ( 'NONE', *, *, #8480, .F. ) ;
#7389 = VERTEX_POINT ( 'NONE', #1197 ) ;
#7390 = DIRECTION ( 'NONE',  ( -1.000000000000000000, 0.000000000000000000, 0.000000000000000000 ) ) ;
#7391 = VERTEX_POINT ( 'NONE', #5683 ) ;
#7392 = CARTESIAN_POINT ( 'NONE',  ( -3.505199999999999871, -3.175000000000000711, 2.226310000000002010 ) ) ;
#7393 = ORIENTED_EDGE ( 'NONE', *, *, #1426, .T. ) ;
#7394 = LINE ( 'NONE', #3691, #7079 ) ;
#7395 = VERTEX_POINT ( 'NONE', #4188 ) ;
#7396 = CARTESIAN_POINT ( 'NONE',  ( 3.079749999999999321, 15.49400000000000155, 0.000000000000000000 ) ) ;
#7397 = LINE ( 'NONE', #4635, #4694 ) ;
#7398 = VECTOR ( 'NONE', #1290, 1000.000000000000000 ) ;
#7399 = CYLINDRICAL_SURFACE ( 'NONE', #188, 0.7619999999999987894 ) ;
#7400 = CARTESIAN_POINT ( 'NONE',  ( 4.519612499999964506, 1.524000000000004462, 2.625090000000000146 ) ) ;
#7401 = EDGE_CURVE ( 'NONE', #5569, #893, #4055, .T. ) ;
#7402 = PRESENTATION_STYLE_ASSIGNMENT (( #947 ) ) ;
#7403 = VERTEX_POINT ( 'NONE', #2642 ) ;
#7404 = AXIS2_PLACEMENT_3D ( 'NONE', #6984, #4829, #4005 ) ;
#7405 = CARTESIAN_POINT ( 'NONE',  ( 5.619749999999999801, 13.53961048947607893, -0.9905999999999335337 ) ) ;
#7406 = MANIFOLD_SOLID_BREP ( 'Split2[6]', #2228 ) ;
#7407 = ORIENTED_EDGE ( 'NONE', *, *, #1492, .T. ) ;
#7408 = EDGE_LOOP ( 'NONE', ( #6633, #1677, #4737, #1163 ) ) ;
#7409 = AXIS2_PLACEMENT_3D ( 'NONE', #1904, #3987, #8498 ) ;
#7410 = DIRECTION ( 'NONE',  ( 0.000000000000000000, -1.000000000000000000, 0.000000000000000000 ) ) ;
#7411 = VECTOR ( 'NONE', #2352, 1000.000000000000114 ) ;
#7412 = DIRECTION ( 'NONE',  ( -1.000000000000000000, 0.000000000000000000, 0.000000000000000000 ) ) ;
#7413 = PLANE ( 'NONE',  #3570 ) ;
#7414 = PLANE ( 'NONE',  #6381 ) ;
#7415 = CARTESIAN_POINT ( 'NONE',  ( -13.84300000000000175, 0.000000000000000000, 3.048000000000002263 ) ) ;
#7416 = VECTOR ( 'NONE', #475, 1000.000000000000000 ) ;
#7417 = EDGE_CURVE ( 'NONE', #737, #1445, #6930, .T. ) ;
#7418 = CARTESIAN_POINT ( 'NONE',  ( 0.5397499999999986198, 11.93800000000000061, -2.438400000000001899 ) ) ;
#7419 = EDGE_CURVE ( 'NONE', #877, #3029, #4831, .T. ) ;
#7420 = VECTOR ( 'NONE', #3275, 1000.000000000000000 ) ;
#7421 = EDGE_CURVE ( 'NONE', #8465, #6562, #2558, .T. ) ;
#7422 = FACE_OUTER_BOUND ( 'NONE', #7990, .T. ) ;
#7423 = MANIFOLD_SOLID_BREP ( 'Split1[12]', #1155 ) ;
#7424 = VECTOR ( 'NONE', #6196, 1000.000000000000000 ) ;
#7425 = DIRECTION ( 'NONE',  ( -1.000000000000000000, 0.000000000000000000, 0.000000000000000000 ) ) ;
#7426 = PLANE ( 'NONE',  #9425 ) ;
#7427 = DIRECTION ( 'NONE',  ( -1.000000000000000000, 0.000000000000000000, 0.000000000000000000 ) ) ;
#7428 = DIRECTION ( 'NONE',  ( -0.8265992788013862835, 0.000000000000000000, 0.5627909312391484731 ) ) ;
#7429 = UNCERTAINTY_MEASURE_WITH_UNIT (LENGTH_MEASURE( 1.000000000000000082E-05 ), #2308, 'distance_accuracy_value', 'NONE');
#7430 = LINE ( 'NONE', #8205, #2324 ) ;
#7431 = EDGE_CURVE ( 'NONE', #2728, #8550, #5065, .T. ) ;
#7432 = EDGE_LOOP ( 'NONE', ( #9146, #5242, #6819, #8286 ) ) ;
#7433 = AXIS2_PLACEMENT_3D ( 'NONE', #9113, #871, #1022 ) ;
#7434 = ORIENTED_EDGE ( 'NONE', *, *, #1391, .T. ) ;
#7435 = STYLED_ITEM ( 'NONE', ( #9372 ), #4272 ) ;
#7436 = VERTEX_POINT ( 'NONE', #1844 ) ;
#7437 = LINE ( 'NONE', #1665, #1644 ) ;
#7438 = DIRECTION ( 'NONE',  ( -1.000000000000000000, 0.000000000000000000, 0.000000000000000000 ) ) ;
#7439 = MANIFOLD_SOLID_BREP ( 'Split1[22]', #91 ) ;
#7440 = EDGE_CURVE ( 'NONE', #3318, #4437, #7938, .T. ) ;
#7441 = ORIENTED_EDGE ( 'NONE', *, *, #2600, .F. ) ;
#7442 = EDGE_LOOP ( 'NONE', ( #5919, #7153, #8112, #9130 ) ) ;
#7443 = ORIENTED_EDGE ( 'NONE', *, *, #5182, .F. ) ;
#7444 = DIRECTION ( 'NONE',  ( 0.000000000000000000, -0.000000000000000000, 1.000000000000000000 ) ) ;
#7445 = ORIENTED_EDGE ( 'NONE', *, *, #1071, .F. ) ;
#7446 = AXIS2_PLACEMENT_3D ( 'NONE', #411, #3339, #6281 ) ;
#7447 = CARTESIAN_POINT ( 'NONE',  ( -11.02360000000000184, 1.397000000000000686, -2.108199999999999186 ) ) ;
#7448 = ORIENTED_EDGE ( 'NONE', *, *, #83, .T. ) ;
#7449 = CARTESIAN_POINT ( 'NONE',  ( 11.73479999999999990, 0.000000000000000000, 2.625090000000000146 ) ) ;
#7450 = DIRECTION ( 'NONE',  ( 0.000000000000000000, -1.000000000000000000, 0.000000000000000000 ) ) ;
#7451 = CARTESIAN_POINT ( 'NONE',  ( -16.00200000000000244, -3.175000000000000711, 0.000000000000000000 ) ) ;
#7452 = VECTOR ( 'NONE', #2983, 1000.000000000000114 ) ;
#7453 = LINE ( 'NONE', #3796, #2779 ) ;
#7454 = AXIS2_PLACEMENT_3D ( 'NONE', #3600, #2004, #610 ) ;
#7455 = DIRECTION ( 'NONE',  ( -1.000000000000000000, 0.000000000000000000, 0.000000000000000000 ) ) ;
#7456 = DIRECTION ( 'NONE',  ( 0.000000000000000000, 0.000000000000000000, -1.000000000000000000 ) ) ;
#7457 = VERTEX_POINT ( 'NONE', #4340 ) ;
#7458 = CARTESIAN_POINT ( 'NONE',  ( 13.97000000000000242, 8.001000000000001222, -0.9905999999999994809 ) ) ;
#7459 = MANIFOLD_SOLID_BREP ( 'Split1[4]', #4564 ) ;
#7460 = ORIENTED_EDGE ( 'NONE', *, *, #56, .T. ) ;
#7461 = ORIENTED_EDGE ( 'NONE', *, *, #6919, .F. ) ;
#7462 = CLOSED_SHELL ( 'NONE', ( #4642, #1245, #2000, #5546, #1940, #1069, #5250, #2958, #1508, #903, #6469, #7671, #8296, #1174, #6535, #7817, #5613, #4574, #5711, #7920, #3006, #1545, #5781, #8595, #672, #3055, #1787, #7373, #1048, #7633 ) ) ;
#7463 = CARTESIAN_POINT ( 'NONE',  ( 8.180387500000080081, 1.524000000000009791, -2.226309999999997125 ) ) ;
#7464 = CARTESIAN_POINT ( 'NONE',  ( -1.979612500000074604, 1.523999999999990695, -2.226310000000000233 ) ) ;
#7465 = CARTESIAN_POINT ( 'NONE',  ( -8.585200000000000387, -3.175000000000000711, -2.226310000000000233 ) ) ;
#7466 = FACE_OUTER_BOUND ( 'NONE', #4219, .T. ) ;
#7467 = LINE ( 'NONE', #5415, #6120 ) ;
#7468 = DIRECTION ( 'NONE',  ( -0.000000000000000000, -0.000000000000000000, 1.000000000000000000 ) ) ;
#7469 = CARTESIAN_POINT ( 'NONE',  ( -6.045200000000000351, 0.000000000000000000, 2.226310000000002010 ) ) ;
#7470 = CARTESIAN_POINT ( 'NONE',  ( -11.12520000000000131, 0.000000000000000000, 2.226309999999998901 ) ) ;
#7471 = ADVANCED_FACE ( 'NONE', ( #8658 ), #1443, .T. ) ;
#7472 = DIRECTION ( 'NONE',  ( -0.000000000000000000, -1.000000000000000000, -0.000000000000000000 ) ) ;
#7473 = CARTESIAN_POINT ( 'NONE',  ( 3.505199999999999871, 0.000000000000000000, 2.625090000000000146 ) ) ;
#7474 = VECTOR ( 'NONE', #8157, 1000.000000000000000 ) ;
#7475 = CYLINDRICAL_SURFACE ( 'NONE', #7433, 0.7619999999999987894 ) ;
#7476 = DIRECTION ( 'NONE',  ( -0.2567226118398958090, -0.9664851269264842504, 0.000000000000000000 ) ) ;
#7477 = CARTESIAN_POINT ( 'NONE',  ( 8.585200000000000387, 1.523999999999999355, -2.625089999999998369 ) ) ;
#7478 = EDGE_CURVE ( 'NONE', #5240, #6426, #4245, .T. ) ;
#7479 = DIRECTION ( 'NONE',  ( -0.000000000000000000, -1.000000000000000000, -0.000000000000000000 ) ) ;
#7480 = ORIENTED_EDGE ( 'NONE', *, *, #8130, .T. ) ;
#7481 = VERTEX_POINT ( 'NONE', #568 ) ;
#7482 = AXIS2_PLACEMENT_3D ( 'NONE', #882, #176, #1615 ) ;
#7483 = DIRECTION ( 'NONE',  ( 0.000000000000000000, -1.000000000000000000, -1.024442997624098658E-15 ) ) ;
#7484 = PLANE ( 'NONE',  #7022 ) ;
#7485 = EDGE_CURVE ( 'NONE', #8543, #7395, #9376, .T. ) ;
#7486 = ADVANCED_FACE ( 'NONE', ( #3551 ), #101, .T. ) ;
#7487 = VECTOR ( 'NONE', #8531, 1000.000000000000000 ) ;
#7488 = MANIFOLD_SOLID_BREP ( 'Split2[17]', #7774 ) ;
#7489 = VECTOR ( 'NONE', #2896, 1000.000000000000000 ) ;
#7490 = VERTEX_POINT ( 'NONE', #7506 ) ;
#7491 = ORIENTED_EDGE ( 'NONE', *, *, #2122, .T. ) ;
#7492 = CARTESIAN_POINT ( 'NONE',  ( -2.000250000000002082, 13.53961048947607893, 0.9905999999999317573 ) ) ;
#7493 = ORIENTED_EDGE ( 'NONE', *, *, #2535, .F. ) ;
#7494 = CARTESIAN_POINT ( 'NONE',  ( -12.70000000000000284, 0.000000000000000000, -2.540000000000002256 ) ) ;
#7495 = PRESENTATION_LAYER_ASSIGNMENT (  '', '', ( #7345 ) ) ;
#7496 = ORIENTED_EDGE ( 'NONE', *, *, #7881, .T. ) ;
#7497 = CARTESIAN_POINT ( 'NONE',  ( -11.02360000000000184, 1.523999999999999355, -1.373221303654000414 ) ) ;
#7498 = EDGE_LOOP ( 'NONE', ( #5253, #8698, #5051, #6813 ) ) ;
#7499 = DIRECTION ( 'NONE',  ( 0.000000000000000000, -0.3420201433256990775, -0.9396926207858974367 ) ) ;
#7500 = DIRECTION ( 'NONE',  ( 0.2567226118398510670, -0.9664851269264960187, -0.000000000000000000 ) ) ;
#7501 = CIRCLE ( 'NONE', #8725, 2.158999999999999364 ) ;
#7503 = FACE_OUTER_BOUND ( 'NONE', #6481, .T. ) ;
#7502 = VECTOR ( 'NONE', #7456, 1000.000000000000000 ) ;
#7504 = ORIENTED_EDGE ( 'NONE', *, *, #5466, .F. ) ;
#7505 = DIRECTION ( 'NONE',  ( -1.000000000000000000, 0.000000000000000000, 0.000000000000000000 ) ) ;
#7506 = CARTESIAN_POINT ( 'NONE',  ( 4.519612499999999145, 1.523999999999999355, -2.226309999999997125 ) ) ;
#7507 = EDGE_CURVE ( 'NONE', #4643, #5630, #300, .T. ) ;
#7508 = VERTEX_POINT ( 'NONE', #9048 ) ;
#7509 = DIRECTION ( 'NONE',  ( 1.000000000000000000, 0.000000000000000000, 0.000000000000000000 ) ) ;
#7510 = MANIFOLD_SOLID_BREP ( 'Split1[5]', #5626 ) ;
#7511 = ORIENTED_EDGE ( 'NONE', *, *, #8914, .F. ) ;
#7512 =( NAMED_UNIT ( * ) PLANE_ANGLE_UNIT ( ) SI_UNIT ( $, .RADIAN. ) );
#7513 = ORIENTED_EDGE ( 'NONE', *, *, #4960, .F. ) ;
#7514 = VECTOR ( 'NONE', #6010, 1000.000000000000000 ) ;
#7515 = ADVANCED_FACE ( 'NONE', ( #3170 ), #5305, .F. ) ;
#7516 = DIRECTION ( 'NONE',  ( -1.000000000000000000, 0.000000000000000000, 0.000000000000000000 ) ) ;
#7517 = VECTOR ( 'NONE', #2266, 1000.000000000000000 ) ;
#7518 = CARTESIAN_POINT ( 'NONE',  ( 0.5397499999999986198, 13.53961048947607893, -0.9905999999999335337 ) ) ;
#7519 = DIRECTION ( 'NONE',  ( -0.2567226118398023837, 0.9664851269265090083, 0.000000000000000000 ) ) ;
#7520 = DIRECTION ( 'NONE',  ( -0.2567226118398023837, 0.9664851269265090083, 0.000000000000000000 ) ) ;
#7521 = CARTESIAN_POINT ( 'NONE',  ( -9.194800000000002527, 1.523999999999999355, 2.625090000000000146 ) ) ;
#7522 = VERTEX_POINT ( 'NONE', #8326 ) ;
#7523 = DIRECTION ( 'NONE',  ( -0.000000000000000000, 0.9396926207858973257, 0.3420201433256990220 ) ) ;
#7524 = CARTESIAN_POINT ( 'NONE',  ( 12.13961250000000014, 1.523999999999999355, -2.226309999999997125 ) ) ;
#7525 = DIRECTION ( 'NONE',  ( -1.000000000000000000, 0.000000000000000000, 0.000000000000000000 ) ) ;
#7526 = LINE ( 'NONE', #1752, #6646 ) ;
#7527 = LINE ( 'NONE', #9111, #4849 ) ;
#7528 = CARTESIAN_POINT ( 'NONE',  ( -5.619749999999999801, 15.49400000000000155, 0.9906000000000012573 ) ) ;
#7529 = LINE ( 'NONE', #824, #3932 ) ;
#7530 = PLANE ( 'NONE',  #2414 ) ;
#7531 = CARTESIAN_POINT ( 'NONE',  ( -3.079749999999999321, 10.33638951052389210, 0.9905999999999665073 ) ) ;
#7532 = VERTEX_POINT ( 'NONE', #8176 ) ;
#7533 = EDGE_CURVE ( 'NONE', #8876, #5994, #195, .T. ) ;
#7534 = ORIENTED_EDGE ( 'NONE', *, *, #9504, .F. ) ;
#7535 = LINE ( 'NONE', #1663, #9158 ) ;
#7536 = LINE ( 'NONE', #925, #4104 ) ;
#7537 = DIRECTION ( 'NONE',  ( 0.000000000000000000, 0.000000000000000000, -1.000000000000000000 ) ) ;
#7538 = MANIFOLD_SOLID_BREP ( 'Split2[9]', #6087 ) ;
#7539 = VECTOR ( 'NONE', #3620, 1000.000000000000114 ) ;
#7540 = ORIENTED_EDGE ( 'NONE', *, *, #7485, .F. ) ;
#7541 = VERTEX_POINT ( 'NONE', #6251 ) ;
#7542 = EDGE_CURVE ( 'NONE', #3117, #6426, #851, .T. ) ;
#7543 = ORIENTED_EDGE ( 'NONE', *, *, #5238, .F. ) ;
#7544 = ADVANCED_FACE ( 'NONE', ( #7699 ), #1184, .T. ) ;
#7545 = PLANE ( 'NONE',  #2970 ) ;
#7546 = ORIENTED_EDGE ( 'NONE', *, *, #8952, .T. ) ;
#7547 = CARTESIAN_POINT ( 'NONE',  ( -16.00200000000000244, 1.523999999999999355, -2.625089999999998369 ) ) ;
#7548 = ORIENTED_EDGE ( 'NONE', *, *, #7743, .F. ) ;
#7549 = ADVANCED_FACE ( 'NONE', ( #5628 ), #387, .T. ) ;
#7550 = CARTESIAN_POINT ( 'NONE',  ( 13.84300000000000175, 4.572000000000000064, -3.047999999999996934 ) ) ;
#7551 = DIRECTION ( 'NONE',  ( 1.000000000000000000, 0.000000000000000000, 0.000000000000000000 ) ) ;
#7552 = ADVANCED_FACE ( 'NONE', ( #1049 ), #4171, .T. ) ;
#7553 = CARTESIAN_POINT ( 'NONE',  ( 5.640387499999927279, 1.523999999999980259, -2.625089999999998369 ) ) ;
#7554 = EDGE_LOOP ( 'NONE', ( #1338, #5537, #6519, #8585, #5498, #8889 ) ) ;
#7555 = LINE ( 'NONE', #8229, #6737 ) ;
#7556 = ORIENTED_EDGE ( 'NONE', *, *, #8193, .T. ) ;
#7557 = DIRECTION ( 'NONE',  ( -0.2001233733807021575, 0.000000000000000000, -0.9797707055361106754 ) ) ;
#7558 = VERTEX_POINT ( 'NONE', #9270 ) ;
#7559 = PLANE ( 'NONE',  #5092 ) ;
#7560 = VERTEX_POINT ( 'NONE', #5500 ) ;
#7561 = CARTESIAN_POINT ( 'NONE',  ( 4.540249999999995900, 11.93800000000000061, -2.438400000000001899 ) ) ;
#7562 = ADVANCED_FACE ( 'NONE', ( #1141 ), #428, .T. ) ;
#7563 = DIRECTION ( 'NONE',  ( 0.000000000000000000, -1.000000000000000000, 0.000000000000000000 ) ) ;
#7564 = AXIS2_PLACEMENT_3D ( 'NONE', #6538, #8031, #4962 ) ;
#7565 = VECTOR ( 'NONE', #8555, 1000.000000000000000 ) ;
#7566 = FACE_OUTER_BOUND ( 'NONE', #6606, .T. ) ;
#7567 = DIRECTION ( 'NONE',  ( -1.000000000000000000, 0.000000000000000000, 0.000000000000000000 ) ) ;
#7568 = ADVANCED_FACE ( 'NONE', ( #1957 ), #6923, .F. ) ;
#7569 = ORIENTED_EDGE ( 'NONE', *, *, #2360, .T. ) ;
#7570 = DIRECTION ( 'NONE',  ( 1.000000000000000000, 0.000000000000000000, 0.000000000000000000 ) ) ;
#7571 = CARTESIAN_POINT ( 'NONE',  ( -11.04476664648026230, 1.397000000000000686, -1.243519130898063541 ) ) ;
#7572 = AXIS2_PLACEMENT_3D ( 'NONE', #921, #4018, #4708 ) ;
#7573 = CARTESIAN_POINT ( 'NONE',  ( 5.619749999999999801, 11.93800000000000061, 2.438400000000000123 ) ) ;
#7574 = AXIS2_PLACEMENT_3D ( 'NONE', #6886, #1054, #9099 ) ;
#7575 = CARTESIAN_POINT ( 'NONE',  ( 6.654799999999995386, 0.000000000000000000, 2.625090000000000146 ) ) ;
#7576 = CARTESIAN_POINT ( 'NONE',  ( -11.04476664648039375, 1.523999999999999355, -1.243519130898098179 ) ) ;
#7577 = VECTOR ( 'NONE', #4029, 1000.000000000000000 ) ;
#7578 = LINE ( 'NONE', #7528, #5744 ) ;
#7579 = LINE ( 'NONE', #1067, #9157 ) ;
#7580 = FACE_OUTER_BOUND ( 'NONE', #5004, .T. ) ;
#7582 = CARTESIAN_POINT ( 'NONE',  ( -9.599612500000000992, 1.523999999999999355, 2.625090000000000146 ) ) ;
#7581 = COLOUR_RGB ( '',0.7921568627450980005, 0.8196078431372548767, 0.9333333333333333481 ) ;
#7583 = VERTEX_POINT ( 'NONE', #4091 ) ;
#7584 = VERTEX_POINT ( 'NONE', #462 ) ;
#7585 = VECTOR ( 'NONE', #4879, 1000.000000000000000 ) ;
#7586 = DIRECTION ( 'NONE',  ( -0.2567226118398505674, -0.9664851269264961298, 0.000000000000000000 ) ) ;
#7587 = CARTESIAN_POINT ( 'NONE',  ( 14.86273853094340325, 14.86273853094340325, 0.9905999999999985928 ) ) ;
#7588 = CARTESIAN_POINT ( 'NONE',  ( 2.000249999999994976, 15.49400000000000155, 0.9906000000000012573 ) ) ;
#7589 = ADVANCED_FACE ( 'NONE', ( #8380 ), #5582, .T. ) ;
#7590 = VECTOR ( 'NONE', #7746, 1000.000000000000000 ) ;
#7591 = VERTEX_POINT ( 'NONE', #4908 ) ;
#7592 = ORIENTED_EDGE ( 'NONE', *, *, #3909, .T. ) ;
#7593 = CARTESIAN_POINT ( 'NONE',  ( 12.69999999999999929, 1.106182791009999500, -2.137382390414001687 ) ) ;
#7594 = EDGE_LOOP ( 'NONE', ( #9377, #8023, #5845, #6106 ) ) ;
#7595 = CARTESIAN_POINT ( 'NONE',  ( -13.97000000000000242, 13.97000000000000064, 0.9906000000000012573 ) ) ;
#7596 = ORIENTED_EDGE ( 'NONE', *, *, #5351, .T. ) ;
#7597 = CARTESIAN_POINT ( 'NONE',  ( 11.12519999999997466, -6.938893903907228378E-15, 2.226310000000002010 ) ) ;
#7598 = ORIENTED_EDGE ( 'NONE', *, *, #5442, .T. ) ;
#7599 = CARTESIAN_POINT ( 'NONE',  ( -1.574800000000001088, 1.523999999999999355, -2.226310000000000233 ) ) ;
#7600 =( GEOMETRIC_REPRESENTATION_CONTEXT ( 3 ) GLOBAL_UNCERTAINTY_ASSIGNED_CONTEXT ( ( #1942 ) ) GLOBAL_UNIT_ASSIGNED_CONTEXT ( ( #5771, #5679, #8703 ) ) REPRESENTATION_CONTEXT ( 'NONE', 'WORKASPACE' ) );
#7601 = CARTESIAN_POINT ( 'NONE',  ( 14.60500000000000043, 0.000000000000000000, 2.540000000000000480 ) ) ;
#7602 = EDGE_CURVE ( 'NONE', #1035, #647, #1914, .T. ) ;
#7603 = DIRECTION ( 'NONE',  ( -0.000000000000000000, 1.000000000000000000, -0.000000000000000000 ) ) ;
#7604 = ORIENTED_EDGE ( 'NONE', *, *, #2360, .F. ) ;
#7605 = CYLINDRICAL_SURFACE ( 'NONE', #1830, 2.158999999999999364 ) ;
#7606 = CARTESIAN_POINT ( 'NONE',  ( 6.654799999999995386, 1.523999999999999355, -2.625089999999998369 ) ) ;
#7607 = EDGE_CURVE ( 'NONE', #8557, #7490, #2497, .T. ) ;
#7608 = ORIENTED_EDGE ( 'NONE', *, *, #6794, .T. ) ;
#7609 = CARTESIAN_POINT ( 'NONE',  ( 3.100387499999995633, 1.523999999999999355, 2.226309999999998901 ) ) ;
#7610 = MANIFOLD_SOLID_BREP ( 'Split2[4]', #6234 ) ;
#7611 = ORIENTED_EDGE ( 'NONE', *, *, #8060, .T. ) ;
#7612 = ORIENTED_EDGE ( 'NONE', *, *, #4873, .T. ) ;
#7613 = ADVANCED_FACE ( 'NONE', ( #7980 ), #2631, .T. ) ;
#7614 = EDGE_CURVE ( 'NONE', #6202, #8443, #5969, .T. ) ;
#7615 = AXIS2_PLACEMENT_3D ( 'NONE', #6456, #9254, #2662 ) ;
#7616 = CARTESIAN_POINT ( 'NONE',  ( -16.00200000000000244, -3.175000000000000711, 0.000000000000000000 ) ) ;
#7617 = PRESENTATION_STYLE_ASSIGNMENT (( #4695 ) ) ;
#7618 = PRESENTATION_STYLE_ASSIGNMENT (( #4744 ) ) ;
#7619 = FACE_OUTER_BOUND ( 'NONE', #9345, .T. ) ;
#7620 = VERTEX_POINT ( 'NONE', #3639 ) ;
#7621 = DIRECTION ( 'NONE',  ( 0.000000000000000000, 1.000000000000000000, 0.000000000000000000 ) ) ;
#7622 = VECTOR ( 'NONE', #204, 1000.000000000000114 ) ;
#7623 = AXIS2_PLACEMENT_3D ( 'NONE', #467, #5769, #3451 ) ;
#7624 = CARTESIAN_POINT ( 'NONE',  ( 0.5603874999999258755, 1.523999999999990695, -2.226310000000000233 ) ) ;
#7625 = DIRECTION ( 'NONE',  ( -1.000000000000000000, 0.000000000000000000, 0.000000000000000000 ) ) ;
#7626 = CARTESIAN_POINT ( 'NONE',  ( -5.640387500000003662, 1.523999999999999355, -2.226310000000000233 ) ) ;
#7627 = PLANE ( 'NONE',  #1594 ) ;
#7628 = CLOSED_SHELL ( 'NONE', ( #9023, #4494, #2345, #9119 ) ) ;
#7629 = PLANE ( 'NONE',  #1473 ) ;
#7630 = CARTESIAN_POINT ( 'NONE',  ( -14.60500000000000043, 0.8890000000000009006, -1.540677576214998235 ) ) ;
#7631 = DIRECTION ( 'NONE',  ( -0.2567226118398510670, -0.9664851269264960187, 0.000000000000000000 ) ) ;
#7632 = ORIENTED_EDGE ( 'NONE', *, *, #3713, .T. ) ;
#7633 = ADVANCED_FACE ( 'NONE', ( #4998 ), #3445, .T. ) ;
#7634 = ORIENTED_EDGE ( 'NONE', *, *, #1097, .T. ) ;
#7635 = CYLINDRICAL_SURFACE ( 'NONE', #5915, 2.158999999999999364 ) ;
#7636 = LINE ( 'NONE', #8979, #1945 ) ;
#7637 = ADVANCED_FACE ( 'NONE', ( #648 ), #4949, .T. ) ;
#7638 = CARTESIAN_POINT ( 'NONE',  ( 16.00199999999999889, 15.49954413850670143, 3.911600000000001298 ) ) ;
#7639 = MANIFOLD_SOLID_BREP ( 'Split1[10]', #1474 ) ;
#7640 = EDGE_LOOP ( 'NONE', ( #9499, #8580, #1721, #901 ) ) ;
#7641 = ORIENTED_EDGE ( 'NONE', *, *, #5888, .T. ) ;
#7642 = LINE ( 'NONE', #6912, #8636 ) ;
#7643 = ORIENTED_EDGE ( 'NONE', *, *, #7729, .F. ) ;
#7644 = DIRECTION ( 'NONE',  ( 0.000000000000000000, 1.000000000000000000, 0.000000000000000000 ) ) ;
#7645 = EDGE_CURVE ( 'NONE', #7457, #4332, #1381, .T. ) ;
#7646 = ORIENTED_EDGE ( 'NONE', *, *, #7014, .F. ) ;
#7647 = CARTESIAN_POINT ( 'NONE',  ( -12.70000000000000284, 1.523999999999999355, -1.540677576214998235 ) ) ;
#7648 = ORIENTED_EDGE ( 'NONE', *, *, #4738, .F. ) ;
#7649 = AXIS2_PLACEMENT_3D ( 'NONE', #8145, #8815, #766 ) ;
#7650 = SURFACE_STYLE_USAGE ( .BOTH. , #4728 ) ;
#7651 = DIRECTION ( 'NONE',  ( -0.2567226118398958090, -0.9664851269264842504, 0.000000000000000000 ) ) ;
#7652 = ORIENTED_EDGE ( 'NONE', *, *, #5260, .T. ) ;
#7653 = FACE_OUTER_BOUND ( 'NONE', #3211, .T. ) ;
#7654 = DIRECTION ( 'NONE',  ( 0.000000000000000000, 1.000000000000000000, 0.000000000000000000 ) ) ;
#7655 = ORIENTED_EDGE ( 'NONE', *, *, #4836, .F. ) ;
#7656 = VECTOR ( 'NONE', #6584, 1000.000000000000000 ) ;
#7657 = DIRECTION ( 'NONE',  ( -0.000000000000000000, -1.000000000000000000, -0.000000000000000000 ) ) ;
#7658 = MANIFOLD_SOLID_BREP ( 'Split2[19]', #401 ) ;
#7659 = EDGE_CURVE ( 'NONE', #928, #2317, #743, .T. ) ;
#7660 = VECTOR ( 'NONE', #9041, 1000.000000000000000 ) ;
#7661 = VERTEX_POINT ( 'NONE', #9462 ) ;
#7662 = SURFACE_STYLE_USAGE ( .BOTH. , #201 ) ;
#7663 = ORIENTED_EDGE ( 'NONE', *, *, #7952, .T. ) ;
#7664 = EDGE_CURVE ( 'NONE', #5255, #3258, #1571, .T. ) ;
#7665 = AXIS2_PLACEMENT_3D ( 'NONE', #1872, #8469, #4821 ) ;
#7666 = DIRECTION ( 'NONE',  ( 0.000000000000000000, 0.000000000000000000, -1.000000000000000000 ) ) ;
#7667 = CARTESIAN_POINT ( 'NONE',  ( 0.5603875000000022588, 1.523999999999999355, 2.625090000000000146 ) ) ;
#7668 = ORIENTED_EDGE ( 'NONE', *, *, #6904, .T. ) ;
#7669 = LINE ( 'NONE', #9013, #3719 ) ;
#7670 = ADVANCED_FACE ( 'NONE', ( #6000 ), #786, .F. ) ;
#7671 = ADVANCED_FACE ( 'NONE', ( #2281 ), #8984, .T. ) ;
#7672 = SURFACE_STYLE_FILL_AREA ( #6990 ) ;
#7673 = CARTESIAN_POINT ( 'NONE',  ( -6.045200000000000351, -3.175000000000000711, 2.625090000000000146 ) ) ;
#7674 = CARTESIAN_POINT ( 'NONE',  ( -12.70000000000000284, 1.523999999999999355, -1.540677576214998235 ) ) ;
#7675 = ADVANCED_FACE ( 'NONE', ( #89 ), #1714, .T. ) ;
#7676 = LINE ( 'NONE', #1065, #84 ) ;
#7677 = LINE ( 'NONE', #6403, #8032 ) ;
#7678 = EDGE_CURVE ( 'NONE', #3391, #5125, #1672, .T. ) ;
#7679 = CARTESIAN_POINT ( 'NONE',  ( 6.045200000000000351, 0.000000000000000000, -2.625089999999998369 ) ) ;
#7680 = CARTESIAN_POINT ( 'NONE',  ( 0.9651999999999993918, 1.523999999999999355, 2.625090000000000146 ) ) ;
#7681 = CARTESIAN_POINT ( 'NONE',  ( 8.159750000000000725, 11.93800000000000061, -2.438400000000001899 ) ) ;
#7682 = ORIENTED_EDGE ( 'NONE', *, *, #933, .T. ) ;
#7683 = CARTESIAN_POINT ( 'NONE',  ( -14.60500000000000043, 0.000000000000000000, 3.048000000000002263 ) ) ;
#7684 = CARTESIAN_POINT ( 'NONE',  ( 3.505199999999999871, 0.000000000000000000, -2.625089999999998369 ) ) ;
#7685 = CARTESIAN_POINT ( 'NONE',  ( 14.60500000000000043, -1.734723475976807094E-13, -2.539999999999523528 ) ) ;
#7686 = ORIENTED_EDGE ( 'NONE', *, *, #8765, .T. ) ;
#7687 = EDGE_LOOP ( 'NONE', ( #9200, #3242, #341, #5574 ) ) ;
#7688 = LINE ( 'NONE', #452, #8493 ) ;
#7689 = ADVANCED_FACE ( 'NONE', ( #8931 ), #6669, .T. ) ;
#7690 = ORIENTED_EDGE ( 'NONE', *, *, #1421, .F. ) ;
#7691 = CARTESIAN_POINT ( 'NONE',  ( -13.84300000000000175, 6.604000000000000092, 3.048000000000002263 ) ) ;
#7692 = ORIENTED_EDGE ( 'NONE', *, *, #3682, .F. ) ;
#7693 = DIRECTION ( 'NONE',  ( -1.000000000000000000, 0.000000000000000000, 0.000000000000000000 ) ) ;
#7694 = ORIENTED_EDGE ( 'NONE', *, *, #3943, .F. ) ;
#7695 = PRESENTATION_STYLE_ASSIGNMENT (( #2674 ) ) ;
#7696 = CARTESIAN_POINT ( 'NONE',  ( 6.045200000000000351, 1.523999999999999355, -2.226310000000000233 ) ) ;
#7697 = ORIENTED_EDGE ( 'NONE', *, *, #6197, .F. ) ;
#7698 = CARTESIAN_POINT ( 'NONE',  ( 13.84300000000000175, 4.572000000000000064, 3.048000000000002263 ) ) ;
#7699 = FACE_OUTER_BOUND ( 'NONE', #6436, .T. ) ;
#7700 = FACE_OUTER_BOUND ( 'NONE', #1812, .T. ) ;
#7701 = MANIFOLD_SOLID_BREP ( 'Split2[15]', #7310 ) ;
#7702 = VERTEX_POINT ( 'NONE', #4671 ) ;
#7703 = CARTESIAN_POINT ( 'NONE',  ( 12.69999999999999929, 1.523999999999999355, -3.810000000000002718 ) ) ;
#7704 = ORIENTED_EDGE ( 'NONE', *, *, #7868, .T. ) ;
#7705 = LINE ( 'NONE', #1098, #5885 ) ;
#7706 = ADVANCED_FACE ( 'NONE', ( #6050 ), #2328, .F. ) ;
#7707 = DIRECTION ( 'NONE',  ( -0.000000000000000000, -0.000000000000000000, 1.000000000000000000 ) ) ;
#7708 = PRESENTATION_STYLE_ASSIGNMENT (( #9008 ) ) ;
#7709 = SURFACE_STYLE_FILL_AREA ( #5551 ) ;
#7710 = ORIENTED_EDGE ( 'NONE', *, *, #1780, .F. ) ;
#7711 = DIRECTION ( 'NONE',  ( 0.1677993286082956337, 0.000000000000000000, 0.9858211730930743766 ) ) ;
#7712 = CARTESIAN_POINT ( 'NONE',  ( -13.97000000000000242, 8.001000000000001222, -0.9905999999999994809 ) ) ;
#7713 = SURFACE_STYLE_USAGE ( .BOTH. , #8448 ) ;
#7714 = VECTOR ( 'NONE', #8750, 1000.000000000000000 ) ;
#7715 = DIRECTION ( 'NONE',  ( -0.000000000000000000, 1.000000000000000000, -0.000000000000000000 ) ) ;
#7716 = VECTOR ( 'NONE', #3449, 1000.000000000000000 ) ;
#7717 = CARTESIAN_POINT ( 'NONE',  ( 4.114800000000001567, 1.523999999999999355, -2.226310000000000233 ) ) ;
#7718 = EDGE_CURVE ( 'NONE', #8378, #3494, #5292, .T. ) ;
#7719 = DIRECTION ( 'NONE',  ( -0.000000000000000000, -1.000000000000000000, -0.000000000000000000 ) ) ;
#7720 = LINE ( 'NONE', #4254, #4888 ) ;
#7721 = CARTESIAN_POINT ( 'NONE',  ( 12.13961250000000014, 1.523999999999999355, -2.625089999999998369 ) ) ;
#7722 = EDGE_CURVE ( 'NONE', #2781, #5203, #8120, .T. ) ;
#7723 = ORIENTED_EDGE ( 'NONE', *, *, #6011, .F. ) ;
#7724 = CIRCLE ( 'NONE', #37, 2.158999999999999364 ) ;
#7725 = DIRECTION ( 'NONE',  ( 0.000000000000000000, 0.000000000000000000, -1.000000000000000000 ) ) ;
#7726 = VECTOR ( 'NONE', #5372, 1000.000000000000000 ) ;
#7727 = CARTESIAN_POINT ( 'NONE',  ( -12.70000000000000284, 1.523999999999999355, -1.540677576214998235 ) ) ;
#7728 = AXIS2_PLACEMENT_3D ( 'NONE', #59, #5690, #7519 ) ;
#7729 = EDGE_CURVE ( 'NONE', #254, #129, #4958, .T. ) ;
#7730 = ORIENTED_EDGE ( 'NONE', *, *, #4741, .T. ) ;
#7731 = VERTEX_POINT ( 'NONE', #9079 ) ;
#7732 = DIRECTION ( 'NONE',  ( 0.000000000000000000, 1.000000000000000000, 0.000000000000000000 ) ) ;
#7733 = VECTOR ( 'NONE', #4834, 1000.000000000000000 ) ;
#7734 = VERTEX_POINT ( 'NONE', #1079 ) ;
#7735 = LINE ( 'NONE', #1771, #7879 ) ;
#7736 = COLOUR_RGB ( '',0.7921568627450980005, 0.8196078431372548767, 0.9333333333333333481 ) ;
#7737 = EDGE_LOOP ( 'NONE', ( #1770, #986, #8255, #3998 ) ) ;
#7738 = LINE ( 'NONE', #1136, #1325 ) ;
#7739 = ORIENTED_EDGE ( 'NONE', *, *, #957, .T. ) ;
#7740 = CARTESIAN_POINT ( 'NONE',  ( 9.194800000000002527, 1.523999999999999355, -2.226310000000000233 ) ) ;
#7741 = DIRECTION ( 'NONE',  ( -0.000000000000000000, -1.000000000000000000, -0.000000000000000000 ) ) ;
#7742 = AXIS2_PLACEMENT_3D ( 'NONE', #6528, #7982, #8843 ) ;
#7743 = EDGE_CURVE ( 'NONE', #2481, #4387, #7688, .T. ) ;
#7744 = AXIS2_PLACEMENT_3D ( 'NONE', #2408, #4697, #4054 ) ;
#7745 = VERTEX_POINT ( 'NONE', #330 ) ;
#7746 = DIRECTION ( 'NONE',  ( 1.000000000000000000, -0.000000000000000000, -0.000000000000000000 ) ) ;
#7747 = AXIS2_PLACEMENT_3D ( 'NONE', #6873, #5401, #1629 ) ;
#7748 = ORIENTED_EDGE ( 'NONE', *, *, #2760, .F. ) ;
#7749 = MECHANICAL_DESIGN_GEOMETRIC_PRESENTATION_REPRESENTATION (  '', ( #5902 ), #9274 ) ;
#7750 =( NAMED_UNIT ( * ) SI_UNIT ( $, .STERADIAN. ) SOLID_ANGLE_UNIT ( ) );
#7751 = EDGE_LOOP ( 'NONE', ( #2714, #5961, #2791, #1866, #7096, #1448 ) ) ;
#7752 = EDGE_CURVE ( 'NONE', #7112, #7734, #9217, .T. ) ;
#7753 = DIRECTION ( 'NONE',  ( 0.000000000000000000, -1.000000000000000000, 0.000000000000000000 ) ) ;
#7754 = MECHANICAL_DESIGN_GEOMETRIC_PRESENTATION_REPRESENTATION (  '', ( #2362 ), #1451 ) ;
#7755 = DIRECTION ( 'NONE',  ( -0.000000000000000000, -1.000000000000000000, -0.000000000000000000 ) ) ;
#7756 = STYLED_ITEM ( 'NONE', ( #8467 ), #4333 ) ;
#7757 = UNCERTAINTY_MEASURE_WITH_UNIT (LENGTH_MEASURE( 1.000000000000000082E-05 ), #3495, 'distance_accuracy_value', 'NONE');
#7758 = CARTESIAN_POINT ( 'NONE',  ( -0.5603874999999675088, 1.523999999999994026, 2.625090000000000146 ) ) ;
#7759 = PRESENTATION_STYLE_ASSIGNMENT (( #8477 ) ) ;
#7760 = VERTEX_POINT ( 'NONE', #4854 ) ;
#7761 = LINE ( 'NONE', #3511, #8643 ) ;
#7762 = VECTOR ( 'NONE', #6318, 1000.000000000000000 ) ;
#7763 = VECTOR ( 'NONE', #1605, 1000.000000000000000 ) ;
#7764 = CARTESIAN_POINT ( 'NONE',  ( -14.60500000000000043, 4.572000000000000064, 0.000000000000000000 ) ) ;
#7765 = DIRECTION ( 'NONE',  ( 0.000000000000000000, -1.000000000000000000, 0.000000000000000000 ) ) ;
#7766 = DIRECTION ( 'NONE',  ( 0.000000000000000000, 0.000000000000000000, -1.000000000000000000 ) ) ;
#7767 = DIRECTION ( 'NONE',  ( -0.000000000000000000, -0.000000000000000000, 1.000000000000000000 ) ) ;
#7768 = VECTOR ( 'NONE', #5129, 1000.000000000000000 ) ;
#7769 = DIRECTION ( 'NONE',  ( 1.000000000000000000, 0.000000000000000000, 0.000000000000000000 ) ) ;
#7770 = ORIENTED_EDGE ( 'NONE', *, *, #3239, .F. ) ;
#7771 = ADVANCED_FACE ( 'NONE', ( #3297 ), #7048, .T. ) ;
#7772 = LINE ( 'NONE', #7001, #9440 ) ;
#7773 = VECTOR ( 'NONE', #3372, 1000.000000000000000 ) ;
#7774 = CLOSED_SHELL ( 'NONE', ( #5665, #1057, #4116, #1124 ) ) ;
#7775 = FACE_OUTER_BOUND ( 'NONE', #7408, .T. ) ;
#7776 = EDGE_CURVE ( 'NONE', #7661, #7930, #3385, .T. ) ;
#7777 = ORIENTED_EDGE ( 'NONE', *, *, #7354, .F. ) ;
#7778 = ORIENTED_EDGE ( 'NONE', *, *, #4183, .F. ) ;
#7779 = CARTESIAN_POINT ( 'NONE',  ( -11.57393333838000693, 1.523999999999999355, -1.113817018699997830 ) ) ;
#7780 = ORIENTED_EDGE ( 'NONE', *, *, #8885, .F. ) ;
#7781 = CARTESIAN_POINT ( 'NONE',  ( 1.574800000000021960, -6.938893903907228378E-15, -2.226310000000000233 ) ) ;
#7782 = EDGE_CURVE ( 'NONE', #1231, #4033, #4719, .T. ) ;
#7783 = EDGE_CURVE ( 'NONE', #4026, #2111, #6148, .T. ) ;
#7784 = VERTEX_POINT ( 'NONE', #7007 ) ;
#7785 = CARTESIAN_POINT ( 'NONE',  ( 6.654799999999995386, 1.734723475976807094E-15, 2.625090000000000146 ) ) ;
#7786 = ORIENTED_EDGE ( 'NONE', *, *, #8733, .T. ) ;
#7787 = CARTESIAN_POINT ( 'NONE',  ( 7.080249999999995936, 15.49400000000000155, 0.000000000000000000 ) ) ;
#7788 = AXIS2_PLACEMENT_3D ( 'NONE', #7203, #739, #8064 ) ;
#7789 = ORIENTED_EDGE ( 'NONE', *, *, #966, .F. ) ;
#7790 = CARTESIAN_POINT ( 'NONE',  ( -4.540250000000003006, 15.49400000000000155, 0.000000000000000000 ) ) ;
#7791 = CARTESIAN_POINT ( 'NONE',  ( 9.194800000000002527, 1.523999999999999355, 2.226310000000002010 ) ) ;
#7792 = ORIENTED_EDGE ( 'NONE', *, *, #4081, .T. ) ;
#7793 = CARTESIAN_POINT ( 'NONE',  ( 1.574800000000001088, -3.175000000000000711, 2.226310000000002010 ) ) ;
#7794 = CIRCLE ( 'NONE', #7941, 0.7620000000000005658 ) ;
#7795 = ORIENTED_EDGE ( 'NONE', *, *, #8487, .F. ) ;
#7796 = DIRECTION ( 'NONE',  ( 0.000000000000000000, 0.000000000000000000, 1.000000000000000000 ) ) ;
#7797 = EDGE_CURVE ( 'NONE', #4120, #9078, #2580, .T. ) ;
#7798 = CARTESIAN_POINT ( 'NONE',  ( -9.599612499999965465, 1.524000000000004462, -2.625089999999998369 ) ) ;
#7799 = CARTESIAN_POINT ( 'NONE',  ( -8.585200000000000387, 0.000000000000000000, 2.625090000000000146 ) ) ;
#7800 = DIRECTION ( 'NONE',  ( -1.000000000000000000, 0.000000000000000000, 0.000000000000000000 ) ) ;
#7801 = ORIENTED_EDGE ( 'NONE', *, *, #8654, .F. ) ;
#7802 = ORIENTED_EDGE ( 'NONE', *, *, #4004, .T. ) ;
#7803 = DIRECTION ( 'NONE',  ( -0.000000000000000000, -0.000000000000000000, 1.000000000000000000 ) ) ;
#7804 = ADVANCED_FACE ( 'NONE', ( #6193 ), #9128, .F. ) ;
#7805 = CARTESIAN_POINT ( 'NONE',  ( -11.42576667676000568, 1.397000000000000686, -1.092199999999999838 ) ) ;
#7806 = AXIS2_PLACEMENT_3D ( 'NONE', #8336, #2457, #8394 ) ;
#7807 = DIRECTION ( 'NONE',  ( 0.000000000000000000, 0.000000000000000000, -1.000000000000000000 ) ) ;
#7808 = DIRECTION ( 'NONE',  ( 0.2567226118398510670, 0.9664851269264960187, 0.000000000000000000 ) ) ;
#7809 = LINE ( 'NONE', #8574, #2694 ) ;
#7810 = CARTESIAN_POINT ( 'NONE',  ( 12.16024999999999778, 10.33638951052389210, -0.9905999999999682837 ) ) ;
#7811 = PRESENTATION_LAYER_ASSIGNMENT (  '', '', ( #1824 ) ) ;
#7812 = DIRECTION ( 'NONE',  ( -0.000000000000000000, -1.000000000000000000, -0.000000000000000000 ) ) ;
#7813 = ORIENTED_EDGE ( 'NONE', *, *, #5076, .F. ) ;
#7814 = PLANE ( 'NONE',  #6269 ) ;
#7815 = DIRECTION ( 'NONE',  ( 1.000000000000000000, 0.000000000000000000, 0.000000000000000000 ) ) ;
#7816 = LINE ( 'NONE', #493, #5759 ) ;
#7817 = ADVANCED_FACE ( 'NONE', ( #6324 ), #5570, .T. ) ;
#7818 = DIRECTION ( 'NONE',  ( 0.7389229549016561593, 0.000000000000000000, 0.6737899277366833362 ) ) ;
#7819 = ORIENTED_EDGE ( 'NONE', *, *, #2641, .T. ) ;
#7820 = ORIENTED_EDGE ( 'NONE', *, *, #3028, .F. ) ;
#7821 = DIRECTION ( 'NONE',  ( 0.000000000000000000, -1.000000000000000000, 0.000000000000000000 ) ) ;
#7822 = EDGE_LOOP ( 'NONE', ( #561, #593, #2428, #6014, #4866, #4789 ) ) ;
#7823 = EDGE_LOOP ( 'NONE', ( #157, #1519, #8012, #7608, #3755, #4275 ) ) ;
#7824 = PLANE ( 'NONE',  #2401 ) ;
#7825 = EDGE_LOOP ( 'NONE', ( #2524, #8014, #8324, #3959 ) ) ;
#7826 = LINE ( 'NONE', #1085, #662 ) ;
#7827 = EDGE_CURVE ( 'NONE', #8587, #2672, #1107, .T. ) ;
#7828 = EDGE_CURVE ( 'NONE', #2672, #8587, #5438, .T. ) ;
#7829 = ORIENTED_EDGE ( 'NONE', *, *, #5895, .T. ) ;
#7830 = DIRECTION ( 'NONE',  ( 0.9664851269264842504, -0.2567226118398958090, -0.000000000000000000 ) ) ;
#7831 = FACE_OUTER_BOUND ( 'NONE', #9049, .T. ) ;
#7832 = ADVANCED_FACE ( 'NONE', ( #6285 ), #5618, .F. ) ;
#7833 = ORIENTED_EDGE ( 'NONE', *, *, #649, .T. ) ;
#7834 =( LENGTH_UNIT ( ) NAMED_UNIT ( * ) SI_UNIT ( .MILLI., .METRE. ) );
#7835 = ORIENTED_EDGE ( 'NONE', *, *, #7083, .F. ) ;
#7836 = DIRECTION ( 'NONE',  ( -0.000000000000000000, -0.000000000000000000, 1.000000000000000000 ) ) ;
#7837 = CARTESIAN_POINT ( 'NONE',  ( -3.505199999999999871, 1.523999999999999355, -2.226310000000000233 ) ) ;
#7838 = CARTESIAN_POINT ( 'NONE',  ( 3.505199999999972338, -6.938893903907228378E-15, 2.226310000000002010 ) ) ;
#7839 = UNCERTAINTY_MEASURE_WITH_UNIT (LENGTH_MEASURE( 1.000000000000000082E-05 ), #5110, 'distance_accuracy_value', 'NONE');
#7840 = VERTEX_POINT ( 'NONE', #1172 ) ;
#7841 = CARTESIAN_POINT ( 'NONE',  ( -7.059612499999999180, 1.523999999999999355, 2.625090000000000146 ) ) ;
#7842 = ORIENTED_EDGE ( 'NONE', *, *, #1323, .F. ) ;
#7843 = SURFACE_SIDE_STYLE ('',( #6351 ) ) ;
#7844 = DIRECTION ( 'NONE',  ( 0.000000000000000000, 1.000000000000000000, 0.000000000000000000 ) ) ;
#7845 = DIRECTION ( 'NONE',  ( -0.000000000000000000, -1.000000000000000000, -0.000000000000000000 ) ) ;
#7846 = EDGE_CURVE ( 'NONE', #6761, #7353, #1946, .T. ) ;
#7847 = CARTESIAN_POINT ( 'NONE',  ( -11.12520000000000131, 1.523999999999999355, 2.625090000000000146 ) ) ;
#7848 = VECTOR ( 'NONE', #6676, 1000.000000000000000 ) ;
#7849 = DIRECTION ( 'NONE',  ( 0.000000000000000000, -1.000000000000000000, 0.000000000000000000 ) ) ;
#7850 = CYLINDRICAL_SURFACE ( 'NONE', #2251, 0.7620000000000005658 ) ;
#7851 = CARTESIAN_POINT ( 'NONE',  ( 14.60500000000000043, 4.572000000000000064, 0.000000000000000000 ) ) ;
#7852 = ORIENTED_EDGE ( 'NONE', *, *, #6359, .T. ) ;
#7853 = LINE ( 'NONE', #3424, #8877 ) ;
#7854 = VECTOR ( 'NONE', #2064, 1000.000000000000000 ) ;
#7855 = DIRECTION ( 'NONE',  ( 1.000000000000000000, 0.000000000000000000, 0.000000000000000000 ) ) ;
#7856 = DIRECTION ( 'NONE',  ( -1.000000000000000000, 0.000000000000000000, 0.000000000000000000 ) ) ;
#7857 = CARTESIAN_POINT ( 'NONE',  ( -13.84300000000000175, 0.000000000000000000, -3.047999999999996934 ) ) ;
#7858 = CARTESIAN_POINT ( 'NONE',  ( 9.194800000000002527, 0.000000000000000000, 2.625090000000000146 ) ) ;
#7859 = VERTEX_POINT ( 'NONE', #6866 ) ;
#7861 = LINE ( 'NONE', #1373, #6280 ) ;
#7860 = VECTOR ( 'NONE', #2638, 1000.000000000000000 ) ;
#7862 = ORIENTED_EDGE ( 'NONE', *, *, #797, .T. ) ;
#7863 = FACE_OUTER_BOUND ( 'NONE', #6338, .T. ) ;
#7864 = ORIENTED_EDGE ( 'NONE', *, *, #9186, .F. ) ;
#7865 = ORIENTED_EDGE ( 'NONE', *, *, #81, .T. ) ;
#7866 = CARTESIAN_POINT ( 'NONE',  ( 2.000250000000002082, 11.93800000000000061, 2.438400000000000123 ) ) ;
#7867 = VERTEX_POINT ( 'NONE', #285 ) ;
#7868 = EDGE_CURVE ( 'NONE', #4371, #8119, #3208, .T. ) ;
#7869 = VECTOR ( 'NONE', #7077, 1000.000000000000000 ) ;
#7870 = PRESENTATION_STYLE_ASSIGNMENT (( #7156 ) ) ;
#7871 = VECTOR ( 'NONE', #8904, 1000.000000000000000 ) ;
#7872 = ORIENTED_EDGE ( 'NONE', *, *, #8181, .F. ) ;
#7873 = ORIENTED_EDGE ( 'NONE', *, *, #378, .T. ) ;
#7874 = VECTOR ( 'NONE', #4883, 1000.000000000000000 ) ;
#7875 = DIRECTION ( 'NONE',  ( 0.2567226118398023837, 0.9664851269265090083, -0.000000000000000000 ) ) ;
#7876 = ORIENTED_EDGE ( 'NONE', *, *, #6951, .T. ) ;
#7877 = ORIENTED_EDGE ( 'NONE', *, *, #6599, .F. ) ;
#7878 = EDGE_CURVE ( 'NONE', #7558, #5675, #7642, .T. ) ;
#7879 = VECTOR ( 'NONE', #1865, 1000.000000000000000 ) ;
#7880 = DIRECTION ( 'NONE',  ( -1.000000000000000000, 0.000000000000000000, 0.000000000000000000 ) ) ;
#7881 = EDGE_CURVE ( 'NONE', #17, #1947, #8416, .T. ) ;
#7882 = LINE ( 'NONE', #5349, #4062 ) ;
#7883 = FACE_OUTER_BOUND ( 'NONE', #7268, .T. ) ;
#7884 = EDGE_CURVE ( 'NONE', #3936, #4049, #638, .T. ) ;
#7885 = FACE_OUTER_BOUND ( 'NONE', #5708, .T. ) ;
#7886 = FACE_OUTER_BOUND ( 'NONE', #9070, .T. ) ;
#7887 = SURFACE_STYLE_USAGE ( .BOTH. , #2011 ) ;
#7888 = VECTOR ( 'NONE', #8080, 1000.000000000000000 ) ;
#7889 = ORIENTED_EDGE ( 'NONE', *, *, #9358, .F. ) ;
#7890 = DIRECTION ( 'NONE',  ( 1.000000000000000000, 0.000000000000000000, 0.000000000000000000 ) ) ;
#7891 = ORIENTED_EDGE ( 'NONE', *, *, #1533, .T. ) ;
#7892 = SURFACE_STYLE_USAGE ( .BOTH. , #1299 ) ;
#7893 = ADVANCED_FACE ( 'NONE', ( #8634 ), #7095, .F. ) ;
#7894 = DIRECTION ( 'NONE',  ( 0.000000000000000000, 1.000000000000000000, 0.000000000000000000 ) ) ;
#7895 = ADVANCED_FACE ( 'NONE', ( #2037 ), #5848, .T. ) ;
#7896 = VECTOR ( 'NONE', #8882, 1000.000000000000000 ) ;
#7897 = LINE ( 'NONE', #7130, #2175 ) ;
#7898 = DIRECTION ( 'NONE',  ( -0.2567226118398958090, 0.9664851269264842504, 0.000000000000000000 ) ) ;
#7899 = CARTESIAN_POINT ( 'NONE',  ( -9.620250000000003965, 13.53961048947610912, -0.9905999999999682837 ) ) ;
#7900 = LINE ( 'NONE', #8619, #2096 ) ;
#7901 = DIRECTION ( 'NONE',  ( 0.000000000000000000, 0.000000000000000000, -1.000000000000000000 ) ) ;
#7902 = VERTEX_POINT ( 'NONE', #4218 ) ;
#7903 = VECTOR ( 'NONE', #7725, 1000.000000000000000 ) ;
#7904 = AXIS2_PLACEMENT_3D ( 'NONE', #8346, #9063, #1805 ) ;
#7905 = DIRECTION ( 'NONE',  ( -1.000000000000000000, 0.000000000000000000, 0.000000000000000000 ) ) ;
#7906 = LINE ( 'NONE', #4070, #2984 ) ;
#7907 = DIRECTION ( 'NONE',  ( -1.000000000000000000, 0.000000000000000000, 0.000000000000000000 ) ) ;
#7908 = AXIS2_PLACEMENT_3D ( 'NONE', #4486, #8127, #8938 ) ;
#7909 = VECTOR ( 'NONE', #3972, 1000.000000000000114 ) ;
#7910 = DIRECTION ( 'NONE',  ( 1.000000000000000000, 0.000000000000000000, 0.000000000000000000 ) ) ;
#7911 = LINE ( 'NONE', #9306, #8423 ) ;
#7912 = UNCERTAINTY_MEASURE_WITH_UNIT (LENGTH_MEASURE( 1.000000000000000082E-05 ), #4006, 'distance_accuracy_value', 'NONE');
#7913 = EDGE_CURVE ( 'NONE', #5045, #893, #3079, .T. ) ;
#7914 = EDGE_LOOP ( 'NONE', ( #4591, #4519, #3444, #1405, #536, #8271, #5403, #2188, #4773, #8934, #6468, #9095, #6316, #1985, #1170, #7011, #7407, #2179, #600, #4878, #9183, #4204, #5006, #183, #3592, #6778, #7448, #1790 ) ) ;
#7915 = FACE_OUTER_BOUND ( 'NONE', #7293, .T. ) ;
#7916 = VERTEX_POINT ( 'NONE', #6565 ) ;
#7917 = CARTESIAN_POINT ( 'NONE',  ( 1.979612499999998443, 1.523999999999999355, -2.226309999999997125 ) ) ;
#7918 = ORIENTED_EDGE ( 'NONE', *, *, #4133, .T. ) ;
#7919 = AXIS2_PLACEMENT_3D ( 'NONE', #8092, #1500, #7410 ) ;
#7920 = ADVANCED_FACE ( 'NONE', ( #7863 ), #6422, .T. ) ;
#7921 = VECTOR ( 'NONE', #1614, 1000.000000000000000 ) ;
#7922 = VERTEX_POINT ( 'NONE', #4897 ) ;
#7923 = CARTESIAN_POINT ( 'NONE',  ( -0.5397499999999986198, 15.49400000000000155, 0.000000000000000000 ) ) ;
#7924 = VERTEX_POINT ( 'NONE', #7917 ) ;
#7925 = ORIENTED_EDGE ( 'NONE', *, *, #1970, .T. ) ;
#7926 = DIRECTION ( 'NONE',  ( -0.2567226118398506785, -0.9664851269264961298, 0.000000000000000000 ) ) ;
#7927 = VERTEX_POINT ( 'NONE', #1322 ) ;
#7928 = LINE ( 'NONE', #1281, #9267 ) ;
#7929 = ORIENTED_EDGE ( 'NONE', *, *, #8093, .F. ) ;
#7930 = VERTEX_POINT ( 'NONE', #3631 ) ;
#7931 = CARTESIAN_POINT ( 'NONE',  ( 11.12520000000000131, 0.000000000000000000, -2.625089999999998369 ) ) ;
#7932 = DIRECTION ( 'NONE',  ( -1.000000000000000000, 0.000000000000000000, 0.000000000000000000 ) ) ;
#7933 = AXIS2_PLACEMENT_3D ( 'NONE', #6004, #1083, #3110 ) ;
#7934 = PLANE ( 'NONE',  #361 ) ;
#7935 = CARTESIAN_POINT ( 'NONE',  ( -11.12520000000000131, -3.175000000000000711, 2.226310000000002010 ) ) ;
#7936 = LINE ( 'NONE', #6628, #6129 ) ;
#7937 = ADVANCED_FACE ( 'NONE', ( #8731 ), #4273, .T. ) ;
#7938 = LINE ( 'NONE', #4297, #3204 ) ;
#7939 = ORIENTED_EDGE ( 'NONE', *, *, #102, .T. ) ;
#7940 = PLANE ( 'NONE',  #9407 ) ;
#7941 = AXIS2_PLACEMENT_3D ( 'NONE', #8615, #9482, #5829 ) ;
#7942 = VERTEX_POINT ( 'NONE', #8013 ) ;
#7943 = ADVANCED_FACE ( 'NONE', ( #6517 ), #1269, .T. ) ;
#7944 = LINE ( 'NONE', #8570, #5350 ) ;
#7945 = VECTOR ( 'NONE', #4468, 1000.000000000000000 ) ;
#7946 = CARTESIAN_POINT ( 'NONE',  ( 8.180387500000072976, 1.524000000000020227, -2.625089999999998369 ) ) ;
#7947 = DIRECTION ( 'NONE',  ( 0.000000000000000000, 1.000000000000000000, 0.000000000000000000 ) ) ;
#7948 = LINE ( 'NONE', #6404, #8082 ) ;
#7949 = FACE_OUTER_BOUND ( 'NONE', #135, .T. ) ;
#7950 = ADVANCED_FACE ( 'NONE', ( #4369 ), #2135, .T. ) ;
#7951 = CARTESIAN_POINT ( 'NONE',  ( -8.585200000000000387, -3.175000000000000711, 2.625090000000000146 ) ) ;
#7952 = EDGE_CURVE ( 'NONE', #1591, #5569, #9399, .T. ) ;
#7953 = VECTOR ( 'NONE', #8442, 1000.000000000000000 ) ;
#7954 = ORIENTED_EDGE ( 'NONE', *, *, #4249, .F. ) ;
#7955 = DIRECTION ( 'NONE',  ( -1.000000000000000000, 0.000000000000000000, 0.000000000000000000 ) ) ;
#7956 = CIRCLE ( 'NONE', #8565, 2.158999999999999364 ) ;
#7957 = ADVANCED_FACE ( 'NONE', ( #687 ), #9502, .T. ) ;
#7958 = LINE ( 'NONE', #1365, #2687 ) ;
#7959 = VECTOR ( 'NONE', #3334, 1000.000000000000000 ) ;
#7960 = LINE ( 'NONE', #4893, #3447 ) ;
#7961 = ADVANCED_FACE ( 'NONE', ( #9356 ), #8687, .F. ) ;
#7962 = PRESENTATION_LAYER_ASSIGNMENT (  '', '', ( #8577 ) ) ;
#7963 = FACE_OUTER_BOUND ( 'NONE', #328, .T. ) ;
#7964 = CARTESIAN_POINT ( 'NONE',  ( -11.74326666540845210, 1.397000000000000686, -1.243519130899520597 ) ) ;
#7965 = EDGE_LOOP ( 'NONE', ( #5756, #3296, #3527, #8220 ) ) ;
#7966 = DIRECTION ( 'NONE',  ( 0.000000000000000000, 1.000000000000000000, 0.000000000000000000 ) ) ;
#7967 = VERTEX_POINT ( 'NONE', #4162 ) ;
#7968 = DIRECTION ( 'NONE',  ( 0.000000000000000000, -1.000000000000000000, 0.000000000000000000 ) ) ;
#7969 = ORIENTED_EDGE ( 'NONE', *, *, #8722, .T. ) ;
#7970 = VECTOR ( 'NONE', #2975, 1000.000000000000114 ) ;
#7971 = ORIENTED_EDGE ( 'NONE', *, *, #81, .F. ) ;
#7972 = CARTESIAN_POINT ( 'NONE',  ( 8.159750000000000725, 11.93800000000000061, 2.438400000000000123 ) ) ;
#7973 = ORIENTED_EDGE ( 'NONE', *, *, #3004, .T. ) ;
#7974 = ADVANCED_FACE ( 'NONE', ( #2716 ), #3486, .F. ) ;
#7975 = PRESENTATION_LAYER_ASSIGNMENT (  '', '', ( #3048 ) ) ;
#7976 = ADVANCED_BREP_SHAPE_REPRESENTATION ( '5-5530843-0', ( #4304, #6175, #7459, #7510, #4252, #4320, #1056, #4388, #7639, #2877, #7423, #4272, #4333, #6070, #6165, #2907, #4235, #1139, #1258, #9213, #7439, #1345, #1314, #7610, #4438, #7406, #1164, #1212, #7538, #1275, #4471, #1073, #9182, #1103, #7701, #2955, #7488, #1087, #7658, #1182, #4289, #4422, #1119, #8212 ), #8511 ) ;
#7977 = FILL_AREA_STYLE_COLOUR ( '', #5608 ) ;
#7978 = EDGE_CURVE ( 'NONE', #7457, #7924, #7669, .T. ) ;
#7979 = ORIENTED_EDGE ( 'NONE', *, *, #4465, .T. ) ;
#7980 = FACE_OUTER_BOUND ( 'NONE', #1877, .T. ) ;
#7981 = ORIENTED_EDGE ( 'NONE', *, *, #4493, .F. ) ;
#7982 = DIRECTION ( 'NONE',  ( -0.9664851269265090083, -0.2567226118398023837, 0.000000000000000000 ) ) ;
#7983 = ORIENTED_EDGE ( 'NONE', *, *, #5319, .F. ) ;
#7984 = DIRECTION ( 'NONE',  ( 1.000000000000000000, 0.000000000000000000, 0.000000000000000000 ) ) ;
#7985 = ORIENTED_EDGE ( 'NONE', *, *, #8653, .F. ) ;
#7986 = DIRECTION ( 'NONE',  ( 0.2567226118398500123, 0.9664851269264963518, 0.000000000000000000 ) ) ;
#7987 = LINE ( 'NONE', #2825, #9125 ) ;
#7988 = LINE ( 'NONE', #7217, #7714 ) ;
#7989 = DIRECTION ( 'NONE',  ( -1.000000000000000000, 0.000000000000000000, 0.000000000000000000 ) ) ;
#7990 = EDGE_LOOP ( 'NONE', ( #3014, #6371, #8622, #4526, #2084, #2585, #1190, #451 ) ) ;
#7991 = CARTESIAN_POINT ( 'NONE',  ( 4.540249999999995900, 10.33638951052389210, -0.9905999999999682837 ) ) ;
#7992 = EDGE_LOOP ( 'NONE', ( #3249, #7049, #4344, #4287, #3111, #1523 ) ) ;
#7993 = SURFACE_STYLE_USAGE ( .BOTH. , #7843 ) ;
#7994 = DIRECTION ( 'NONE',  ( 0.000000000000000000, -1.000000000000000000, 0.000000000000000000 ) ) ;
#7995 = ADVANCED_FACE ( 'NONE', ( #5946 ), #9105, .T. ) ;
#7996 = CARTESIAN_POINT ( 'NONE',  ( -4.540250000000003006, 13.53961048947607893, 0.9905999999999317573 ) ) ;
#7997 = LINE ( 'NONE', #720, #46 ) ;
#7998 = DIRECTION ( 'NONE',  ( 0.000000000000000000, -1.000000000000000000, 0.000000000000000000 ) ) ;
#7999 = DIRECTION ( 'NONE',  ( 0.000000000000000000, -0.9396926207858973257, -0.3420201433256990220 ) ) ;
#8000 =( GEOMETRIC_REPRESENTATION_CONTEXT ( 3 ) GLOBAL_UNCERTAINTY_ASSIGNED_CONTEXT ( ( #6459 ) ) GLOBAL_UNIT_ASSIGNED_CONTEXT ( ( #4345, #9480, #7319 ) ) REPRESENTATION_CONTEXT ( 'NONE', 'WORKASPACE' ) );
#8001 = CARTESIAN_POINT ( 'NONE',  ( 9.599612500000034743, 1.523999999999994026, 2.226310000000002010 ) ) ;
#8002 = ORIENTED_EDGE ( 'NONE', *, *, #5142, .T. ) ;
#8003 = LINE ( 'NONE', #1313, #569 ) ;
#8004 = CARTESIAN_POINT ( 'NONE',  ( -3.505199999999999871, 1.523999999999999355, 2.226310000000002010 ) ) ;
#8005 = EDGE_CURVE ( 'NONE', #4993, #8126, #736, .T. ) ;
#8006 = CARTESIAN_POINT ( 'NONE',  ( -7.080250000000003041, 15.49400000000000155, 0.9906000000000012573 ) ) ;
#8007 = DIRECTION ( 'NONE',  ( 0.000000000000000000, 0.000000000000000000, -1.000000000000000000 ) ) ;
#8008 = DIRECTION ( 'NONE',  ( -1.000000000000000000, 0.000000000000000000, 0.000000000000000000 ) ) ;
#8009 = EDGE_CURVE ( 'NONE', #6660, #6780, #1061, .T. ) ;
#8010 = ORIENTED_EDGE ( 'NONE', *, *, #4493, .T. ) ;
#8011 = LINE ( 'NONE', #4989, #949 ) ;
#8012 = ORIENTED_EDGE ( 'NONE', *, *, #6267, .T. ) ;
#8013 = CARTESIAN_POINT ( 'NONE',  ( 6.045200000000000351, -3.175000000000000711, 2.625090000000000146 ) ) ;
#8014 = ORIENTED_EDGE ( 'NONE', *, *, #1097, .F. ) ;
#8015 = VERTEX_POINT ( 'NONE', #1471 ) ;
#8016 = PLANE ( 'NONE',  #2085 ) ;
#8017 = EDGE_CURVE ( 'NONE', #3944, #7052, #4746, .T. ) ;
#8018 = CARTESIAN_POINT ( 'NONE',  ( -11.19293335352000796, 1.397000000000000686, -1.265136149596999715 ) ) ;
#8019 = ORIENTED_EDGE ( 'NONE', *, *, #2895, .F. ) ;
#8020 = CARTESIAN_POINT ( 'NONE',  ( 4.114800000000001567, 0.000000000000000000, 2.625090000000000146 ) ) ;
#8021 = EDGE_LOOP ( 'NONE', ( #7643, #4226, #8478, #2860 ) ) ;
#8022 = DIRECTION ( 'NONE',  ( 0.000000000000000000, 0.000000000000000000, -1.000000000000000000 ) ) ;
#8023 = ORIENTED_EDGE ( 'NONE', *, *, #7384, .T. ) ;
#8024 = DIRECTION ( 'NONE',  ( 1.000000000000000000, 0.000000000000000000, 0.000000000000000000 ) ) ;
#8025 = ORIENTED_EDGE ( 'NONE', *, *, #8782, .T. ) ;
#8026 = EDGE_CURVE ( 'NONE', #5547, #6960, #8829, .T. ) ;
#8027 = CARTESIAN_POINT ( 'NONE',  ( -8.159750000000000725, 10.33638951052389210, -0.9905999999999682837 ) ) ;
#8028 = CARTESIAN_POINT ( 'NONE',  ( -4.540250000000003006, 10.33638951052392230, 0.9905999999999317573 ) ) ;
#8029 = CARTESIAN_POINT ( 'NONE',  ( -11.58239999999999981, 1.523999999999999355, 0.000000000000000000 ) ) ;
#8030 = VECTOR ( 'NONE', #6373, 1000.000000000000227 ) ;
#8031 = DIRECTION ( 'NONE',  ( 1.000000000000000000, 0.000000000000000000, 0.000000000000000000 ) ) ;
#8032 = VECTOR ( 'NONE', #2743, 1000.000000000000000 ) ;
#8033 = PLANE ( 'NONE',  #1511 ) ;
#8034 = ORIENTED_EDGE ( 'NONE', *, *, #9325, .T. ) ;
#8035 = LINE ( 'NONE', #5067, #2187 ) ;
#8036 = AXIS2_PLACEMENT_3D ( 'NONE', #2834, #9521, #5870 ) ;
#8037 = ORIENTED_EDGE ( 'NONE', *, *, #4726, .F. ) ;
#8038 = LINE ( 'NONE', #5828, #1241 ) ;
#8039 = EDGE_CURVE ( 'NONE', #7436, #614, #8396, .T. ) ;
#8040 = LINE ( 'NONE', #2158, #7299 ) ;
#8041 = PLANE ( 'NONE',  #1101 ) ;
#8042 = VECTOR ( 'NONE', #6052, 1000.000000000000114 ) ;
#8043 = DIRECTION ( 'NONE',  ( 0.000000000000000000, 1.000000000000000000, 0.000000000000000000 ) ) ;
#8044 = AXIS2_PLACEMENT_3D ( 'NONE', #3405, #6343, #5682 ) ;
#8045 = CARTESIAN_POINT ( 'NONE',  ( 14.60500000000000043, 0.000000000000000000, -3.047999999999996934 ) ) ;
#8046 = LINE ( 'NONE', #1456, #1507 ) ;
#8047 = CARTESIAN_POINT ( 'NONE',  ( -11.15060000000024587, 1.397000000000000686, -1.329987205696161023 ) ) ;
#8048 = ORIENTED_EDGE ( 'NONE', *, *, #3540, .T. ) ;
#8049 =( NAMED_UNIT ( * ) PLANE_ANGLE_UNIT ( ) SI_UNIT ( $, .RADIAN. ) );
#8050 = VECTOR ( 'NONE', #5327, 1000.000000000000000 ) ;
#8051 = FACE_OUTER_BOUND ( 'NONE', #6151, .T. ) ;
#8052 = AXIS2_PLACEMENT_3D ( 'NONE', #8897, #8274, #5159 ) ;
#8053 = DIRECTION ( 'NONE',  ( 0.000000000000000000, -1.000000000000000000, 0.000000000000000000 ) ) ;
#8054 = FACE_OUTER_BOUND ( 'NONE', #8740, .T. ) ;
#8055 = CARTESIAN_POINT ( 'NONE',  ( -16.00200000000000244, 1.523999999999999355, 1.540677576215000011 ) ) ;
#8056 = ORIENTED_EDGE ( 'NONE', *, *, #769, .F. ) ;
#8057 = CARTESIAN_POINT ( 'NONE',  ( 0.5397499999999986198, 15.49400000000000155, 0.000000000000000000 ) ) ;
#8058 = AXIS2_PLACEMENT_3D ( 'NONE', #8641, #5670, #645 ) ;
#8059 = ORIENTED_EDGE ( 'NONE', *, *, #3468, .F. ) ;
#8060 = EDGE_CURVE ( 'NONE', #6230, #2901, #2459, .T. ) ;
#8061 = DIRECTION ( 'NONE',  ( -0.7071067811865474617, 0.7071067811865474617, 0.000000000000000000 ) ) ;
#8062 = ORIENTED_EDGE ( 'NONE', *, *, #4281, .F. ) ;
#8063 = VERTEX_POINT ( 'NONE', #9059 ) ;
#8064 = DIRECTION ( 'NONE',  ( 0.000000000000000000, -1.000000000000000000, 0.000000000000000000 ) ) ;
#8065 = ADVANCED_FACE ( 'NONE', ( #2178 ), #351, .T. ) ;
#8066 = CIRCLE ( 'NONE', #1300, 0.7620000000000005658 ) ;
#8067 = VECTOR ( 'NONE', #6045, 999.9999999999998863 ) ;
#8068 = ORIENTED_EDGE ( 'NONE', *, *, #8789, .F. ) ;
#8069 = VECTOR ( 'NONE', #170, 1000.000000000000000 ) ;
#8070 = CARTESIAN_POINT ( 'NONE',  ( -16.00200000000000244, -3.175000000000000711, 0.000000000000000000 ) ) ;
#8071 = ADVANCED_FACE ( 'NONE', ( #1017 ), #5188, .F. ) ;
#8072 = EDGE_LOOP ( 'NONE', ( #9514, #49, #8504, #6212 ) ) ;
#8073 = AXIS2_PLACEMENT_3D ( 'NONE', #7573, #7525, #6082 ) ;
#8074 = EDGE_CURVE ( 'NONE', #4993, #9417, #3917, .T. ) ;
#8075 = CARTESIAN_POINT ( 'NONE',  ( 3.505199999999999871, 1.523999999999999355, -2.226310000000000233 ) ) ;
#8076 = VERTEX_POINT ( 'NONE', #7571 ) ;
#8077 = CARTESIAN_POINT ( 'NONE',  ( -11.73480000000000345, 0.000000000000000000, 2.625090000000000146 ) ) ;
#8078 = EDGE_LOOP ( 'NONE', ( #4832, #2427, #7876, #3557 ) ) ;
#8079 = DIRECTION ( 'NONE',  ( -0.2567226118398023837, -0.9664851269265090083, 0.000000000000000000 ) ) ;
#8080 = DIRECTION ( 'NONE',  ( -1.000000000000000000, 0.000000000000000000, 0.000000000000000000 ) ) ;
#8081 = DIRECTION ( 'NONE',  ( 0.8906052429498266809, 0.000000000000000000, -0.4547771995497136288 ) ) ;
#8082 = VECTOR ( 'NONE', #7998, 1000.000000000000000 ) ;
#8083 = CLOSED_SHELL ( 'NONE', ( #1521, #943, #5507, #2105 ) ) ;
#8084 = ADVANCED_FACE ( 'NONE', ( #3726 ), #3966, .T. ) ;
#8085 = CARTESIAN_POINT ( 'NONE',  ( -3.100387500000002738, 1.523999999999999355, -2.226310000000000233 ) ) ;
#8086 = LINE ( 'NONE', #8901, #6894 ) ;
#8087 = VERTEX_POINT ( 'NONE', #6893 ) ;
#8088 = LINE ( 'NONE', #5778, #3573 ) ;
#8089 = ORIENTED_EDGE ( 'NONE', *, *, #6524, .T. ) ;
#8090 = FACE_OUTER_BOUND ( 'NONE', #4367, .T. ) ;
#8091 = EDGE_LOOP ( 'NONE', ( #7094, #1387, #2605, #7872 ) ) ;
#8092 = CARTESIAN_POINT ( 'NONE',  ( -8.585200000000000387, 1.523999999999999355, -2.625089999999998369 ) ) ;
#8093 = EDGE_CURVE ( 'NONE', #1072, #5660, #310, .T. ) ;
#8094 = CARTESIAN_POINT ( 'NONE',  ( 0.9652000000000202640, 6.938893903907228378E-15, 2.226310000000002010 ) ) ;
#8095 = VECTOR ( 'NONE', #6289, 1000.000000000000000 ) ;
#8096 = DIRECTION ( 'NONE',  ( -1.000000000000000000, 0.000000000000000000, 0.000000000000000000 ) ) ;
#8097 = CARTESIAN_POINT ( 'NONE',  ( -14.60500000000000043, 0.000000000000000000, -2.540000000000002256 ) ) ;
#8098 = ADVANCED_FACE ( 'NONE', ( #5899 ), #263, .T. ) ;
#8099 = DIRECTION ( 'NONE',  ( 1.000000000000000000, 0.000000000000000000, 0.000000000000000000 ) ) ;
#8100 = PRESENTATION_STYLE_ASSIGNMENT (( #2216 ) ) ;
#8101 = AXIS2_PLACEMENT_3D ( 'NONE', #9164, #7182, #9341 ) ;
#8102 = LINE ( 'NONE', #1509, #4403 ) ;
#8103 = CARTESIAN_POINT ( 'NONE',  ( -9.194800000000002527, -3.175000000000000711, -2.625089999999998369 ) ) ;
#8104 = FACE_OUTER_BOUND ( 'NONE', #8305, .T. ) ;
#8105 = CARTESIAN_POINT ( 'NONE',  ( -16.00200000000000244, 4.572000000000000064, -3.810000000000002718 ) ) ;
#8106 = PRESENTATION_LAYER_ASSIGNMENT (  '', '', ( #1658 ) ) ;
#8107 = ORIENTED_EDGE ( 'NONE', *, *, #1062, .T. ) ;
#8108 = CARTESIAN_POINT ( 'NONE',  ( -16.00200000000000244, -3.175000000000000711, 2.226310000000002010 ) ) ;
#8109 = VERTEX_POINT ( 'NONE', #3185 ) ;
#8110 = CARTESIAN_POINT ( 'NONE',  ( -7.080250000000003041, 15.49400000000000155, 0.000000000000000000 ) ) ;
#8111 = AXIS2_PLACEMENT_3D ( 'NONE', #4205, #584, #3520 ) ;
#8112 = ORIENTED_EDGE ( 'NONE', *, *, #7076, .F. ) ;
#8113 = VERTEX_POINT ( 'NONE', #777 ) ;
#8114 = CARTESIAN_POINT ( 'NONE',  ( 13.84300000000000175, 0.000000000000000000, -3.810000000000002718 ) ) ;
#8115 =( GEOMETRIC_REPRESENTATION_CONTEXT ( 3 ) GLOBAL_UNCERTAINTY_ASSIGNED_CONTEXT ( ( #4786 ) ) GLOBAL_UNIT_ASSIGNED_CONTEXT ( ( #1834, #6208, #3997 ) ) REPRESENTATION_CONTEXT ( 'NONE', 'WORKASPACE' ) );
#8116 =( NAMED_UNIT ( * ) SI_UNIT ( $, .STERADIAN. ) SOLID_ANGLE_UNIT ( ) );
#8117 = EDGE_CURVE ( 'NONE', #4855, #7391, #6657, .T. ) ;
#8118 = ORIENTED_EDGE ( 'NONE', *, *, #5556, .T. ) ;
#8119 = VERTEX_POINT ( 'NONE', #6169 ) ;
#8120 = LINE ( 'NONE', #7492, #6187 ) ;
#8121 = AXIS2_PLACEMENT_3D ( 'NONE', #8943, #6777, #8902 ) ;
#8122 = ORIENTED_EDGE ( 'NONE', *, *, #5839, .F. ) ;
#8123 = LINE ( 'NONE', #3060, #2346 ) ;
#8124 = EDGE_LOOP ( 'NONE', ( #1266, #6423, #3830, #155 ) ) ;
#8125 = DIRECTION ( 'NONE',  ( 0.4397136649566123490, 0.000000000000000000, 0.8981380143666251037 ) ) ;
#8126 = VERTEX_POINT ( 'NONE', #2513 ) ;
#8127 = DIRECTION ( 'NONE',  ( -0.9664851269265090083, -0.2567226118398023837, 0.000000000000000000 ) ) ;
#8128 = DIRECTION ( 'NONE',  ( -0.000000000000000000, -1.000000000000000000, -0.000000000000000000 ) ) ;
#8129 =( NAMED_UNIT ( * ) PLANE_ANGLE_UNIT ( ) SI_UNIT ( $, .RADIAN. ) );
#8130 = EDGE_CURVE ( 'NONE', #1132, #1947, #4059, .T. ) ;
#8131 = EDGE_CURVE ( 'NONE', #2136, #4710, #440, .T. ) ;
#8132 = CARTESIAN_POINT ( 'NONE',  ( 8.159750000000000725, 10.33638951052389210, 0.9905999999999665073 ) ) ;
#8133 = CARTESIAN_POINT ( 'NONE',  ( 9.620249999999996859, 15.49400000000000155, 0.9906000000000012573 ) ) ;
#8134 = EDGE_CURVE ( 'NONE', #363, #3846, #5553, .T. ) ;
#8135 = EDGE_LOOP ( 'NONE', ( #602, #9501 ) ) ;
#8136 = DIRECTION ( 'NONE',  ( 0.000000000000000000, -1.000000000000000000, 0.000000000000000000 ) ) ;
#8137 = ORIENTED_EDGE ( 'NONE', *, *, #833, .T. ) ;
#8138 = FILL_AREA_STYLE_COLOUR ( '', #5568 ) ;
#8139 = ORIENTED_EDGE ( 'NONE', *, *, #3664, .F. ) ;
#8140 = LINE ( 'NONE', #3032, #5928 ) ;
#8141 = EDGE_CURVE ( 'NONE', #8063, #9216, #3408, .T. ) ;
#8142 = PLANE ( 'NONE',  #7257 ) ;
#8143 =( NAMED_UNIT ( * ) PLANE_ANGLE_UNIT ( ) SI_UNIT ( $, .RADIAN. ) );
#8144 = CARTESIAN_POINT ( 'NONE',  ( -13.97000000000000242, 8.001000000000001222, -0.9905999999999994809 ) ) ;
#8145 = CARTESIAN_POINT ( 'NONE',  ( 11.12520000000000131, 1.523999999999999355, -2.226310000000000233 ) ) ;
#8146 = LINE ( 'NONE', #5226, #8759 ) ;
#8147 = DIRECTION ( 'NONE',  ( -0.6737899277363029737, 0.000000000000000000, 0.7389229549020032151 ) ) ;
#8148 = DIRECTION ( 'NONE',  ( 0.2567226118398958090, -0.9664851269264842504, -0.000000000000000000 ) ) ;
#8149 = EDGE_CURVE ( 'NONE', #6686, #7008, #571, .T. ) ;
#8150 = DIRECTION ( 'NONE',  ( -1.000000000000000000, 0.000000000000000000, -0.000000000000000000 ) ) ;
#8151 = DIRECTION ( 'NONE',  ( 0.000000000000000000, 1.000000000000000000, 0.000000000000000000 ) ) ;
#8152 = LINE ( 'NONE', #1412, #7945 ) ;
#8153 = DIRECTION ( 'NONE',  ( 1.000000000000000000, -0.000000000000000000, -0.000000000000000000 ) ) ;
#8154 = EDGE_LOOP ( 'NONE', ( #3906, #2108, #4941, #7540, #1861, #1147 ) ) ;
#8155 = ORIENTED_EDGE ( 'NONE', *, *, #4465, .F. ) ;
#8156 = EDGE_LOOP ( 'NONE', ( #454, #7801, #6465, #5694 ) ) ;
#8157 = DIRECTION ( 'NONE',  ( -1.000000000000000000, 0.000000000000000000, 0.000000000000000000 ) ) ;
#8158 = FACE_OUTER_BOUND ( 'NONE', #6733, .T. ) ;
#8159 = AXIS2_PLACEMENT_3D ( 'NONE', #94, #8893, #2285 ) ;
#8160 = EDGE_LOOP ( 'NONE', ( #6299, #8853, #1539, #5447 ) ) ;
#8161 = EDGE_LOOP ( 'NONE', ( #3872, #5621, #4584, #8646 ) ) ;
#8162 = CARTESIAN_POINT ( 'NONE',  ( 0.5397499999999986198, 11.93800000000000061, 2.438400000000000123 ) ) ;
#8163 = ORIENTED_EDGE ( 'NONE', *, *, #5052, .T. ) ;
#8164 = FACE_OUTER_BOUND ( 'NONE', #9510, .T. ) ;
#8165 = EDGE_CURVE ( 'NONE', #7353, #4969, #1927, .T. ) ;
#8166 = VERTEX_POINT ( 'NONE', #3326 ) ;
#8167 = DIRECTION ( 'NONE',  ( 0.000000000000000000, -1.000000000000000000, 0.000000000000000000 ) ) ;
#8168 = ORIENTED_EDGE ( 'NONE', *, *, #9483, .F. ) ;
#8169 = LINE ( 'NONE', #1487, #8680 ) ;
#8170 = CARTESIAN_POINT ( 'NONE',  ( -4.540250000000003006, 15.49400000000000155, 0.000000000000000000 ) ) ;
#8171 = AXIS2_PLACEMENT_3D ( 'NONE', #942, #6009, #99 ) ;
#8172 = STYLED_ITEM ( 'NONE', ( #8183 ), #1212 ) ;
#8173 = AXIS2_PLACEMENT_3D ( 'NONE', #5371, #1696, #7570 ) ;
#8174 = DIRECTION ( 'NONE',  ( 1.000000000000000000, -0.000000000000000000, -0.000000000000000000 ) ) ;
#8175 = CARTESIAN_POINT ( 'NONE',  ( 15.24000000000000021, 15.49400000000000155, -4.673600000000001309 ) ) ;
#8176 = CARTESIAN_POINT ( 'NONE',  ( -12.70000000000000284, 1.106182791011038669, -2.137382390414379607 ) ) ;
#8177 = EDGE_LOOP ( 'NONE', ( #6707, #1647, #5246, #1875 ) ) ;
#8178 = VECTOR ( 'NONE', #123, 1000.000000000000000 ) ;
#8179 = VECTOR ( 'NONE', #7845, 1000.000000000000000 ) ;
#8180 = CARTESIAN_POINT ( 'NONE',  ( -1.574800000000001088, -3.175000000000000711, -2.226310000000000233 ) ) ;
#8181 = EDGE_CURVE ( 'NONE', #2748, #6755, #7122, .T. ) ;
#8182 = ORIENTED_EDGE ( 'NONE', *, *, #4257, .F. ) ;
#8183 = PRESENTATION_STYLE_ASSIGNMENT (( #2348 ) ) ;
#8184 = VECTOR ( 'NONE', #930, 1000.000000000000000 ) ;
#8185 = CARTESIAN_POINT ( 'NONE',  ( 15.24000000000000021, 15.51160356504115079, 3.048000000000002263 ) ) ;
#8186 = ADVANCED_FACE ( 'NONE', ( #1969 ), #2645, .F. ) ;
#8187 = VECTOR ( 'NONE', #1852, 1000.000000000000000 ) ;
#8188 = FACE_OUTER_BOUND ( 'NONE', #511, .T. ) ;
#8189 = DIRECTION ( 'NONE',  ( 0.000000000000000000, -0.000000000000000000, 1.000000000000000000 ) ) ;
#8190 = DIRECTION ( 'NONE',  ( -1.000000000000000000, 0.000000000000000000, 0.000000000000000000 ) ) ;
#8191 = VECTOR ( 'NONE', #2952, 1000.000000000000000 ) ;
#8192 = CARTESIAN_POINT ( 'NONE',  ( 6.654799999999995386, 1.523999999999999355, 2.226310000000002010 ) ) ;
#8193 = EDGE_CURVE ( 'NONE', #3834, #8063, #7073, .T. ) ;
#8194 = VECTOR ( 'NONE', #2406, 1000.000000000000000 ) ;
#8195 = EDGE_CURVE ( 'NONE', #40, #1026, #5685, .T. ) ;
#8196 = CARTESIAN_POINT ( 'NONE',  ( -16.00200000000000244, 15.49400000000000155, -3.047999999999996934 ) ) ;
#8197 = DIRECTION ( 'NONE',  ( -1.000000000000000000, -0.000000000000000000, -0.000000000000000000 ) ) ;
#8198 = AXIS2_PLACEMENT_3D ( 'NONE', #1624, #6764, #141 ) ;
#8199 = FACE_OUTER_BOUND ( 'NONE', #779, .T. ) ;
#8200 = CARTESIAN_POINT ( 'NONE',  ( -15.23999999999999666, 6.604000000000000092, -3.047999999999996934 ) ) ;
#8201 = FACE_OUTER_BOUND ( 'NONE', #9395, .T. ) ;
#8202 = DIRECTION ( 'NONE',  ( -0.000000000000000000, -1.000000000000000000, -0.000000000000000000 ) ) ;
#8203 = FACE_OUTER_BOUND ( 'NONE', #2286, .T. ) ;
#8204 = UNCERTAINTY_MEASURE_WITH_UNIT (LENGTH_MEASURE( 1.000000000000000082E-05 ), #6967, 'distance_accuracy_value', 'NONE');
#8205 = CARTESIAN_POINT ( 'NONE',  ( 9.194800000000002527, -3.175000000000000711, -2.625089999999998369 ) ) ;
#8206 = ORIENTED_EDGE ( 'NONE', *, *, #8579, .F. ) ;
#8207 = VECTOR ( 'NONE', #1223, 1000.000000000000000 ) ;
#8208 = ORIENTED_EDGE ( 'NONE', *, *, #8093, .T. ) ;
#8209 = VERTEX_POINT ( 'NONE', #3369 ) ;
#8210 = DIRECTION ( 'NONE',  ( -0.000000000000000000, -1.000000000000000000, -0.000000000000000000 ) ) ;
#8211 = CARTESIAN_POINT ( 'NONE',  ( 0.9651999999999993918, 1.523999999999999355, -2.226310000000000233 ) ) ;
#8212 = AXIS2_PLACEMENT_3D ( 'NONE', #8466, #2722, #9223 ) ;
#8213 =( GEOMETRIC_REPRESENTATION_CONTEXT ( 3 ) GLOBAL_UNCERTAINTY_ASSIGNED_CONTEXT ( ( #4364 ) ) GLOBAL_UNIT_ASSIGNED_CONTEXT ( ( #7249, #1224, #2044 ) ) REPRESENTATION_CONTEXT ( 'NONE', 'WORKASPACE' ) );
#8214 = ORIENTED_EDGE ( 'NONE', *, *, #694, .T. ) ;
#8215 = ORIENTED_EDGE ( 'NONE', *, *, #1894, .F. ) ;
#8216 = EDGE_CURVE ( 'NONE', #2856, #6149, #9156, .T. ) ;
#8217 = ORIENTED_EDGE ( 'NONE', *, *, #6248, .T. ) ;
#8218 = DIRECTION ( 'NONE',  ( 1.000000000000000000, -0.000000000000000000, -0.000000000000000000 ) ) ;
#8219 = AXIS2_PLACEMENT_3D ( 'NONE', #9027, #2475, #1074 ) ;
#8220 = ORIENTED_EDGE ( 'NONE', *, *, #3735, .F. ) ;
#8221 = VECTOR ( 'NONE', #4935, 999.9999999999998863 ) ;
#8222 = FACE_OUTER_BOUND ( 'NONE', #6051, .T. ) ;
#8223 = ORIENTED_EDGE ( 'NONE', *, *, #4381, .F. ) ;
#8224 = PLANE ( 'NONE',  #5050 ) ;
#8225 = CARTESIAN_POINT ( 'NONE',  ( -3.505199999999999871, 0.000000000000000000, 2.226310000000002010 ) ) ;
#8226 = VECTOR ( 'NONE', #7766, 1000.000000000000000 ) ;
#8227 = DIRECTION ( 'NONE',  ( 0.000000000000000000, 1.000000000000000000, 0.000000000000000000 ) ) ;
#8228 = CIRCLE ( 'NONE', #3152, 0.7620000000000005658 ) ;
#8229 = CARTESIAN_POINT ( 'NONE',  ( -5.640387499999934384, 1.523999999999980259, 2.625090000000000146 ) ) ;
#8230 = ORIENTED_EDGE ( 'NONE', *, *, #823, .F. ) ;
#8231 = CARTESIAN_POINT ( 'NONE',  ( 4.519612499999999145, 1.523999999999999355, -2.625089999999998369 ) ) ;
#8232 = EDGE_LOOP ( 'NONE', ( #134, #6408, #2802, #7186 ) ) ;
#8233 = CIRCLE ( 'NONE', #7002, 2.158999999999999364 ) ;
#8234 = CLOSED_SHELL ( 'NONE', ( #7893, #6722, #4312, #4550, #6135, #2789, #3255, #7943 ) ) ;
#8235 = DIRECTION ( 'NONE',  ( 0.000000000000000000, -1.000000000000000000, 0.000000000000000000 ) ) ;
#8236 = PLANE ( 'NONE',  #349 ) ;
#8237 = EDGE_CURVE ( 'NONE', #5240, #2483, #7172, .T. ) ;
#8238 = CARTESIAN_POINT ( 'NONE',  ( -1.574800000000001088, 1.523999999999999355, 2.625090000000000146 ) ) ;
#8239 = DIRECTION ( 'NONE',  ( -1.000000000000000000, 0.000000000000000000, 0.000000000000000000 ) ) ;
#8240 = FACE_OUTER_BOUND ( 'NONE', #2347, .T. ) ;
#8241 = CARTESIAN_POINT ( 'NONE',  ( -11.58240000000006198, 1.523999999999999355, 1.956880869102096909 ) ) ;
#8242 = LINE ( 'NONE', #3864, #2066 ) ;
#8243 = CARTESIAN_POINT ( 'NONE',  ( -11.76443333270000480, 1.523999999999999355, -1.329987205696001373 ) ) ;
#8244 = LINE ( 'NONE', #1653, #4816 ) ;
#8245 = VECTOR ( 'NONE', #8834, 1000.000000000000000 ) ;
#8246 = EDGE_CURVE ( 'NONE', #8454, #4026, #9286, .T. ) ;
#8247 = DIRECTION ( 'NONE',  ( -0.2567226118398510670, 0.9664851269264960187, 0.000000000000000000 ) ) ;
#8248 = EDGE_CURVE ( 'NONE', #3599, #8502, #9201, .T. ) ;
#8249 = DIRECTION ( 'NONE',  ( 0.000000000000000000, -1.000000000000000000, 0.000000000000000000 ) ) ;
#8250 = DIRECTION ( 'NONE',  ( -1.000000000000000000, 0.000000000000000000, 0.000000000000000000 ) ) ;
#8251 = PRODUCT ( '5-5530843-0', '5-5530843-0', '', ( #3307 ) ) ;
#8252 = CARTESIAN_POINT ( 'NONE',  ( -1.574800000000001088, -3.175000000000000711, -2.625089999999998369 ) ) ;
#8253 = ORIENTED_EDGE ( 'NONE', *, *, #6833, .T. ) ;
#8254 = EDGE_CURVE ( 'NONE', #5503, #3628, #2560, .T. ) ;
#8255 = ORIENTED_EDGE ( 'NONE', *, *, #7367, .T. ) ;
#8256 = VECTOR ( 'NONE', #8210, 1000.000000000000000 ) ;
#8257 = LINE ( 'NONE', #4621, #4073 ) ;
#8258 = PLANE ( 'NONE',  #5645 ) ;
#8259 = EDGE_CURVE ( 'NONE', #6077, #7508, #4967, .T. ) ;
#8260 = CARTESIAN_POINT ( 'NONE',  ( 8.585200000000000387, -3.175000000000000711, -2.226310000000000233 ) ) ;
#8261 = VECTOR ( 'NONE', #3431, 1000.000000000000114 ) ;
#8262 =( GEOMETRIC_REPRESENTATION_CONTEXT ( 3 ) GLOBAL_UNCERTAINTY_ASSIGNED_CONTEXT ( ( #1168 ) ) GLOBAL_UNIT_ASSIGNED_CONTEXT ( ( #4701, #6933, #9159 ) ) REPRESENTATION_CONTEXT ( 'NONE', 'WORKASPACE' ) );
#8263 = ORIENTED_EDGE ( 'NONE', *, *, #1667, .F. ) ;
#8264 = EDGE_LOOP ( 'NONE', ( #4122, #6214, #1996, #4541 ) ) ;
#8265 = CARTESIAN_POINT ( 'NONE',  ( -16.00200000000000244, 1.523999999999999355, 2.625090000000000146 ) ) ;
#8266 = ORIENTED_EDGE ( 'NONE', *, *, #3650, .T. ) ;
#8267 = DIRECTION ( 'NONE',  ( 0.000000000000000000, 0.000000000000000000, -1.000000000000000000 ) ) ;
#8268 = AXIS2_PLACEMENT_3D ( 'NONE', #7521, #8190, #4553 ) ;
#8269 = ORIENTED_EDGE ( 'NONE', *, *, #1303, .F. ) ;
#8270 = LINE ( 'NONE', #1676, #410 ) ;
#8271 = ORIENTED_EDGE ( 'NONE', *, *, #2235, .T. ) ;
#8272 = LINE ( 'NONE', #5299, #5964 ) ;
#8273 = CARTESIAN_POINT ( 'NONE',  ( -6.045200000000027885, 6.938893903907228378E-15, -2.226310000000000233 ) ) ;
#8274 = DIRECTION ( 'NONE',  ( -0.9664851269265090083, -0.2567226118398023837, 0.000000000000000000 ) ) ;
#8275 = EDGE_CURVE ( 'NONE', #546, #7784, #7761, .T. ) ;
#8276 = VECTOR ( 'NONE', #5478, 1000.000000000000000 ) ;
#8277 = CIRCLE ( 'NONE', #4121, 2.158999999999999364 ) ;
#8279 = LINE ( 'NONE', #4636, #5869 ) ;
#8278 = MECHANICAL_DESIGN_GEOMETRIC_PRESENTATION_REPRESENTATION (  '', ( #296 ), #3661 ) ;
#8280 = ORIENTED_EDGE ( 'NONE', *, *, #519, .F. ) ;
#8281 = FACE_OUTER_BOUND ( 'NONE', #3692, .T. ) ;
#8282 = FILL_AREA_STYLE ('',( #3024 ) ) ;
#8283 = EDGE_LOOP ( 'NONE', ( #5947, #7074, #5297, #1792, #1636, #6768 ) ) ;
#8284 = DIRECTION ( 'NONE',  ( 0.000000000000000000, 1.000000000000000000, 0.000000000000000000 ) ) ;
#8285 = EDGE_LOOP ( 'NONE', ( #8830, #5334, #9362, #8269 ) ) ;
#8286 = ORIENTED_EDGE ( 'NONE', *, *, #8, .F. ) ;
#8287 = PLANE ( 'NONE',  #2070 ) ;
#8288 = CARTESIAN_POINT ( 'NONE',  ( -5.619749999999999801, 13.53961048947610912, 0.9905999999999665073 ) ) ;
#8289 = DIRECTION ( 'NONE',  ( -0.9664851269265090083, -0.2567226118398023837, 0.000000000000000000 ) ) ;
#8290 = CARTESIAN_POINT ( 'NONE',  ( -16.00200000000000244, -3.175000000000000711, 2.226310000000002010 ) ) ;
#8291 = CARTESIAN_POINT ( 'NONE',  ( 3.505199999999999871, 0.000000000000000000, -2.625089999999998369 ) ) ;
#8292 = EDGE_LOOP ( 'NONE', ( #3688, #7211, #1529, #9097 ) ) ;
#8293 = CARTESIAN_POINT ( 'NONE',  ( 1.574800000000001088, -3.175000000000000711, 2.226310000000002010 ) ) ;
#8294 = CARTESIAN_POINT ( 'NONE',  ( -0.9651999999999993918, 1.523999999999999355, -2.226310000000000233 ) ) ;
#8295 = DIRECTION ( 'NONE',  ( -1.000000000000000000, -0.000000000000000000, -0.000000000000000000 ) ) ;
#8296 = ADVANCED_FACE ( 'NONE', ( #5514 ), #8444, .T. ) ;
#8297 = DIRECTION ( 'NONE',  ( 0.9664851269264842504, -0.2567226118398958090, -0.000000000000000000 ) ) ;
#8298 = DIRECTION ( 'NONE',  ( -1.000000000000000000, 0.000000000000000000, 0.000000000000000000 ) ) ;
#8299 = DIRECTION ( 'NONE',  ( -1.000000000000000000, -0.000000000000000000, -0.000000000000000000 ) ) ;
#8300 =( NAMED_UNIT ( * ) SI_UNIT ( $, .STERADIAN. ) SOLID_ANGLE_UNIT ( ) );
#8301 = CARTESIAN_POINT ( 'NONE',  ( 8.585200000000000387, 1.523999999999999355, -2.226310000000000233 ) ) ;
#8302 = DIRECTION ( 'NONE',  ( -0.2567226118398506785, -0.9664851269264961298, 0.000000000000000000 ) ) ;
#8303 = DIRECTION ( 'NONE',  ( 1.000000000000000000, 0.000000000000000000, 0.000000000000000000 ) ) ;
#8304 = ORIENTED_EDGE ( 'NONE', *, *, #8237, .F. ) ;
#8305 = EDGE_LOOP ( 'NONE', ( #8059, #2222, #3991, #4419 ) ) ;
#8306 = EDGE_CURVE ( 'NONE', #9004, #4862, #6989, .T. ) ;
#8307 = ORIENTED_EDGE ( 'NONE', *, *, #7250, .F. ) ;
#8308 = CARTESIAN_POINT ( 'NONE',  ( -11.42576667676000568, 1.397000000000000686, -1.092199999999999838 ) ) ;
#8309 = FACE_OUTER_BOUND ( 'NONE', #2148, .T. ) ;
#8310 = EDGE_CURVE ( 'NONE', #1527, #4675, #6265, .T. ) ;
#8311 = ORIENTED_EDGE ( 'NONE', *, *, #4108, .T. ) ;
#8312 = ORIENTED_EDGE ( 'NONE', *, *, #1894, .T. ) ;
#8313 = ORIENTED_EDGE ( 'NONE', *, *, #586, .F. ) ;
#8314 = LINE ( 'NONE', #6103, #8360 ) ;
#8315 = EDGE_CURVE ( 'NONE', #52, #1072, #8088, .T. ) ;
#8316 = EDGE_CURVE ( 'NONE', #572, #5041, #9477, .T. ) ;
#8317 = ORIENTED_EDGE ( 'NONE', *, *, #8141, .F. ) ;
#8318 = LINE ( 'NONE', #3890, #6709 ) ;
#8319 = ORIENTED_EDGE ( 'NONE', *, *, #7297, .F. ) ;
#8320 = CARTESIAN_POINT ( 'NONE',  ( -3.505199999999999871, -3.175000000000000711, -2.226310000000000233 ) ) ;
#8321 = DIRECTION ( 'NONE',  ( -1.000000000000000000, 0.000000000000000000, 0.000000000000000000 ) ) ;
#8322 = DIRECTION ( 'NONE',  ( 0.000000000000000000, -1.000000000000000000, 0.000000000000000000 ) ) ;
#8323 = LINE ( 'NONE', #192, #1724 ) ;
#8324 = ORIENTED_EDGE ( 'NONE', *, *, #757, .T. ) ;
#8325 = DIRECTION ( 'NONE',  ( -0.2567226118398023837, -0.9664851269265090083, 0.000000000000000000 ) ) ;
#8326 = CARTESIAN_POINT ( 'NONE',  ( 5.619749999999999801, 13.53961048947610912, 0.9905999999999665073 ) ) ;
#8327 = VERTEX_POINT ( 'NONE', #9427 ) ;
#8328 = FACE_OUTER_BOUND ( 'NONE', #8639, .T. ) ;
#8329 = VERTEX_POINT ( 'NONE', #3609 ) ;
#8330 = CARTESIAN_POINT ( 'NONE',  ( 1.574800000000001088, 1.523999999999999355, -2.226310000000000233 ) ) ;
#8331 = VERTEX_POINT ( 'NONE', #7317 ) ;
#8332 = CARTESIAN_POINT ( 'NONE',  ( -13.84300000000000175, 4.572000000000000064, 3.048000000000002263 ) ) ;
#8333 = SURFACE_STYLE_FILL_AREA ( #2455 ) ;
#8334 = VECTOR ( 'NONE', #3549, 1000.000000000000000 ) ;
#8335 = PRESENTATION_LAYER_ASSIGNMENT (  '', '', ( #6763 ) ) ;
#8336 = CARTESIAN_POINT ( 'NONE',  ( -14.60500000000000043, 6.604000000000000092, 3.048000000000002263 ) ) ;
#8337 = EDGE_LOOP ( 'NONE', ( #6254, #4258, #3093, #1042, #2906, #3225 ) ) ;
#8338 = CARTESIAN_POINT ( 'NONE',  ( -16.00200000000000244, 1.523999999999999355, -2.625089999999998369 ) ) ;
#8339 = VECTOR ( 'NONE', #987, 1000.000000000000227 ) ;
#8340 = ADVANCED_FACE ( 'NONE', ( #712 ), #7940, .T. ) ;
#8341 = SURFACE_STYLE_USAGE ( .BOTH. , #5420 ) ;
#8342 = AXIS2_PLACEMENT_3D ( 'NONE', #8057, #5846, #7966 ) ;
#8343 = DIRECTION ( 'NONE',  ( -0.000000000000000000, -1.000000000000000000, -0.000000000000000000 ) ) ;
#8344 = AXIS2_PLACEMENT_3D ( 'NONE', #7837, #1922, #1965 ) ;
#8345 = CARTESIAN_POINT ( 'NONE',  ( -16.00200000000000244, 15.49400000000000155, 4.673600000000000421 ) ) ;
#8346 = CARTESIAN_POINT ( 'NONE',  ( -10.69975000000000165, 11.93800000000000061, -2.438400000000001899 ) ) ;
#8347 = CIRCLE ( 'NONE', #1581, 2.158999999999999364 ) ;
#8348 = SURFACE_STYLE_FILL_AREA ( #1755 ) ;
#8349 = CARTESIAN_POINT ( 'NONE',  ( 6.654799999999995386, 1.523999999999999355, 2.625090000000000146 ) ) ;
#8350 = FACE_OUTER_BOUND ( 'NONE', #5306, .T. ) ;
#8352 = LINE ( 'NONE', #1758, #2110 ) ;
#8351 = VECTOR ( 'NONE', #915, 1000.000000000000000 ) ;
#8353 = ORIENTED_EDGE ( 'NONE', *, *, #8677, .T. ) ;
#8354 = ORIENTED_EDGE ( 'NONE', *, *, #8957, .F. ) ;
#8355 = AXIS2_PLACEMENT_3D ( 'NONE', #1674, #4629, #236 ) ;
#8356 = PLANE ( 'NONE',  #4721 ) ;
#8357 = LINE ( 'NONE', #4713, #3637 ) ;
#8358 = CARTESIAN_POINT ( 'NONE',  ( -9.194800000000002527, 0.000000000000000000, 2.625090000000000146 ) ) ;
#8359 = EDGE_CURVE ( 'NONE', #3985, #9038, #7269, .T. ) ;
#8360 = VECTOR ( 'NONE', #9036, 1000.000000000000000 ) ;
#8361 = MECHANICAL_DESIGN_GEOMETRIC_PRESENTATION_REPRESENTATION (  '', ( #3426 ), #1121 ) ;
#8362 = ORIENTED_EDGE ( 'NONE', *, *, #880, .T. ) ;
#8363 = MECHANICAL_DESIGN_GEOMETRIC_PRESENTATION_REPRESENTATION (  '', ( #9428 ), #227 ) ;
#8364 = ORIENTED_EDGE ( 'NONE', *, *, #3197, .T. ) ;
#8365 = DIRECTION ( 'NONE',  ( -0.000000000000000000, -0.000000000000000000, 1.000000000000000000 ) ) ;
#8366 = ORIENTED_EDGE ( 'NONE', *, *, #6291, .F. ) ;
#8367 = LINE ( 'NONE', #9175, #7424 ) ;
#8368 = EDGE_CURVE ( 'NONE', #3019, #1820, #8708, .T. ) ;
#8369 = ORIENTED_EDGE ( 'NONE', *, *, #1010, .F. ) ;
#8370 = DIRECTION ( 'NONE',  ( 1.000000000000000000, -0.000000000000000000, -0.000000000000000000 ) ) ;
#8371 = EDGE_LOOP ( 'NONE', ( #5903, #4365, #509, #5729 ) ) ;
#8372 = COLOUR_RGB ( '',0.7921568627450980005, 0.8196078431372548767, 0.9333333333333333481 ) ;
#8373 = STYLED_ITEM ( 'NONE', ( #5907 ), #4471 ) ;
#8374 = CARTESIAN_POINT ( 'NONE',  ( 8.180387500000039225, 1.524000000000004462, -2.625089999999998369 ) ) ;
#8375 = CARTESIAN_POINT ( 'NONE',  ( 15.24000000000000021, 4.572000000000000064, -3.047999999999996934 ) ) ;
#8376 = EDGE_CURVE ( 'NONE', #7202, #2438, #1396, .T. ) ;
#8377 = ADVANCED_FACE ( 'NONE', ( #2978 ), #8753, .T. ) ;
#8378 = VERTEX_POINT ( 'NONE', #2202 ) ;
#8379 = DIRECTION ( 'NONE',  ( -1.000000000000000000, 0.000000000000000000, 0.000000000000000000 ) ) ;
#8380 = FACE_OUTER_BOUND ( 'NONE', #2193, .T. ) ;
#8381 = VERTEX_POINT ( 'NONE', #5165 ) ;
#8382 = AXIS2_PLACEMENT_3D ( 'NONE', #8582, #5696, #7189 ) ;
#8383 = DIRECTION ( 'NONE',  ( 0.000000000000000000, 0.000000000000000000, -1.000000000000000000 ) ) ;
#8384 = AXIS2_PLACEMENT_3D ( 'NONE', #4361, #9495, #5841 ) ;
#8385 = ADVANCED_FACE ( 'NONE', ( #1496 ), #4449, .T. ) ;
#8386 = ORIENTED_EDGE ( 'NONE', *, *, #1186, .F. ) ;
#8387 = ORIENTED_EDGE ( 'NONE', *, *, #177, .T. ) ;
#8388 = EDGE_CURVE ( 'NONE', #3213, #129, #8035, .T. ) ;
#8389 = CIRCLE ( 'NONE', #8532, 2.158999999999999364 ) ;
#8390 = VECTOR ( 'NONE', #6134, 1000.000000000000000 ) ;
#8391 = DIRECTION ( 'NONE',  ( 0.000000000000000000, -1.000000000000000000, 0.000000000000000000 ) ) ;
#8392 = DIRECTION ( 'NONE',  ( 0.000000000000000000, 1.000000000000000000, 0.000000000000000000 ) ) ;
#8393 = CARTESIAN_POINT ( 'NONE',  ( -16.00200000000000244, 4.572000000000000064, 3.048000000000002263 ) ) ;
#8394 = DIRECTION ( 'NONE',  ( 0.000000000000000000, 1.000000000000000000, 0.000000000000000000 ) ) ;
#8395 = ORIENTED_EDGE ( 'NONE', *, *, #8665, .T. ) ;
#8396 = LINE ( 'NONE', #8338, #8951 ) ;
#8397 = CIRCLE ( 'NONE', #1616, 2.158999999999999364 ) ;
#8398 = CLOSED_SHELL ( 'NONE', ( #944, #5997, #4674, #5672, #5571, #7974, #4392, #6497, #5612, #370, #9181, #2850, #1282, #6844, #6735, #575, #9136, #1848, #6617, #7961, #7271, #6101, #9098, #2185, #9347, #6955, #2797, #7544, #6242, #6044, #7771, #5715, #2764, #7009, #3466, #7706, #7064, #821, #230, #1447, #7150, #7950, #10, #9241, #5230, #2478, #4177, #3129, #7088, #601, #7804 ) ) ;
#8399 = SURFACE_STYLE_FILL_AREA ( #6847 ) ;
#8400 = DIRECTION ( 'NONE',  ( -0.000000000000000000, 1.000000000000000000, 0.000000000000000000 ) ) ;
#8401 = CARTESIAN_POINT ( 'NONE',  ( -11.44693332324000323, 1.523999999999999355, -1.200285093497998057 ) ) ;
#8402 = DIRECTION ( 'NONE',  ( 0.000000000000000000, 0.000000000000000000, 1.000000000000000000 ) ) ;
#8403 = EDGE_CURVE ( 'NONE', #3029, #7091, #6444, .T. ) ;
#8404 = LINE ( 'NONE', #1930, #7874 ) ;
#8405 = CLOSED_SHELL ( 'NONE', ( #8620, #2657, #4220, #7284, #3782, #7136, #5824, #6352, #5211 ) ) ;
#8406 = DIRECTION ( 'NONE',  ( 0.000000000000000000, -1.000000000000000000, 0.000000000000000000 ) ) ;
#8407 = CARTESIAN_POINT ( 'NONE',  ( -11.78560000000000052, 1.397000000000000686, -2.000114891362000602 ) ) ;
#8408 = DIRECTION ( 'NONE',  ( 0.000000000000000000, 1.000000000000000000, 0.000000000000000000 ) ) ;
#8409 = ORIENTED_EDGE ( 'NONE', *, *, #7358, .T. ) ;
#8410 = LINE ( 'NONE', #9122, #7921 ) ;
#8411 = CARTESIAN_POINT ( 'NONE',  ( -11.73480000000000345, 0.000000000000000000, 2.625090000000000146 ) ) ;
#8412 = PLANE ( 'NONE',  #75 ) ;
#8413 = VERTEX_POINT ( 'NONE', #7991 ) ;
#8414 = ORIENTED_EDGE ( 'NONE', *, *, #8885, .T. ) ;
#8415 = AXIS2_PLACEMENT_3D ( 'NONE', #7647, #1041, #8420 ) ;
#8416 = LINE ( 'NONE', #1821, #1572 ) ;
#8417 = ORIENTED_EDGE ( 'NONE', *, *, #206, .F. ) ;
#8418 = CARTESIAN_POINT ( 'NONE',  ( 1.574800000000001088, 1.523999999999999355, -2.625089999999998369 ) ) ;
#8419 = ORIENTED_EDGE ( 'NONE', *, *, #1847, .T. ) ;
#8420 = DIRECTION ( 'NONE',  ( 0.000000000000000000, -0.000000000000000000, -1.000000000000000000 ) ) ;
#8421 = EDGE_LOOP ( 'NONE', ( #3154, #450, #4129, #4047 ) ) ;
#8422 = EDGE_CURVE ( 'NONE', #755, #5490, #5730, .T. ) ;
#8423 = VECTOR ( 'NONE', #2494, 1000.000000000000000 ) ;
#8424 =( LENGTH_UNIT ( ) NAMED_UNIT ( * ) SI_UNIT ( .MILLI., .METRE. ) );
#8425 = CARTESIAN_POINT ( 'NONE',  ( -11.45540000000000447, 1.397000000000000686, 1.092200000000001392 ) ) ;
#8426 = ORIENTED_EDGE ( 'NONE', *, *, #9230, .F. ) ;
#8427 = DIRECTION ( 'NONE',  ( 0.000000000000000000, 1.000000000000000000, 0.000000000000000000 ) ) ;
#8428 = CARTESIAN_POINT ( 'NONE',  ( -6.654800000000002491, 1.523999999999999355, -2.226310000000000233 ) ) ;
#8429 = PRESENTATION_LAYER_ASSIGNMENT (  '', '', ( #4748 ) ) ;
#8430 = DIRECTION ( 'NONE',  ( 0.000000000000000000, 0.000000000000000000, -1.000000000000000000 ) ) ;
#8431 = PRESENTATION_LAYER_ASSIGNMENT (  '', '', ( #4752 ) ) ;
#8432 = ORIENTED_EDGE ( 'NONE', *, *, #5382, .T. ) ;
#8433 = DIRECTION ( 'NONE',  ( 1.000000000000000000, 0.000000000000000000, 0.000000000000000000 ) ) ;
#8434 = ORIENTED_EDGE ( 'NONE', *, *, #7664, .T. ) ;
#8435 = EDGE_CURVE ( 'NONE', #52, #7560, #9260, .T. ) ;
#8436 = EDGE_CURVE ( 'NONE', #4474, #7207, #5439, .T. ) ;
#8437 = CARTESIAN_POINT ( 'NONE',  ( -11.45540000000000447, 1.523999999999999355, 2.108200000000000962 ) ) ;
#8438 = ADVANCED_FACE ( 'NONE', ( #3554 ), #1350, .T. ) ;
#8439 = DIRECTION ( 'NONE',  ( -1.000000000000000000, -0.000000000000000000, -0.000000000000000000 ) ) ;
#8440 = UNCERTAINTY_MEASURE_WITH_UNIT (LENGTH_MEASURE( 1.000000000000000082E-05 ), #8609, 'distance_accuracy_value', 'NONE');
#8441 = LINE ( 'NONE', #1843, #1277 ) ;
#8442 = DIRECTION ( 'NONE',  ( 1.000000000000000000, 0.000000000000000000, 0.000000000000000000 ) ) ;
#8443 = VERTEX_POINT ( 'NONE', #5017 ) ;
#8444 = PLANE ( 'NONE',  #4518 ) ;
#8445 = VECTOR ( 'NONE', #299, 1000.000000000000000 ) ;
#8446 = MECHANICAL_DESIGN_GEOMETRIC_PRESENTATION_REPRESENTATION (  '', ( #3048 ), #8262 ) ;
#8447 = ADVANCED_FACE ( 'NONE', ( #4299 ), #3701, .T. ) ;
#8448 = SURFACE_SIDE_STYLE ('',( #5516 ) ) ;
#8449 = CARTESIAN_POINT ( 'NONE',  ( -6.045200000000000351, 1.523999999999999355, 2.625090000000000146 ) ) ;
#8450 = LINE ( 'NONE', #2700, #8187 ) ;
#8451 = CARTESIAN_POINT ( 'NONE',  ( -16.00200000000000244, -3.175000000000000711, 0.000000000000000000 ) ) ;
#8452 = FACE_OUTER_BOUND ( 'NONE', #5293, .T. ) ;
#8453 = CARTESIAN_POINT ( 'NONE',  ( 8.585200000000000387, 0.000000000000000000, 2.625090000000000146 ) ) ;
#8454 = VERTEX_POINT ( 'NONE', #5358 ) ;
#8455 = EDGE_CURVE ( 'NONE', #7930, #2951, #4686, .T. ) ;
#8456 = CARTESIAN_POINT ( 'NONE',  ( 10.69975000000000165, 11.93800000000000061, 2.438400000000000123 ) ) ;
#8457 = DIRECTION ( 'NONE',  ( -1.000000000000000000, 0.000000000000000000, -0.000000000000000000 ) ) ;
#8458 = ORIENTED_EDGE ( 'NONE', *, *, #5128, .F. ) ;
#8459 = ORIENTED_EDGE ( 'NONE', *, *, #5319, .T. ) ;
#8460 = CARTESIAN_POINT ( 'NONE',  ( 1.574800000000001088, 1.523999999999999355, 2.226310000000002010 ) ) ;
#8461 = ORIENTED_EDGE ( 'NONE', *, *, #8855, .F. ) ;
#8462 = DIRECTION ( 'NONE',  ( 0.000000000000000000, -1.000000000000000000, 0.000000000000000000 ) ) ;
#8463 = EDGE_LOOP ( 'NONE', ( #4824, #990, #8686, #4478 ) ) ;
#8464 = PLANE ( 'NONE',  #3476 ) ;
#8465 = VERTEX_POINT ( 'NONE', #7609 ) ;
#8466 = CARTESIAN_POINT ( 'NONE',  ( 0.000000000000000000, 0.000000000000000000, 0.000000000000000000 ) ) ;
#8467 = PRESENTATION_STYLE_ASSIGNMENT (( #7650 ) ) ;
#8468 = ORIENTED_EDGE ( 'NONE', *, *, #1012, .T. ) ;
#8469 = DIRECTION ( 'NONE',  ( -1.000000000000000000, 0.000000000000000000, 0.000000000000000000 ) ) ;
#8470 = CARTESIAN_POINT ( 'NONE',  ( 7.059612499999999180, 1.523999999999999355, -2.226309999999997125 ) ) ;
#8471 = EDGE_LOOP ( 'NONE', ( #3399, #2763, #5847, #4529 ) ) ;
#8472 = SURFACE_STYLE_FILL_AREA ( #5586 ) ;
#8473 = VERTEX_POINT ( 'NONE', #6116 ) ;
#8474 = PLANE ( 'NONE',  #8344 ) ;
#8475 = CARTESIAN_POINT ( 'NONE',  ( 10.72038749999999752, 1.523999999999999355, 2.226309999999998901 ) ) ;
#8476 = EDGE_CURVE ( 'NONE', #7840, #8015, #5457, .T. ) ;
#8477 = SURFACE_STYLE_USAGE ( .BOTH. , #3323 ) ;
#8478 = ORIENTED_EDGE ( 'NONE', *, *, #1765, .T. ) ;
#8479 = CARTESIAN_POINT ( 'NONE',  ( 0.9651999999999993918, 1.523999999999999355, 2.226310000000002010 ) ) ;
#8480 = EDGE_CURVE ( 'NONE', #1612, #7320, #1004, .T. ) ;
#8481 = CARTESIAN_POINT ( 'NONE',  ( 15.24000000000000021, 6.604000000000000092, 3.911600000000001298 ) ) ;
#8482 = AXIS2_PLACEMENT_3D ( 'NONE', #5872, #5116, #4545 ) ;
#8483 = DIRECTION ( 'NONE',  ( -1.000000000000000000, -0.000000000000000000, -0.000000000000000000 ) ) ;
#8484 = PLANE ( 'NONE',  #8994 ) ;
#8485 = CARTESIAN_POINT ( 'NONE',  ( -16.00200000000000244, -3.175000000000000711, 0.000000000000000000 ) ) ;
#8486 = AXIS2_PLACEMENT_3D ( 'NONE', #113, #2358, #6842 ) ;
#8487 = EDGE_CURVE ( 'NONE', #9025, #9509, #154, .T. ) ;
#8488 = CARTESIAN_POINT ( 'NONE',  ( -3.505199999999999871, -3.175000000000000711, 2.625090000000000146 ) ) ;
#8489 = EDGE_CURVE ( 'NONE', #7071, #4496, #9050, .T. ) ;
#8490 = VERTEX_POINT ( 'NONE', #9093 ) ;
#8491 = VECTOR ( 'NONE', #7666, 1000.000000000000000 ) ;
#8492 = CARTESIAN_POINT ( 'NONE',  ( 14.60500000000000043, 0.8890000000000009006, 1.540677576215000011 ) ) ;
#8493 = VECTOR ( 'NONE', #8365, 1000.000000000000000 ) ;
#8494 = CARTESIAN_POINT ( 'NONE',  ( -15.23999999999999666, 6.604000000000000092, 3.810000000000000941 ) ) ;
#8495 = AXIS2_PLACEMENT_3D ( 'NONE', #9162, #3418, #7765 ) ;
#8496 = ORIENTED_EDGE ( 'NONE', *, *, #5107, .F. ) ;
#8497 = ORIENTED_EDGE ( 'NONE', *, *, #1795, .F. ) ;
#8498 = DIRECTION ( 'NONE',  ( 1.000000000000000000, 0.000000000000000000, 0.000000000000000000 ) ) ;
#8499 = VECTOR ( 'NONE', #50, 1000.000000000000000 ) ;
#8500 = EDGE_LOOP ( 'NONE', ( #8019, #4431, #8155, #4000 ) ) ;
#8501 = DIRECTION ( 'NONE',  ( 0.000000000000000000, -1.000000000000000000, 0.000000000000000000 ) ) ;
#8502 = VERTEX_POINT ( 'NONE', #2450 ) ;
#8503 = CARTESIAN_POINT ( 'NONE',  ( -16.00200000000000244, -3.175000000000000711, -2.226310000000000233 ) ) ;
#8504 = ORIENTED_EDGE ( 'NONE', *, *, #7419, .F. ) ;
#8505 = VECTOR ( 'NONE', #3543, 1000.000000000000000 ) ;
#8506 = COLOUR_RGB ( '',0.7921568627450980005, 0.8196078431372548767, 0.9333333333333333481 ) ;
#8507 = EDGE_CURVE ( 'NONE', #5639, #4274, #4679, .T. ) ;
#8508 = ORIENTED_EDGE ( 'NONE', *, *, #5440, .F. ) ;
#8509 = DIRECTION ( 'NONE',  ( -1.000000000000000000, 0.000000000000000000, 0.000000000000000000 ) ) ;
#8510 = CARTESIAN_POINT ( 'NONE',  ( 12.16024999999999778, 13.53961048947610912, 0.9905999999999665073 ) ) ;
#8511 =( GEOMETRIC_REPRESENTATION_CONTEXT ( 3 ) GLOBAL_UNCERTAINTY_ASSIGNED_CONTEXT ( ( #8204 ) ) GLOBAL_UNIT_ASSIGNED_CONTEXT ( ( #6967, #6918, #382 ) ) REPRESENTATION_CONTEXT ( 'NONE', 'WORKASPACE' ) );
#8512 = ORIENTED_EDGE ( 'NONE', *, *, #3615, .T. ) ;
#8513 = AXIS2_PLACEMENT_3D ( 'NONE', #7857, #1264, #515 ) ;
#8514 = SURFACE_SIDE_STYLE ('',( #8472 ) ) ;
#8515 = ORIENTED_EDGE ( 'NONE', *, *, #2086, .F. ) ;
#8516 = DIRECTION ( 'NONE',  ( -0.2567226118398023837, -0.9664851269265090083, 0.000000000000000000 ) ) ;
#8517 = DIRECTION ( 'NONE',  ( -0.000000000000000000, -0.000000000000000000, 1.000000000000000000 ) ) ;
#8518 = VECTOR ( 'NONE', #1870, 1000.000000000000000 ) ;
#8519 = CARTESIAN_POINT ( 'NONE',  ( -1.979612500000039965, 1.523999999999994026, -2.625089999999998369 ) ) ;
#8520 =( NAMED_UNIT ( * ) SI_UNIT ( $, .STERADIAN. ) SOLID_ANGLE_UNIT ( ) );
#8521 = ORIENTED_EDGE ( 'NONE', *, *, #9074, .F. ) ;
#8522 = VERTEX_POINT ( 'NONE', #3121 ) ;
#8523 = DIRECTION ( 'NONE',  ( 0.000000000000000000, -0.000000000000000000, 1.000000000000000000 ) ) ;
#8524 = VECTOR ( 'NONE', #4261, 1000.000000000000000 ) ;
#8525 = VECTOR ( 'NONE', #2519, 1000.000000000000000 ) ;
#8526 = EDGE_CURVE ( 'NONE', #3258, #431, #3222, .T. ) ;
#8527 = CARTESIAN_POINT ( 'NONE',  ( -9.620250000000003965, 13.53961048947610912, 0.9905999999999665073 ) ) ;
#8528 = CARTESIAN_POINT ( 'NONE',  ( -1.574799999999980438, 6.938893903907228378E-15, 2.226310000000002010 ) ) ;
#8529 = VECTOR ( 'NONE', #7719, 1000.000000000000000 ) ;
#8530 = CARTESIAN_POINT ( 'NONE',  ( 13.84300000000000175, 6.604000000000000092, 3.810000000000000941 ) ) ;
#8531 = DIRECTION ( 'NONE',  ( 1.000000000000000000, -0.000000000000000000, -0.000000000000000000 ) ) ;
#8532 = AXIS2_PLACEMENT_3D ( 'NONE', #1234, #1287, #4178 ) ;
#8533 = LINE ( 'NONE', #407, #1734 ) ;
#8534 = ORIENTED_EDGE ( 'NONE', *, *, #4019, .F. ) ;
#8535 = CARTESIAN_POINT ( 'NONE',  ( -2.000250000000002082, 11.93800000000000061, 2.438400000000000123 ) ) ;
#8536 = CARTESIAN_POINT ( 'NONE',  ( -16.00200000000000244, -3.175000000000000711, -2.226310000000000233 ) ) ;
#8537 = VECTOR ( 'NONE', #7228, 1000.000000000000000 ) ;
#8538 = EDGE_CURVE ( 'NONE', #5041, #1175, #104, .T. ) ;
#8539 = CLOSED_SHELL ( 'NONE', ( #6943, #8098, #322, #4692, #4556, #7637, #9073, #7471 ) ) ;
#8540 = EDGE_CURVE ( 'NONE', #323, #2063, #6734, .T. ) ;
#8541 = DIRECTION ( 'NONE',  ( -0.2567226118398023837, 0.9664851269265090083, 0.000000000000000000 ) ) ;
#8542 = ADVANCED_FACE ( 'NONE', ( #8328 ), #2297, .T. ) ;
#8543 = VERTEX_POINT ( 'NONE', #8180 ) ;
#8544 = ORIENTED_EDGE ( 'NONE', *, *, #6, .F. ) ;
#8545 = DIRECTION ( 'NONE',  ( 1.000000000000000000, -0.000000000000000000, -0.000000000000000000 ) ) ;
#8546 = ORIENTED_EDGE ( 'NONE', *, *, #2663, .T. ) ;
#8547 = EDGE_CURVE ( 'NONE', #7071, #4496, #8347, .T. ) ;
#8548 = ORIENTED_EDGE ( 'NONE', *, *, #3595, .F. ) ;
#8549 = CARTESIAN_POINT ( 'NONE',  ( -8.159750000000000725, 11.93800000000000061, 2.438400000000000123 ) ) ;
#8550 = VERTEX_POINT ( 'NONE', #2500 ) ;
#8551 = VERTEX_POINT ( 'NONE', #1587 ) ;
#8552 = DIRECTION ( 'NONE',  ( -1.000000000000000000, 0.000000000000000000, 0.000000000000000000 ) ) ;
#8553 = CARTESIAN_POINT ( 'NONE',  ( -7.080250000000003041, 13.53961048947610912, -0.9905999999999682837 ) ) ;
#8554 = ORIENTED_EDGE ( 'NONE', *, *, #3757, .F. ) ;
#8555 = DIRECTION ( 'NONE',  ( -0.000000000000000000, -0.000000000000000000, 1.000000000000000000 ) ) ;
#8556 = AXIS2_PLACEMENT_3D ( 'NONE', #2016, #4347, #9337 ) ;
#8557 = VERTEX_POINT ( 'NONE', #8231 ) ;
#8558 = EDGE_CURVE ( 'NONE', #1169, #5627, #1736, .T. ) ;
#8559 = CARTESIAN_POINT ( 'NONE',  ( -4.114800000000001567, -3.175000000000000711, 0.000000000000000000 ) ) ;
#8560 = FACE_OUTER_BOUND ( 'NONE', #3593, .T. ) ;
#8562 =( NAMED_UNIT ( * ) PLANE_ANGLE_UNIT ( ) SI_UNIT ( $, .RADIAN. ) );
#8561 = VECTOR ( 'NONE', #7767, 1000.000000000000000 ) ;
#8563 = FILL_AREA_STYLE_COLOUR ( '', #4058 ) ;
#8564 = PRESENTATION_STYLE_ASSIGNMENT (( #7069 ) ) ;
#8565 = AXIS2_PLACEMENT_3D ( 'NONE', #8535, #6365, #1257 ) ;
#8566 = ORIENTED_EDGE ( 'NONE', *, *, #3532, .T. ) ;
#8567 = CARTESIAN_POINT ( 'NONE',  ( -11.45539999999992808, 1.523999999999999355, 1.935263850402938690 ) ) ;
#8568 = ORIENTED_EDGE ( 'NONE', *, *, #6504, .F. ) ;
#8569 =( LENGTH_UNIT ( ) NAMED_UNIT ( * ) SI_UNIT ( .MILLI., .METRE. ) );
#8570 = CARTESIAN_POINT ( 'NONE',  ( 8.585200000000000387, 1.523999999999999355, 2.226310000000002010 ) ) ;
#8571 = FACE_OUTER_BOUND ( 'NONE', #3176, .T. ) ;
#8572 = LINE ( 'NONE', #5646, #644 ) ;
#8573 = VECTOR ( 'NONE', #3083, 1000.000000000000000 ) ;
#8574 = CARTESIAN_POINT ( 'NONE',  ( -0.5603875000000022588, 1.523999999999999355, -2.625089999999998369 ) ) ;
#8575 = CARTESIAN_POINT ( 'NONE',  ( -11.02360000000000184, 1.523999999999999355, 0.000000000000000000 ) ) ;
#8576 = CIRCLE ( 'NONE', #3660, 2.158999999999999364 ) ;
#8577 = STYLED_ITEM ( 'NONE', ( #2448 ), #7488 ) ;
#8578 = CARTESIAN_POINT ( 'NONE',  ( 14.60500000000000043, 1.523999999999999355, -1.540677576214998235 ) ) ;
#8579 = EDGE_CURVE ( 'NONE', #7005, #945, #4594, .T. ) ;
#8580 = ORIENTED_EDGE ( 'NONE', *, *, #8588, .F. ) ;
#8581 = CARTESIAN_POINT ( 'NONE',  ( 4.540249999999995900, 15.49400000000000155, 0.000000000000000000 ) ) ;
#8582 = CARTESIAN_POINT ( 'NONE',  ( 14.60500000000000043, 0.8890000000000009006, 1.540677576215000011 ) ) ;
#8583 = LINE ( 'NONE', #1981, #8221 ) ;
#8584 = LINE ( 'NONE', #4936, #558 ) ;
#8585 = ORIENTED_EDGE ( 'NONE', *, *, #8831, .F. ) ;
#8586 = LINE ( 'NONE', #3629, #5062 ) ;
#8587 = VERTEX_POINT ( 'NONE', #6687 ) ;
#8588 = EDGE_CURVE ( 'NONE', #6098, #8838, #3027, .T. ) ;
#8589 = DIRECTION ( 'NONE',  ( -0.2567226118398023837, -0.9664851269265090083, 0.000000000000000000 ) ) ;
#8590 = ORIENTED_EDGE ( 'NONE', *, *, #972, .T. ) ;
#8591 = EDGE_CURVE ( 'NONE', #1520, #9192, #853, .T. ) ;
#8592 = ORIENTED_EDGE ( 'NONE', *, *, #8237, .T. ) ;
#8593 = FACE_OUTER_BOUND ( 'NONE', #6428, .T. ) ;
#8594 = ORIENTED_EDGE ( 'NONE', *, *, #25, .F. ) ;
#8595 = ADVANCED_FACE ( 'NONE', ( #6064 ), #2398, .T. ) ;
#8596 = SURFACE_SIDE_STYLE ('',( #4279 ) ) ;
#8597 = ORIENTED_EDGE ( 'NONE', *, *, #1747, .F. ) ;
#8598 = SURFACE_STYLE_FILL_AREA ( #2143 ) ;
#8599 = EDGE_CURVE ( 'NONE', #7158, #7255, #951, .T. ) ;
#8600 = ORIENTED_EDGE ( 'NONE', *, *, #364, .T. ) ;
#8601 = EDGE_CURVE ( 'NONE', #3799, #3610, #510, .T. ) ;
#8602 = DIRECTION ( 'NONE',  ( -1.000000000000000000, 0.000000000000000000, 0.000000000000000000 ) ) ;
#8603 = EDGE_LOOP ( 'NONE', ( #7343, #4979, #6394, #9512 ) ) ;
#8604 = EDGE_LOOP ( 'NONE', ( #1944, #5091, #233, #5111 ) ) ;
#8605 = DIRECTION ( 'NONE',  ( 0.000000000000000000, 1.000000000000000000, 0.000000000000000000 ) ) ;
#8606 = CARTESIAN_POINT ( 'NONE',  ( -1.574800000000001088, 0.000000000000000000, 2.625090000000000146 ) ) ;
#8607 = CARTESIAN_POINT ( 'NONE',  ( -1.574800000000001088, 1.523999999999999355, -2.625089999999998369 ) ) ;
#8608 = LINE ( 'NONE', #9329, #7275 ) ;
#8609 =( LENGTH_UNIT ( ) NAMED_UNIT ( * ) SI_UNIT ( .MILLI., .METRE. ) );
#8610 = VERTEX_POINT ( 'NONE', #1187 ) ;
#8611 = DIRECTION ( 'NONE',  ( 1.000000000000000000, -0.000000000000000000, -0.000000000000000000 ) ) ;
#8612 =( GEOMETRIC_REPRESENTATION_CONTEXT ( 3 ) GLOBAL_UNCERTAINTY_ASSIGNED_CONTEXT ( ( #2131 ) ) GLOBAL_UNIT_ASSIGNED_CONTEXT ( ( #1285, #5718, #5005 ) ) REPRESENTATION_CONTEXT ( 'NONE', 'WORKASPACE' ) );
#8613 = ORIENTED_EDGE ( 'NONE', *, *, #8714, .T. ) ;
#8614 = SURFACE_STYLE_FILL_AREA ( #477 ) ;
#8615 = CARTESIAN_POINT ( 'NONE',  ( -13.84300000000000175, 4.572000000000000064, -3.047999999999996934 ) ) ;
#8616 = DIRECTION ( 'NONE',  ( 1.000000000000000000, 0.000000000000000000, 0.000000000000000000 ) ) ;
#8617 = CARTESIAN_POINT ( 'NONE',  ( -4.519612499999999145, 1.523999999999999355, 2.625090000000000146 ) ) ;
#8618 = PLANE ( 'NONE',  #3617 ) ;
#8619 = CARTESIAN_POINT ( 'NONE',  ( 15.24000000000000021, 6.604000000000000092, 3.810000000000000941 ) ) ;
#8620 = ADVANCED_FACE ( 'NONE', ( #7700 ), #463, .F. ) ;
#8621 = CARTESIAN_POINT ( 'NONE',  ( -11.61626666162000276, 1.397000000000000686, -2.000114891362000602 ) ) ;
#8622 = ORIENTED_EDGE ( 'NONE', *, *, #3126, .F. ) ;
#8623 = DIRECTION ( 'NONE',  ( 0.000000000000000000, -0.000000000000000000, -1.000000000000000000 ) ) ;
#8624 = LINE ( 'NONE', #3475, #8524 ) ;
#8625 = AXIS2_PLACEMENT_3D ( 'NONE', #8898, #244, #2340 ) ;
#8626 = COLOUR_RGB ( '',0.7921568627450980005, 0.8196078431372548767, 0.9333333333333333481 ) ;
#8627 = LINE ( 'NONE', #540, #1916 ) ;
#8628 = CARTESIAN_POINT ( 'NONE',  ( 10.72038749999999752, 1.523999999999999355, 2.625090000000000146 ) ) ;
#8629 = CARTESIAN_POINT ( 'NONE',  ( -0.5397499999999986198, 13.53961048947610912, -0.9905999999999682837 ) ) ;
#8630 = ORIENTED_EDGE ( 'NONE', *, *, #7039, .F. ) ;
#8632 = PLANE ( 'NONE',  #5664 ) ;
#8631 = AXIS2_PLACEMENT_3D ( 'NONE', #4925, #2699, #7178 ) ;
#8633 = ORIENTED_EDGE ( 'NONE', *, *, #782, .T. ) ;
#8634 = FACE_OUTER_BOUND ( 'NONE', #8603, .T. ) ;
#8635 = ORIENTED_EDGE ( 'NONE', *, *, #2944, .F. ) ;
#8636 = VECTOR ( 'NONE', #2532, 1000.000000000000000 ) ;
#8637 = ORIENTED_EDGE ( 'NONE', *, *, #4624, .F. ) ;
#8638 = DIRECTION ( 'NONE',  ( -1.000000000000000000, 0.000000000000000000, 0.000000000000000000 ) ) ;
#8639 = EDGE_LOOP ( 'NONE', ( #5455, #145, #2682, #665 ) ) ;
#8640 = VECTOR ( 'NONE', #4456, 1000.000000000000000 ) ;
#8641 = CARTESIAN_POINT ( 'NONE',  ( -6.654800000000002491, 1.523999999999999355, 2.226310000000002010 ) ) ;
#8642 = EDGE_CURVE ( 'NONE', #2471, #9417, #4823, .T. ) ;
#8643 = VECTOR ( 'NONE', #7890, 1000.000000000000000 ) ;
#8644 = ORIENTED_EDGE ( 'NONE', *, *, #2128, .F. ) ;
#8645 = ADVANCED_FACE ( 'NONE', ( #7831 ), #3446, .F. ) ;
#8646 = ORIENTED_EDGE ( 'NONE', *, *, #478, .F. ) ;
#8647 = AXIS2_PLACEMENT_3D ( 'NONE', #5378, #8298, #1700 ) ;
#8648 = LINE ( 'NONE', #5815, #2194 ) ;
#8649 = ORIENTED_EDGE ( 'NONE', *, *, #4257, .T. ) ;
#8650 = ORIENTED_EDGE ( 'NONE', *, *, #586, .T. ) ;
#8651 = AXIS2_PLACEMENT_3D ( 'NONE', #1574, #7444, #841 ) ;
#8652 = LINE ( 'NONE', #2053, #1772 ) ;
#8653 = EDGE_CURVE ( 'NONE', #5675, #8329, #7059, .T. ) ;
#8654 = EDGE_CURVE ( 'NONE', #6917, #431, #6335, .T. ) ;
#8655 = DIRECTION ( 'NONE',  ( 0.7071067811865475727, -0.7071067811865475727, -0.000000000000000000 ) ) ;
#8656 = DIRECTION ( 'NONE',  ( -0.7437660872564499925, 0.000000000000000000, -0.6684399804374592247 ) ) ;
#8657 = LINE ( 'NONE', #4830, #1438 ) ;
#8658 = FACE_OUTER_BOUND ( 'NONE', #642, .T. ) ;
#8659 =( GEOMETRIC_REPRESENTATION_CONTEXT ( 3 ) GLOBAL_UNCERTAINTY_ASSIGNED_CONTEXT ( ( #1102 ) ) GLOBAL_UNIT_ASSIGNED_CONTEXT ( ( #4390, #1488, #7356 ) ) REPRESENTATION_CONTEXT ( 'NONE', 'WORKASPACE' ) );
#8660 = EDGE_CURVE ( 'NONE', #3979, #5547, #1051, .T. ) ;
#8661 = ORIENTED_EDGE ( 'NONE', *, *, #5100, .T. ) ;
#8662 = DIRECTION ( 'NONE',  ( -1.000000000000000000, -0.000000000000000000, -0.000000000000000000 ) ) ;
#8663 = ORIENTED_EDGE ( 'NONE', *, *, #2542, .T. ) ;
#8664 = PLANE ( 'NONE',  #5423 ) ;
#8665 = EDGE_CURVE ( 'NONE', #7702, #3946, #3315, .T. ) ;
#8666 = DIRECTION ( 'NONE',  ( 1.000000000000000000, -0.000000000000000000, -0.000000000000000000 ) ) ;
#8667 = VECTOR ( 'NONE', #3537, 1000.000000000000000 ) ;
#8668 = LINE ( 'NONE', #2115, #5578 ) ;
#8669 = CARTESIAN_POINT ( 'NONE',  ( 11.73479999999999990, 1.523999999999999355, 2.226310000000002010 ) ) ;
#8670 = LINE ( 'NONE', #8530, #4088 ) ;
#8671 = DIRECTION ( 'NONE',  ( 0.000000000000000000, -0.3420201433256990775, 0.9396926207858974367 ) ) ;
#8672 = FACE_OUTER_BOUND ( 'NONE', #1901, .T. ) ;
#8673 = ORIENTED_EDGE ( 'NONE', *, *, #6545, .F. ) ;
#8674 = AXIS2_PLACEMENT_3D ( 'NONE', #4114, #7044, #449 ) ;
#8675 = PLANE ( 'NONE',  #5206 ) ;
#8676 = CARTESIAN_POINT ( 'NONE',  ( -11.61626666162000276, 1.523999999999999355, -2.000114891362000602 ) ) ;
#8677 = EDGE_CURVE ( 'NONE', #5916, #8109, #1144, .T. ) ;
#8678 = DIRECTION ( 'NONE',  ( 0.000000000000000000, 1.000000000000000000, 0.000000000000000000 ) ) ;
#8679 = VECTOR ( 'NONE', #3046, 1000.000000000000000 ) ;
#8680 = VECTOR ( 'NONE', #2195, 1000.000000000000000 ) ;
#8681 = FACE_OUTER_BOUND ( 'NONE', #7072, .T. ) ;
#8682 = LINE ( 'NONE', #2079, #8867 ) ;
#8683 = UNCERTAINTY_MEASURE_WITH_UNIT (LENGTH_MEASURE( 1.000000000000000082E-05 ), #1639, 'distance_accuracy_value', 'NONE');
#8684 = ORIENTED_EDGE ( 'NONE', *, *, #6189, .T. ) ;
#8685 = CARTESIAN_POINT ( 'NONE',  ( 8.180387499999996592, 1.523999999999999355, 2.226309999999998901 ) ) ;
#8686 = ORIENTED_EDGE ( 'NONE', *, *, #8599, .T. ) ;
#8687 = PLANE ( 'NONE',  #5274 ) ;
#8688 = VERTEX_POINT ( 'NONE', #8470 ) ;
#8689 = AXIS2_PLACEMENT_3D ( 'NONE', #2211, #1596, #4552 ) ;
#8690 = ORIENTED_EDGE ( 'NONE', *, *, #6271, .T. ) ;
#8691 = CARTESIAN_POINT ( 'NONE',  ( -11.15060000000000429, 1.523999999999999355, -1.329987205696001373 ) ) ;
#8692 = VERTEX_POINT ( 'NONE', #9317 ) ;
#8693 = SURFACE_SIDE_STYLE ('',( #1181 ) ) ;
#8694 = EDGE_LOOP ( 'NONE', ( #4872, #4322, #1286, #3585, #245, #8395, #936, #3608, #2894, #1428, #7862, #4277 ) ) ;
#8695 = VERTEX_POINT ( 'NONE', #3358 ) ;
#8696 = LINE ( 'NONE', #4329, #5592 ) ;
#8697 = EDGE_CURVE ( 'NONE', #1820, #3019, #51, .T. ) ;
#8698 = ORIENTED_EDGE ( 'NONE', *, *, #4827, .F. ) ;
#8699 = FACE_OUTER_BOUND ( 'NONE', #7340, .T. ) ;
#8700 = ORIENTED_EDGE ( 'NONE', *, *, #7365, .F. ) ;
#8701 = PLANE ( 'NONE',  #1149 ) ;
#8702 = CARTESIAN_POINT ( 'NONE',  ( -16.00200000000000244, 1.523999999999999355, 2.625090000000000146 ) ) ;
#8703 =( NAMED_UNIT ( * ) SI_UNIT ( $, .STERADIAN. ) SOLID_ANGLE_UNIT ( ) );
#8704 = AXIS2_PLACEMENT_3D ( 'NONE', #2088, #7247, #7294 ) ;
#8705 = CYLINDRICAL_SURFACE ( 'NONE', #4663, 2.158999999999999364 ) ;
#8706 = CARTESIAN_POINT ( 'NONE',  ( -11.61626666162000276, 1.523999999999999355, -1.265136149596999715 ) ) ;
#8707 = VERTEX_POINT ( 'NONE', #8553 ) ;
#8708 = LINE ( 'NONE', #2780, #6807 ) ;
#8709 = VECTOR ( 'NONE', #5642, 1000.000000000000000 ) ;
#8710 = EDGE_CURVE ( 'NONE', #1788, #9104, #6210, .T. ) ;
#8711 = VERTEX_POINT ( 'NONE', #3999 ) ;
#8712 = CARTESIAN_POINT ( 'NONE',  ( -13.97000000000000242, 13.97000000000000064, 0.9906000000000012573 ) ) ;
#8713 = DIRECTION ( 'NONE',  ( -1.000000000000000000, 0.000000000000000000, 0.000000000000000000 ) ) ;
#8714 = EDGE_CURVE ( 'NONE', #7490, #7403, #6925, .T. ) ;
#8715 = VECTOR ( 'NONE', #5795, 1000.000000000000000 ) ;
#8716 = DIRECTION ( 'NONE',  ( 0.000000000000000000, 0.000000000000000000, -1.000000000000000000 ) ) ;
#8717 = LINE ( 'NONE', #6448, #5444 ) ;
#8718 = DIRECTION ( 'NONE',  ( 0.000000000000000000, 1.000000000000000000, 0.000000000000000000 ) ) ;
#8719 = DIRECTION ( 'NONE',  ( 1.000000000000000000, 0.000000000000000000, 0.000000000000000000 ) ) ;
#8720 = LINE ( 'NONE', #1209, #7539 ) ;
#8721 = EDGE_LOOP ( 'NONE', ( #8139, #2926, #7652, #7792 ) ) ;
#8722 = EDGE_CURVE ( 'NONE', #7734, #4124, #342, .T. ) ;
#8723 = PLANE ( 'NONE',  #3035 ) ;
#8724 = CARTESIAN_POINT ( 'NONE',  ( 1.979612499999998443, 1.523999999999999355, -2.625089999999998369 ) ) ;
#8725 = AXIS2_PLACEMENT_3D ( 'NONE', #7183, #2074, #3568 ) ;
#8726 = DIRECTION ( 'NONE',  ( -1.000000000000000000, 0.000000000000000000, 0.000000000000000000 ) ) ;
#8727 = LINE ( 'NONE', #5133, #2713 ) ;
#8728 = VERTEX_POINT ( 'NONE', #6296 ) ;
#8729 = DIRECTION ( 'NONE',  ( 0.000000000000000000, -1.000000000000000000, 0.000000000000000000 ) ) ;
#8730 = ORIENTED_EDGE ( 'NONE', *, *, #5147, .F. ) ;
#8731 = FACE_OUTER_BOUND ( 'NONE', #226, .T. ) ;
#8732 =( BOUNDED_CURVE ( )  B_SPLINE_CURVE ( 3, ( #2946, #919, #3868, #8871 ),
 .UNSPECIFIED., .F., .F. ) 
 B_SPLINE_CURVE_WITH_KNOTS ( ( 4, 4 ),
 ( 3.141592653589793116, 4.712388980384689674 ),
 .UNSPECIFIED. ) 
 CURVE ( )  GEOMETRIC_REPRESENTATION_ITEM ( )  RATIONAL_B_SPLINE_CURVE ( ( 1.000000000000000000, 0.8047378541243649375, 0.8047378541243649375, 1.000000000000000000 ) ) 
 REPRESENTATION_ITEM ( '' )  );
#8733 = EDGE_CURVE ( 'NONE', #8166, #8950, #1835, .T. ) ;
#8734 = ORIENTED_EDGE ( 'NONE', *, *, #3646, .F. ) ;
#8735 = VECTOR ( 'NONE', #1535, 1000.000000000000000 ) ;
#8736 = ORIENTED_EDGE ( 'NONE', *, *, #6599, .T. ) ;
#8737 = CARTESIAN_POINT ( 'NONE',  ( -0.9651999999999993918, 1.523999999999999355, 2.625090000000000146 ) ) ;
#8738 = STYLED_ITEM ( 'NONE', ( #5469 ), #1087 ) ;
#8739 = LINE ( 'NONE', #8018, #7295 ) ;
#8740 = EDGE_LOOP ( 'NONE', ( #1382, #8122, #5088, #7813 ) ) ;
#8741 = FILL_AREA_STYLE ('',( #1997 ) ) ;
#8742 = ADVANCED_FACE ( 'NONE', ( #2632 ), #6975, .F. ) ;
#8743 = ORIENTED_EDGE ( 'NONE', *, *, #6664, .T. ) ;
#8744 = CARTESIAN_POINT ( 'NONE',  ( -7.059612500000075563, 1.523999999999980259, -2.625089999999998369 ) ) ;
#8745 = ORIENTED_EDGE ( 'NONE', *, *, #4147, .T. ) ;
#8746 = DIRECTION ( 'NONE',  ( 0.000000000000000000, -1.000000000000000000, 0.000000000000000000 ) ) ;
#8747 = EDGE_LOOP ( 'NONE', ( #6725, #4163, #6245, #301, #5929, #248 ) ) ;
#8748 = DIRECTION ( 'NONE',  ( 0.000000000000000000, -1.000000000000000000, 0.000000000000000000 ) ) ;
#8749 = CARTESIAN_POINT ( 'NONE',  ( 12.69999999999999929, 1.523999999999999355, 1.540677576215000011 ) ) ;
#8750 = DIRECTION ( 'NONE',  ( -0.000000000000000000, -0.000000000000000000, 1.000000000000000000 ) ) ;
#8751 = DIRECTION ( 'NONE',  ( 0.000000000000000000, 1.000000000000000000, 0.000000000000000000 ) ) ;
#8752 = VERTEX_POINT ( 'NONE', #5584 ) ;
#8753 = CYLINDRICAL_SURFACE ( 'NONE', #3894, 2.158999999999999364 ) ;
#8754 = VERTEX_POINT ( 'NONE', #8510 ) ;
#8755 = PRESENTATION_STYLE_ASSIGNMENT (( #9523 ) ) ;
#8756 = DIRECTION ( 'NONE',  ( 0.000000000000000000, 0.000000000000000000, -1.000000000000000000 ) ) ;
#8757 = FACE_OUTER_BOUND ( 'NONE', #4853, .T. ) ;
#8758 = EDGE_CURVE ( 'NONE', #8502, #4597, #4869, .T. ) ;
#8759 = VECTOR ( 'NONE', #7328, 1000.000000000000000 ) ;
#8760 = PLANE ( 'NONE',  #2792 ) ;
#8761 = PLANE ( 'NONE',  #7744 ) ;
#8762 = CARTESIAN_POINT ( 'NONE',  ( -11.73480000000000345, -3.175000000000000711, 2.625090000000000146 ) ) ;
#8763 = MECHANICAL_DESIGN_GEOMETRIC_PRESENTATION_REPRESENTATION (  '', ( #6787 ), #3096 ) ;
#8764 = DIRECTION ( 'NONE',  ( 1.000000000000000000, 0.000000000000000000, 0.000000000000000000 ) ) ;
#8765 = EDGE_CURVE ( 'NONE', #2282, #9368, #3641, .T. ) ;
#8766 = ORIENTED_EDGE ( 'NONE', *, *, #5338, .T. ) ;
#8767 = DIRECTION ( 'NONE',  ( -0.7437660872565962089, 0.000000000000000000, -0.6684399804372965770 ) ) ;
#8768 = FACE_BOUND ( 'NONE', #4076, .T. ) ;
#8769 = STYLED_ITEM ( 'NONE', ( #2002 ), #1345 ) ;
#8770 = CARTESIAN_POINT ( 'NONE',  ( -13.97000000000000242, 13.97000000000000064, 0.9906000000000012573 ) ) ;
#8771 = ADVANCED_FACE ( 'NONE', ( #652 ), #3594, .T. ) ;
#8772 = EDGE_CURVE ( 'NONE', #8610, #8692, #1482, .T. ) ;
#8773 = LINE ( 'NONE', #6900, #4239 ) ;
#8774 = DIRECTION ( 'NONE',  ( -1.000000000000000000, 0.000000000000000000, 0.000000000000000000 ) ) ;
#8775 = ORIENTED_EDGE ( 'NONE', *, *, #1853, .F. ) ;
#8776 = DIRECTION ( 'NONE',  ( -0.2567226118398510670, -0.9664851269264960187, 0.000000000000000000 ) ) ;
#8777 = ORIENTED_EDGE ( 'NONE', *, *, #9082, .F. ) ;
#8778 = DIRECTION ( 'NONE',  ( 0.000000000000000000, 0.000000000000000000, -1.000000000000000000 ) ) ;
#8779 = EDGE_LOOP ( 'NONE', ( #910, #1499, #8841, #5651 ) ) ;
#8780 = EDGE_LOOP ( 'NONE', ( #8468, #3583, #6061, #5290 ) ) ;
#8781 = LINE ( 'NONE', #7386, #8245 ) ;
#8782 = EDGE_CURVE ( 'NONE', #3269, #4877, #9464, .T. ) ;
#8783 = DIRECTION ( 'NONE',  ( -0.2567226118398510670, -0.9664851269264960187, 0.000000000000000000 ) ) ;
#8784 = MECHANICAL_DESIGN_GEOMETRIC_PRESENTATION_REPRESENTATION (  '', ( #3397 ), #6472 ) ;
#8785 = ORIENTED_EDGE ( 'NONE', *, *, #8376, .T. ) ;
#8786 =( LENGTH_UNIT ( ) NAMED_UNIT ( * ) SI_UNIT ( .MILLI., .METRE. ) );
#8787 = ORIENTED_EDGE ( 'NONE', *, *, #8677, .F. ) ;
#8788 = DIRECTION ( 'NONE',  ( -0.2567226118398505119, 0.9664851269264961298, 0.000000000000000000 ) ) ;
#8789 = EDGE_CURVE ( 'NONE', #8126, #614, #6478, .T. ) ;
#8790 = VECTOR ( 'NONE', #9451, 1000.000000000000000 ) ;
#8791 = AXIS2_PLACEMENT_3D ( 'NONE', #3808, #3078, #6020 ) ;
#8792 = ORIENTED_EDGE ( 'NONE', *, *, #4799, .T. ) ;
#8793 = CARTESIAN_POINT ( 'NONE',  ( -6.654800000000002491, 1.523999999999999355, 2.625090000000000146 ) ) ;
#8794 = ORIENTED_EDGE ( 'NONE', *, *, #2655, .T. ) ;
#8795 = LINE ( 'NONE', #3020, #834 ) ;
#8796 = DIRECTION ( 'NONE',  ( 1.000000000000000000, -0.000000000000000000, -0.000000000000000000 ) ) ;
#8797 = FILL_AREA_STYLE_COLOUR ( '', #2355 ) ;
#8798 = VECTOR ( 'NONE', #4119, 1000.000000000000000 ) ;
#8799 = EDGE_CURVE ( 'NONE', #1832, #9210, #9413, .T. ) ;
#8800 = CARTESIAN_POINT ( 'NONE',  ( -3.505199999999999871, 1.523999999999999355, -2.226310000000000233 ) ) ;
#8801 = CARTESIAN_POINT ( 'NONE',  ( 4.114800000000001567, 0.000000000000000000, -2.625089999999998369 ) ) ;
#8802 = EDGE_LOOP ( 'NONE', ( #6443, #2804 ) ) ;
#8803 = DIRECTION ( 'NONE',  ( 0.000000000000000000, 0.000000000000000000, -1.000000000000000000 ) ) ;
#8804 = VECTOR ( 'NONE', #6013, 1000.000000000000114 ) ;
#8805 = ORIENTED_EDGE ( 'NONE', *, *, #3713, .F. ) ;
#8806 = SURFACE_STYLE_FILL_AREA ( #2886 ) ;
#8807 = EDGE_LOOP ( 'NONE', ( #1952, #7569 ) ) ;
#8808 = CARTESIAN_POINT ( 'NONE',  ( -15.23999999999999666, 6.604000000000000092, -4.673600000000001309 ) ) ;
#8809 = PLANE ( 'NONE',  #3722 ) ;
#8810 = VECTOR ( 'NONE', #4780, 1000.000000000000000 ) ;
#8811 = FACE_OUTER_BOUND ( 'NONE', #831, .T. ) ;
#8812 =( GEOMETRIC_REPRESENTATION_CONTEXT ( 3 ) GLOBAL_UNCERTAINTY_ASSIGNED_CONTEXT ( ( #7912 ) ) GLOBAL_UNIT_ASSIGNED_CONTEXT ( ( #4006, #9198, #6124 ) ) REPRESENTATION_CONTEXT ( 'NONE', 'WORKASPACE' ) );
#8813 = PRESENTATION_LAYER_ASSIGNMENT (  '', '', ( #4696 ) ) ;
#8814 = DIRECTION ( 'NONE',  ( 0.000000000000000000, -1.000000000000000000, 0.000000000000000000 ) ) ;
#8815 = DIRECTION ( 'NONE',  ( -1.000000000000000000, 0.000000000000000000, 0.000000000000000000 ) ) ;
#8816 = DIRECTION ( 'NONE',  ( 0.000000000000000000, 1.000000000000000000, 0.000000000000000000 ) ) ;
#8817 = FILL_AREA_STYLE ('',( #7374 ) ) ;
#8818 = EDGE_CURVE ( 'NONE', #793, #1990, #7928, .T. ) ;
#8819 = VECTOR ( 'NONE', #895, 1000.000000000000000 ) ;
#8820 = CARTESIAN_POINT ( 'NONE',  ( 0.5603875000000022588, 1.523999999999999355, 2.625090000000000146 ) ) ;
#8821 = COLOUR_RGB ( '',0.7921568627450980005, 0.8196078431372548767, 0.9333333333333333481 ) ;
#8822 = CARTESIAN_POINT ( 'NONE',  ( -10.69975000000000165, 15.49400000000000155, 0.000000000000000000 ) ) ;
#8823 = DIRECTION ( 'NONE',  ( 0.9664851269264842504, -0.2567226118398958090, -0.000000000000000000 ) ) ;
#8824 = LINE ( 'NONE', #3775, #422 ) ;
#8825 = VERTEX_POINT ( 'NONE', #6576 ) ;
#8826 = CARTESIAN_POINT ( 'NONE',  ( 15.24000000000000021, 15.49400000000000155, -3.911600000000003075 ) ) ;
#8827 = AXIS2_PLACEMENT_3D ( 'NONE', #9180, #8322, #3216 ) ;
#8828 = EDGE_LOOP ( 'NONE', ( #3396, #6114, #7209, #4136 ) ) ;
#8829 = LINE ( 'NONE', #964, #3567 ) ;
#8830 = ORIENTED_EDGE ( 'NONE', *, *, #5945, .T. ) ;
#8831 = EDGE_CURVE ( 'NONE', #6879, #5255, #9511, .T. ) ;
#8832 = EDGE_CURVE ( 'NONE', #1046, #7255, #8696, .T. ) ;
#8833 = ORIENTED_EDGE ( 'NONE', *, *, #757, .F. ) ;
#8834 = DIRECTION ( 'NONE',  ( -1.000000000000000000, 0.000000000000000000, 0.000000000000000000 ) ) ;
#8835 = VECTOR ( 'NONE', #4466, 1000.000000000000000 ) ;
#8836 = EDGE_CURVE ( 'NONE', #1992, #1416, #5764, .T. ) ;
#8837 = VERTEX_POINT ( 'NONE', #5858 ) ;
#8838 = VERTEX_POINT ( 'NONE', #5055 ) ;
#8839 = AXIS2_PLACEMENT_3D ( 'NONE', #8349, #6226, #8406 ) ;
#8840 = SURFACE_STYLE_FILL_AREA ( #4627 ) ;
#8841 = ORIENTED_EDGE ( 'NONE', *, *, #5906, .T. ) ;
#8842 = VECTOR ( 'NONE', #7836, 1000.000000000000000 ) ;
#8843 = DIRECTION ( 'NONE',  ( -0.2567226118398023837, 0.9664851269265090083, 0.000000000000000000 ) ) ;
#8844 = ORIENTED_EDGE ( 'NONE', *, *, #8310, .F. ) ;
#8845 = DIRECTION ( 'NONE',  ( 1.000000000000000000, -0.000000000000000000, -0.000000000000000000 ) ) ;
#8846 = ORIENTED_EDGE ( 'NONE', *, *, #8435, .T. ) ;
#8847 = FACE_OUTER_BOUND ( 'NONE', #8604, .T. ) ;
#8848 = CARTESIAN_POINT ( 'NONE',  ( -5.619749999999999801, 15.49400000000000155, 0.000000000000000000 ) ) ;
#8849 = VECTOR ( 'NONE', #3291, 1000.000000000000000 ) ;
#8850 = ADVANCED_FACE ( 'NONE', ( #2769 ), #4433, .T. ) ;
#8851 = CARTESIAN_POINT ( 'NONE',  ( 6.045200000000000351, 1.523999999999999355, 2.625090000000000146 ) ) ;
#8852 = CARTESIAN_POINT ( 'NONE',  ( -10.72038750000000462, 1.523999999999999355, -2.226310000000000233 ) ) ;
#8853 = ORIENTED_EDGE ( 'NONE', *, *, #4904, .T. ) ;
#8854 = DIRECTION ( 'NONE',  ( 0.000000000000000000, 1.000000000000000000, 0.000000000000000000 ) ) ;
#8855 = EDGE_CURVE ( 'NONE', #2725, #8465, #7160, .T. ) ;
#8856 = ORIENTED_EDGE ( 'NONE', *, *, #2278, .T. ) ;
#8857 =( NAMED_UNIT ( * ) PLANE_ANGLE_UNIT ( ) SI_UNIT ( $, .RADIAN. ) );
#8858 = VERTEX_POINT ( 'NONE', #2966 ) ;
#8859 = LINE ( 'NONE', #5221, #6690 ) ;
#8860 = CARTESIAN_POINT ( 'NONE',  ( -11.42576667676000568, 1.523999999999999355, -1.092199999999999838 ) ) ;
#8861 = CARTESIAN_POINT ( 'NONE',  ( -12.16025000000000489, 13.53961048947607893, 0.9905999999999317573 ) ) ;
#8862 = AXIS2_PLACEMENT_3D ( 'NONE', #4222, #550, #3349 ) ;
#8863 = PLANE ( 'NONE',  #8689 ) ;
#8864 = DIRECTION ( 'NONE',  ( 0.000000000000000000, -0.000000000000000000, -1.000000000000000000 ) ) ;
#8865 = CARTESIAN_POINT ( 'NONE',  ( -12.70000000000000284, 1.523999999999999355, 0.000000000000000000 ) ) ;
#8866 = CARTESIAN_POINT ( 'NONE',  ( 4.519612499999922761, 1.524000000000020227, 2.625090000000000146 ) ) ;
#8867 = VECTOR ( 'NONE', #9498, 1000.000000000000000 ) ;
#8868 = DIRECTION ( 'NONE',  ( 0.9664851269265090083, -0.2567226118398023837, -0.000000000000000000 ) ) ;
#8869 = LINE ( 'NONE', #729, #3927 ) ;
#8870 = ADVANCED_FACE ( 'NONE', ( #2238 ), #2190, .T. ) ;
#8871 = CARTESIAN_POINT ( 'NONE',  ( -13.97000000000000242, 13.97000000000000064, -0.9906000000000029226 ) ) ;
#8872 = CARTESIAN_POINT ( 'NONE',  ( -16.00200000000000244, -3.175000000000000711, 0.000000000000000000 ) ) ;
#8873 = UNCERTAINTY_MEASURE_WITH_UNIT (LENGTH_MEASURE( 1.000000000000000082E-05 ), #4607, 'distance_accuracy_value', 'NONE');
#8874 = COLOUR_RGB ( '',0.7921568627450980005, 0.8196078431372548767, 0.9333333333333333481 ) ;
#8875 = LINE ( 'NONE', #876, #632 ) ;
#8876 = VERTEX_POINT ( 'NONE', #2145 ) ;
#8877 = VECTOR ( 'NONE', #5609, 1000.000000000000000 ) ;
#8878 = ORIENTED_EDGE ( 'NONE', *, *, #5641, .T. ) ;
#8879 = ORIENTED_EDGE ( 'NONE', *, *, #2430, .F. ) ;
#8880 = PLANE ( 'NONE',  #5341 ) ;
#8881 = PRESENTATION_LAYER_ASSIGNMENT (  '', '', ( #6276 ) ) ;
#8882 = DIRECTION ( 'NONE',  ( -0.000000000000000000, -1.000000000000000000, -0.000000000000000000 ) ) ;
#8883 = EDGE_CURVE ( 'NONE', #431, #7784, #8648, .T. ) ;
#8884 = VERTEX_POINT ( 'NONE', #4230 ) ;
#8885 = EDGE_CURVE ( 'NONE', #1788, #8936, #557, .T. ) ;
#8886 = EDGE_LOOP ( 'NONE', ( #3459, #8366, #4495, #7198 ) ) ;
#8887 = VECTOR ( 'NONE', #1833, 1000.000000000000000 ) ;
#8888 = MECHANICAL_DESIGN_GEOMETRIC_PRESENTATION_REPRESENTATION (  '', ( #9343 ), #3105 ) ;
#8889 = ORIENTED_EDGE ( 'NONE', *, *, #8275, .T. ) ;
#8890 = LINE ( 'NONE', #6671, #8042 ) ;
#8891 = EDGE_CURVE ( 'NONE', #5195, #9220, #5099, .T. ) ;
#8892 = VERTEX_POINT ( 'NONE', #1432 ) ;
#8893 = DIRECTION ( 'NONE',  ( -1.000000000000000000, 0.000000000000000000, 0.000000000000000000 ) ) ;
#8894 = ORIENTED_EDGE ( 'NONE', *, *, #7478, .F. ) ;
#8895 = CARTESIAN_POINT ( 'NONE',  ( -12.70000000000000284, 1.523999999999999355, 0.000000000000000000 ) ) ;
#8896 = DIRECTION ( 'NONE',  ( -1.000000000000000000, 0.000000000000000000, 0.000000000000000000 ) ) ;
#8897 = CARTESIAN_POINT ( 'NONE',  ( 10.72038749999999752, 1.523999999999999355, 2.625090000000000146 ) ) ;
#8898 = CARTESIAN_POINT ( 'NONE',  ( -16.00200000000000244, -3.175000000000000711, 0.000000000000000000 ) ) ;
#8899 = EDGE_CURVE ( 'NONE', #7062, #3873, #4384, .T. ) ;
#8900 = ADVANCED_FACE ( 'NONE', ( #989 ), #7545, .F. ) ;
#8901 = CARTESIAN_POINT ( 'NONE',  ( -9.599612499999929938, 1.524000000000020227, -2.625089999999998369 ) ) ;
#8902 = DIRECTION ( 'NONE',  ( -1.000000000000000000, 0.000000000000000000, -0.000000000000000000 ) ) ;
#8903 = VERTEX_POINT ( 'NONE', #6002 ) ;
#8904 = DIRECTION ( 'NONE',  ( -1.000000000000000000, -0.000000000000000000, -0.000000000000000000 ) ) ;
#8905 = ORIENTED_EDGE ( 'NONE', *, *, #4149, .T. ) ;
#8906 = CARTESIAN_POINT ( 'NONE',  ( -11.45540000000000447, 1.397000000000000686, 1.935263850402997532 ) ) ;
#8907 = EDGE_LOOP ( 'NONE', ( #34, #8546, #4078, #6397 ) ) ;
#8908 = CARTESIAN_POINT ( 'NONE',  ( 13.97000000000000242, 13.96999999999999886, -0.9905999999999994809 ) ) ;
#8909 = CARTESIAN_POINT ( 'NONE',  ( -5.640387500000003662, 1.523999999999999355, -2.625089999999998369 ) ) ;
#8910 = FACE_OUTER_BOUND ( 'NONE', #3886, .T. ) ;
#8911 = DIRECTION ( 'NONE',  ( -0.000000000000000000, -0.000000000000000000, 1.000000000000000000 ) ) ;
#8912 = PLANE ( 'NONE',  #8268 ) ;
#8913 = CARTESIAN_POINT ( 'NONE',  ( -11.74326666540952147, 1.523999999999999355, -1.243519130898972369 ) ) ;
#8914 = EDGE_CURVE ( 'NONE', #4124, #2317, #932, .T. ) ;
#8915 = DIRECTION ( 'NONE',  ( -1.000000000000000000, 0.000000000000000000, 0.000000000000000000 ) ) ;
#8916 = PLANE ( 'NONE',  #4357 ) ;
#8917 = CARTESIAN_POINT ( 'NONE',  ( -11.57393333838005489, 1.523999999999999355, -1.113817018699637007 ) ) ;
#8918 = EDGE_CURVE ( 'NONE', #2725, #805, #8123, .T. ) ;
#8919 = FILL_AREA_STYLE_COLOUR ( '', #1126 ) ;
#8920 = FACE_OUTER_BOUND ( 'NONE', #1857, .T. ) ;
#8921 = DIRECTION ( 'NONE',  ( -0.2567226118398023837, 0.9664851269265090083, 0.000000000000000000 ) ) ;
#8922 = DIRECTION ( 'NONE',  ( 0.000000000000000000, 1.000000000000000000, 0.000000000000000000 ) ) ;
#8923 = ORIENTED_EDGE ( 'NONE', *, *, #5150, .F. ) ;
#8924 = ORIENTED_EDGE ( 'NONE', *, *, #2673, .T. ) ;
#8925 = ORIENTED_EDGE ( 'NONE', *, *, #7167, .F. ) ;
#8926 = PLANE ( 'NONE',  #2863 ) ;
#8927 = ADVANCED_FACE ( 'NONE', ( #5343 ), #4481, .T. ) ;
#8928 =( LENGTH_UNIT ( ) NAMED_UNIT ( * ) SI_UNIT ( .MILLI., .METRE. ) );
#8929 = ORIENTED_EDGE ( 'NONE', *, *, #6008, .T. ) ;
#8930 = ORIENTED_EDGE ( 'NONE', *, *, #4792, .F. ) ;
#8931 = FACE_OUTER_BOUND ( 'NONE', #5911, .T. ) ;
#8932 = ORIENTED_EDGE ( 'NONE', *, *, #1110, .T. ) ;
#8933 = DIRECTION ( 'NONE',  ( -0.000000000000000000, -0.9396926207856765023, 0.3420201433263056479 ) ) ;
#8934 = ORIENTED_EDGE ( 'NONE', *, *, #8487, .T. ) ;
#8935 = CARTESIAN_POINT ( 'NONE',  ( 1.574800000000001088, 0.000000000000000000, -2.625089999999998369 ) ) ;
#8936 = VERTEX_POINT ( 'NONE', #3159 ) ;
#8937 = ADVANCED_FACE ( 'NONE', ( #2331 ), #6150, .T. ) ;
#8938 = DIRECTION ( 'NONE',  ( -0.2567226118398023837, 0.9664851269265090083, 0.000000000000000000 ) ) ;
#8939 = LINE ( 'NONE', #3164, #58 ) ;
#8940 = VECTOR ( 'NONE', #8392, 1000.000000000000000 ) ;
#8941 = FACE_OUTER_BOUND ( 'NONE', #4735, .T. ) ;
#8942 = DIRECTION ( 'NONE',  ( 0.000000000000000000, -1.000000000000000000, 0.000000000000000000 ) ) ;
#8943 = CARTESIAN_POINT ( 'NONE',  ( -13.97000000000000242, 13.97000000000000064, 0.9906000000000012573 ) ) ;
#8944 = ORIENTED_EDGE ( 'NONE', *, *, #140, .F. ) ;
#8945 = VECTOR ( 'NONE', #2370, 1000.000000000000000 ) ;
#8946 = AXIS2_PLACEMENT_3D ( 'NONE', #7616, #7563, #6838 ) ;
#8947 = CARTESIAN_POINT ( 'NONE',  ( -14.60500000000000043, 0.8890000000000009006, 1.540677576215000011 ) ) ;
#8948 = VERTEX_POINT ( 'NONE', #1718 ) ;
#8949 = LINE ( 'NONE', #1590, #9226 ) ;
#8950 = VERTEX_POINT ( 'NONE', #3107 ) ;
#8951 = VECTOR ( 'NONE', #4009, 1000.000000000000000 ) ;
#8952 = EDGE_CURVE ( 'NONE', #9216, #6674, #8314, .T. ) ;
#8953 = DIRECTION ( 'NONE',  ( 1.000000000000000000, 0.000000000000000000, 0.000000000000000000 ) ) ;
#8954 = EDGE_CURVE ( 'NONE', #6325, #1132, #5200, .T. ) ;
#8955 = VECTOR ( 'NONE', #4703, 1000.000000000000000 ) ;
#8956 = LINE ( 'NONE', #306, #7411 ) ;
#8957 = EDGE_CURVE ( 'NONE', #5675, #614, #8890, .T. ) ;
#8958 = CARTESIAN_POINT ( 'NONE',  ( -16.00200000000000244, 15.49400000000000155, 0.9906000000000012573 ) ) ;
#8959 = CARTESIAN_POINT ( 'NONE',  ( -0.9651999999999993918, 1.523999999999999355, -2.226310000000000233 ) ) ;
#8960 = CARTESIAN_POINT ( 'NONE',  ( -11.65860000000000518, 1.397000000000000686, -1.157051056099001496 ) ) ;
#8961 = VECTOR ( 'NONE', #4101, 1000.000000000000000 ) ;
#8962 = CYLINDRICAL_SURFACE ( 'NONE', #8486, 2.158999999999999364 ) ;
#8963 = ADVANCED_FACE ( 'NONE', ( #5294 ), #889, .F. ) ;
#8964 = CARTESIAN_POINT ( 'NONE',  ( -11.78560000000009822, 1.397000000000000686, -2.000114891361899794 ) ) ;
#8965 = CARTESIAN_POINT ( 'NONE',  ( 6.045200000000000351, 1.523999999999999355, 2.226310000000002010 ) ) ;
#8966 = AXIS2_PLACEMENT_3D ( 'NONE', #3887, #3836, #182 ) ;
#8967 = DIRECTION ( 'NONE',  ( -0.000000000000000000, -1.000000000000000000, -0.000000000000000000 ) ) ;
#8968 = PRESENTATION_LAYER_ASSIGNMENT (  '', '', ( #3584 ) ) ;
#8969 = CARTESIAN_POINT ( 'NONE',  ( -0.9651999999999993918, -3.175000000000000711, 2.625090000000000146 ) ) ;
#8970 = DIRECTION ( 'NONE',  ( 0.000000000000000000, 0.000000000000000000, 1.000000000000000000 ) ) ;
#8971 = CARTESIAN_POINT ( 'NONE',  ( 12.69999999999999929, 1.523999999999999355, 0.000000000000000000 ) ) ;
#8972 = PLANE ( 'NONE',  #4268 ) ;
#8973 = CARTESIAN_POINT ( 'NONE',  ( 4.114800000000001567, -3.175000000000000711, 2.226310000000002010 ) ) ;
#8974 = ORIENTED_EDGE ( 'NONE', *, *, #5141, .T. ) ;
#8975 = EDGE_LOOP ( 'NONE', ( #7316, #6869, #6931, #8311 ) ) ;
#8976 = VECTOR ( 'NONE', #9160, 1000.000000000000000 ) ;
#8977 = EDGE_CURVE ( 'NONE', #7522, #238, #1270, .T. ) ;
#8978 = DIRECTION ( 'NONE',  ( 0.000000000000000000, 1.000000000000000000, 0.000000000000000000 ) ) ;
#8979 = CARTESIAN_POINT ( 'NONE',  ( 9.599612500000070270, 1.523999999999980259, 2.625090000000000146 ) ) ;
#8980 = PLANE ( 'NONE',  #2058 ) ;
#8981 =( GEOMETRIC_REPRESENTATION_CONTEXT ( 3 ) GLOBAL_UNCERTAINTY_ASSIGNED_CONTEXT ( ( #7238 ) ) GLOBAL_UNIT_ASSIGNED_CONTEXT ( ( #6470, #2676, #2723 ) ) REPRESENTATION_CONTEXT ( 'NONE', 'WORKASPACE' ) );
#8982 = EDGE_LOOP ( 'NONE', ( #2718, #1240 ) ) ;
#8983 = VERTEX_POINT ( 'NONE', #4581 ) ;
#8984 = PLANE ( 'NONE',  #6034 ) ;
#8985 = ORIENTED_EDGE ( 'NONE', *, *, #6889, .F. ) ;
#8986 = DIRECTION ( 'NONE',  ( 0.000000000000000000, 0.000000000000000000, -1.000000000000000000 ) ) ;
#8987 = ORIENTED_EDGE ( 'NONE', *, *, #271, .T. ) ;
#8988 = VECTOR ( 'NONE', #5379, 1000.000000000000000 ) ;
#8989 = CARTESIAN_POINT ( 'NONE',  ( 3.505199999999999871, 1.523999999999999355, 2.625090000000000146 ) ) ;
#8990 = ORIENTED_EDGE ( 'NONE', *, *, #3016, .F. ) ;
#8991 = DIRECTION ( 'NONE',  ( -0.000000000000000000, -0.000000000000000000, 1.000000000000000000 ) ) ;
#8992 = LINE ( 'NONE', #5348, #2353 ) ;
#8993 = PLANE ( 'NONE',  #8052 ) ;
#8994 = AXIS2_PLACEMENT_3D ( 'NONE', #2421, #1854, #4755 ) ;
#8995 = CARTESIAN_POINT ( 'NONE',  ( -11.04476664647999939, 1.523999999999999355, -1.243519130898000924 ) ) ;
#8996 = AXIS2_PLACEMENT_3D ( 'NONE', #5323, #8297, #4559 ) ;
#8997 = ORIENTED_EDGE ( 'NONE', *, *, #2566, .F. ) ;
#8998 = LINE ( 'NONE', #4592, #137 ) ;
#8999 = EDGE_CURVE ( 'NONE', #572, #3873, #9081, .T. ) ;
#9000 = ORIENTED_EDGE ( 'NONE', *, *, #8599, .F. ) ;
#9001 = CARTESIAN_POINT ( 'NONE',  ( -5.619749999999999801, 15.49400000000000155, -0.9905999999999994809 ) ) ;
#9002 = VERTEX_POINT ( 'NONE', #7494 ) ;
#9003 = VECTOR ( 'NONE', #8911, 1000.000000000000000 ) ;
#9004 = VERTEX_POINT ( 'NONE', #4673 ) ;
#9005 = CLOSED_SHELL ( 'NONE', ( #1134, #9379, #3591, #6122 ) ) ;
#9006 = CARTESIAN_POINT ( 'NONE',  ( 9.620249999999996859, 13.53961048947610912, -0.9905999999999682837 ) ) ;
#9007 = PLANE ( 'NONE',  #3267 ) ;
#9008 = SURFACE_STYLE_USAGE ( .BOTH. , #3180 ) ;
#9009 = DIRECTION ( 'NONE',  ( 0.000000000000000000, -1.000000000000000000, 0.000000000000000000 ) ) ;
#9010 = VERTEX_POINT ( 'NONE', #2386 ) ;
#9011 = DIRECTION ( 'NONE',  ( 1.000000000000000000, -0.000000000000000000, -0.000000000000000000 ) ) ;
#9012 = ADVANCED_FACE ( 'NONE', ( #6721 ), #6868, .F. ) ;
#9013 = CARTESIAN_POINT ( 'NONE',  ( 1.979612499999998443, 1.523999999999999355, -2.625089999999998369 ) ) ;
#9014 = EDGE_CURVE ( 'NONE', #5963, #9010, #92, .T. ) ;
#9015 = CARTESIAN_POINT ( 'NONE',  ( 0.9651999999999993918, 0.000000000000000000, -2.625089999999998369 ) ) ;
#9016 = PLANE ( 'NONE',  #1263 ) ;
#9017 = DIRECTION ( 'NONE',  ( -0.000000000000000000, 1.000000000000000000, -0.000000000000000000 ) ) ;
#9018 = VECTOR ( 'NONE', #3008, 1000.000000000000000 ) ;
#9019 = CARTESIAN_POINT ( 'NONE',  ( 10.69975000000000165, 11.93800000000000061, -2.438400000000001899 ) ) ;
#9020 = DIRECTION ( 'NONE',  ( -0.2567226118398023837, -0.9664851269265090083, 0.000000000000000000 ) ) ;
#9021 = DIRECTION ( 'NONE',  ( -1.000000000000000000, 0.000000000000000000, 0.000000000000000000 ) ) ;
#9022 = LINE ( 'NONE', #3777, #6946 ) ;
#9023 = ADVANCED_FACE ( 'NONE', ( #8164 ), #2283, .F. ) ;
#9024 = EDGE_LOOP ( 'NONE', ( #4221, #6286, #7099, #6906 ) ) ;
#9025 = VERTEX_POINT ( 'NONE', #3789 ) ;
#9026 = VECTOR ( 'NONE', #8713, 1000.000000000000000 ) ;
#9027 = CARTESIAN_POINT ( 'NONE',  ( 3.505199999999999871, 1.523999999999999355, -2.226310000000000233 ) ) ;
#9028 = PLANE ( 'NONE',  #7482 ) ;
#9029 = DIRECTION ( 'NONE',  ( 0.000000000000000000, -0.000000000000000000, -1.000000000000000000 ) ) ;
#9030 = AXIS2_PLACEMENT_3D ( 'NONE', #8485, #1160, #4928 ) ;
#9031 = EDGE_CURVE ( 'NONE', #1540, #1175, #2623, .T. ) ;
#9032 = VERTEX_POINT ( 'NONE', #7781 ) ;
#9033 = ORIENTED_EDGE ( 'NONE', *, *, #1465, .T. ) ;
#9034 = DIRECTION ( 'NONE',  ( 0.000000000000000000, 1.000000000000000000, 0.000000000000000000 ) ) ;
#9035 = ORIENTED_EDGE ( 'NONE', *, *, #6258, .F. ) ;
#9036 = DIRECTION ( 'NONE',  ( -0.000000000000000000, -0.000000000000000000, 1.000000000000000000 ) ) ;
#9037 = VECTOR ( 'NONE', #6840, 1000.000000000000000 ) ;
#9038 = VERTEX_POINT ( 'NONE', #4722 ) ;
#9039 = DIRECTION ( 'NONE',  ( 1.000000000000000000, -0.000000000000000000, -0.000000000000000000 ) ) ;
#9040 = ORIENTED_EDGE ( 'NONE', *, *, #2535, .T. ) ;
#9041 = DIRECTION ( 'NONE',  ( -0.2567226118398023837, -0.9664851269265090083, 0.000000000000000000 ) ) ;
#9042 = LINE ( 'NONE', #795, #4534 ) ;
#9043 = CARTESIAN_POINT ( 'NONE',  ( 5.619749999999999801, 15.49400000000000155, 0.9906000000000012573 ) ) ;
#9044 = EDGE_CURVE ( 'NONE', #3498, #2136, #7735, .T. ) ;
#9045 = CARTESIAN_POINT ( 'NONE',  ( -6.654800000000002491, 0.000000000000000000, 2.625090000000000146 ) ) ;
#9046 = ORIENTED_EDGE ( 'NONE', *, *, #3988, .F. ) ;
#9047 = DIRECTION ( 'NONE',  ( 0.9664851269265090083, -0.2567226118398023837, -0.000000000000000000 ) ) ;
#9048 = CARTESIAN_POINT ( 'NONE',  ( -4.114800000000001567, -3.175000000000000711, 2.625090000000000146 ) ) ;
#9049 = EDGE_LOOP ( 'NONE', ( #2232, #3645 ) ) ;
#9050 = LINE ( 'NONE', #5406, #2339 ) ;
#9051 = VERTEX_POINT ( 'NONE', #5573 ) ;
#9052 = FILL_AREA_STYLE ('',( #6979 ) ) ;
#9053 = ORIENTED_EDGE ( 'NONE', *, *, #4244, .T. ) ;
#9054 = DIRECTION ( 'NONE',  ( -1.000000000000000000, 0.000000000000000000, 0.000000000000000000 ) ) ;
#9055 = PLANE ( 'NONE',  #2798 ) ;
#9056 = CARTESIAN_POINT ( 'NONE',  ( 4.114800000000001567, -3.175000000000000711, -2.625089999999998369 ) ) ;
#9057 = PLANE ( 'NONE',  #7806 ) ;
#9058 = ORIENTED_EDGE ( 'NONE', *, *, #7542, .F. ) ;
#9059 = CARTESIAN_POINT ( 'NONE',  ( 0.5603875000000022588, 1.523999999999999355, 2.226310000000002010 ) ) ;
#9060 = DIRECTION ( 'NONE',  ( -0.000000000000000000, -0.000000000000000000, 1.000000000000000000 ) ) ;
#9061 = EDGE_CURVE ( 'NONE', #9174, #6915, #1906, .T. ) ;
#9062 = CARTESIAN_POINT ( 'NONE',  ( -1.979612500000005326, 1.523999999999999355, 2.226310000000002010 ) ) ;
#9063 = DIRECTION ( 'NONE',  ( -1.000000000000000000, 0.000000000000000000, 0.000000000000000000 ) ) ;
#9064 = LINE ( 'NONE', #2466, #8050 ) ;
#9065 = FACE_OUTER_BOUND ( 'NONE', #7822, .T. ) ;
#9066 = PLANE ( 'NONE',  #6115 ) ;
#9067 = ADVANCED_FACE ( 'NONE', ( #6287 ), #4809, .T. ) ;
#9068 = LINE ( 'NONE', #1161, #6728 ) ;
#9069 = ORIENTED_EDGE ( 'NONE', *, *, #4959, .T. ) ;
#9070 = EDGE_LOOP ( 'NONE', ( #931, #4192, #3953, #3106 ) ) ;
#9071 = CARTESIAN_POINT ( 'NONE',  ( 4.114800000000001567, 1.523999999999999355, 2.625090000000000146 ) ) ;
#9072 = CARTESIAN_POINT ( 'NONE',  ( -15.23999999999999666, 15.49400000000000155, 4.673600000000000421 ) ) ;
#9073 = ADVANCED_FACE ( 'NONE', ( #4770 ), #3300, .T. ) ;
#9074 = EDGE_CURVE ( 'NONE', #2024, #4625, #4031, .T. ) ;
#9075 = LINE ( 'NONE', #8358, #4548 ) ;
#9076 = AXIS2_PLACEMENT_3D ( 'NONE', #6360, #2893, #673 ) ;
#9077 = ORIENTED_EDGE ( 'NONE', *, *, #2812, .F. ) ;
#9078 = VERTEX_POINT ( 'NONE', #7010 ) ;
#9079 = CARTESIAN_POINT ( 'NONE',  ( -9.194800000000002527, 0.000000000000000000, -2.625089999999998369 ) ) ;
#9080 = ORIENTED_EDGE ( 'NONE', *, *, #8117, .F. ) ;
#9081 = LINE ( 'NONE', #7392, #5736 ) ;
#9082 = EDGE_CURVE ( 'NONE', #9287, #4120, #8367, .T. ) ;
#9083 = ORIENTED_EDGE ( 'NONE', *, *, #3468, .T. ) ;
#9084 = DIRECTION ( 'NONE',  ( 0.000000000000000000, -1.000000000000000000, 0.000000000000000000 ) ) ;
#9085 = ORIENTED_EDGE ( 'NONE', *, *, #4505, .F. ) ;
#9086 = DIRECTION ( 'NONE',  ( -0.000000000000000000, 1.000000000000000000, -0.000000000000000000 ) ) ;
#9087 = CARTESIAN_POINT ( 'NONE',  ( -1.979612500000005326, 1.523999999999999355, 2.625090000000000146 ) ) ;
#9088 = DIRECTION ( 'NONE',  ( 0.000000000000000000, 0.000000000000000000, -1.000000000000000000 ) ) ;
#9089 = ORIENTED_EDGE ( 'NONE', *, *, #7184, .F. ) ;
#9090 = CARTESIAN_POINT ( 'NONE',  ( -16.00200000000000244, 1.523999999999999355, -2.625089999999998369 ) ) ;
#9091 = DIRECTION ( 'NONE',  ( 0.000000000000000000, 0.000000000000000000, -1.000000000000000000 ) ) ;
#9092 = ORIENTED_EDGE ( 'NONE', *, *, #1297, .T. ) ;
#9093 = CARTESIAN_POINT ( 'NONE',  ( 6.654799999999995386, -3.175000000000000711, 2.625090000000000146 ) ) ;
#9094 = STYLED_ITEM ( 'NONE', ( #3413 ), #1164 ) ;
#9095 = ORIENTED_EDGE ( 'NONE', *, *, #7014, .T. ) ;
#9096 =( NAMED_UNIT ( * ) SI_UNIT ( $, .STERADIAN. ) SOLID_ANGLE_UNIT ( ) );
#9097 = ORIENTED_EDGE ( 'NONE', *, *, #5082, .F. ) ;
#9098 = ADVANCED_FACE ( 'NONE', ( #3346 ), #1038, .T. ) ;
#9099 = DIRECTION ( 'NONE',  ( 1.000000000000000000, 0.000000000000000000, 0.000000000000000000 ) ) ;
#9100 = CARTESIAN_POINT ( 'NONE',  ( 15.49400000000000155, 15.49400000000000155, -2.514600000000000612 ) ) ;
#9101 = VECTOR ( 'NONE', #2879, 1000.000000000000000 ) ;
#9102 = FACE_OUTER_BOUND ( 'NONE', #103, .T. ) ;
#9103 = CARTESIAN_POINT ( 'NONE',  ( -15.49400000000000155, 15.49400000000000155, -4.673600000000001309 ) ) ;
#9104 = VERTEX_POINT ( 'NONE', #332 ) ;
#9105 = PLANE ( 'NONE',  #203 ) ;
#9106 = COLOUR_RGB ( '',0.7921568627450980005, 0.8196078431372548767, 0.9333333333333333481 ) ;
#9107 = CARTESIAN_POINT ( 'NONE',  ( -16.00200000000000244, 6.604000000000000092, -4.673600000000001309 ) ) ;
#9108 = PLANE ( 'NONE',  #9295 ) ;
#9109 = CIRCLE ( 'NONE', #3881, 2.158999999999999364 ) ;
#9110 = DIRECTION ( 'NONE',  ( 0.000000000000000000, 0.000000000000000000, -1.000000000000000000 ) ) ;
#9111 = CARTESIAN_POINT ( 'NONE',  ( -2.000250000000002082, 10.33638951052392230, -0.9905999999999335337 ) ) ;
#9112 = AXIS2_PLACEMENT_3D ( 'NONE', #4640, #7557, #3172 ) ;
#9113 = CARTESIAN_POINT ( 'NONE',  ( -15.23999999999999666, 15.51160356504115079, -3.047999999999996934 ) ) ;
#9114 = CARTESIAN_POINT ( 'NONE',  ( -16.00200000000000244, 1.523999999999999355, 1.540677576215000011 ) ) ;
#9115 = DIRECTION ( 'NONE',  ( 0.000000000000000000, -1.000000000000000000, 0.000000000000000000 ) ) ;
#9117 = DIRECTION ( 'NONE',  ( 0.000000000000000000, 1.000000000000000000, 0.000000000000000000 ) ) ;
#9116 = VECTOR ( 'NONE', #8967, 1000.000000000000000 ) ;
#9118 = ORIENTED_EDGE ( 'NONE', *, *, #710, .F. ) ;
#9119 = ADVANCED_FACE ( 'NONE', ( #3990 ), #6914, .F. ) ;
#9120 = ORIENTED_EDGE ( 'NONE', *, *, #3879, .T. ) ;
#9121 = AXIS2_PLACEMENT_3D ( 'NONE', #8418, #4079, #418 ) ;
#9122 = CARTESIAN_POINT ( 'NONE',  ( 12.16025000000000134, 15.49400000000000155, 0.9906000000000012573 ) ) ;
#9123 = DIRECTION ( 'NONE',  ( 0.000000000000000000, 0.000000000000000000, 1.000000000000000000 ) ) ;
#9124 = DIRECTION ( 'NONE',  ( 0.000000000000000000, -0.000000000000000000, -1.000000000000000000 ) ) ;
#9125 = VECTOR ( 'NONE', #5819, 1000.000000000000000 ) ;
#9126 = ORIENTED_EDGE ( 'NONE', *, *, #5737, .T. ) ;
#9127 = ORIENTED_EDGE ( 'NONE', *, *, #8765, .F. ) ;
#9128 = CYLINDRICAL_SURFACE ( 'NONE', #7097, 0.6350000000000001199 ) ;
#9129 = ADVANCED_FACE ( 'NONE', ( #5491 ), #1823, .T. ) ;
#9130 = ORIENTED_EDGE ( 'NONE', *, *, #8455, .F. ) ;
#9131 = EDGE_CURVE ( 'NONE', #3133, #4955, #6046, .T. ) ;
#9132 = CARTESIAN_POINT ( 'NONE',  ( 12.16024999999999778, 15.49400000000000155, 0.000000000000000000 ) ) ;
#9133 = EDGE_LOOP ( 'NONE', ( #3681, #9077 ) ) ;
#9134 = CARTESIAN_POINT ( 'NONE',  ( -11.55276666162000154, 1.523999999999999355, -1.221902112197999601 ) ) ;
#9135 = EDGE_LOOP ( 'NONE', ( #2704, #2227, #1675, #3173 ) ) ;
#9136 = ADVANCED_FACE ( 'NONE', ( #4613 ), #7475, .T. ) ;
#9137 = AXIS2_PLACEMENT_3D ( 'NONE', #1329, #4169, #6380 ) ;
#9138 = SURFACE_STYLE_FILL_AREA ( #9224 ) ;
#9139 = CARTESIAN_POINT ( 'NONE',  ( 5.640387499999961918, 1.523999999999994026, -2.625089999999998369 ) ) ;
#9140 = ORIENTED_EDGE ( 'NONE', *, *, #4462, .F. ) ;
#9141 = CARTESIAN_POINT ( 'NONE',  ( -4.114800000000001567, 1.523999999999999355, 2.226310000000002010 ) ) ;
#9142 = VECTOR ( 'NONE', #7818, 1000.000000000000000 ) ;
#9143 = EDGE_CURVE ( 'NONE', #928, #1990, #316, .T. ) ;
#9144 = CARTESIAN_POINT ( 'NONE',  ( -11.73480000000000345, -3.175000000000000711, -2.226310000000000233 ) ) ;
#9145 = CIRCLE ( 'NONE', #6675, 0.6350000000000001199 ) ;
#9146 = ORIENTED_EDGE ( 'NONE', *, *, #6587, .T. ) ;
#9147 = DIRECTION ( 'NONE',  ( 0.000000000000000000, 0.000000000000000000, -1.000000000000000000 ) ) ;
#9148 = ORIENTED_EDGE ( 'NONE', *, *, #2868, .F. ) ;
#9149 = CIRCLE ( 'NONE', #5000, 0.7620000000000005658 ) ;
#9150 = VECTOR ( 'NONE', #971, 1000.000000000000000 ) ;
#9151 = CYLINDRICAL_SURFACE ( 'NONE', #489, 1.523999999999999355 ) ;
#9152 = SURFACE_SIDE_STYLE ('',( #6888 ) ) ;
#9153 = CARTESIAN_POINT ( 'NONE',  ( -3.505199999999999871, -3.175000000000000711, -2.625089999999998369 ) ) ;
#9154 = EDGE_CURVE ( 'NONE', #1992, #1670, #2200, .T. ) ;
#9155 = ORIENTED_EDGE ( 'NONE', *, *, #3769, .T. ) ;
#9156 = LINE ( 'NONE', #4247, #961 ) ;
#9157 = VECTOR ( 'NONE', #1115, 1000.000000000000000 ) ;
#9158 = VECTOR ( 'NONE', #3149, 1000.000000000000000 ) ;
#9159 =( NAMED_UNIT ( * ) SI_UNIT ( $, .STERADIAN. ) SOLID_ANGLE_UNIT ( ) );
#9160 = DIRECTION ( 'NONE',  ( -1.000000000000000000, -0.000000000000000000, -0.000000000000000000 ) ) ;
#9161 = LINE ( 'NONE', #356, #8988 ) ;
#9162 = CARTESIAN_POINT ( 'NONE',  ( -8.585200000000000387, 1.523999999999999355, 2.625090000000000146 ) ) ;
#9163 = FACE_OUTER_BOUND ( 'NONE', #421, .T. ) ;
#9164 = CARTESIAN_POINT ( 'NONE',  ( 6.045200000000000351, 1.523999999999999355, -2.226310000000000233 ) ) ;
#9165 = PLANE ( 'NONE',  #3345 ) ;
#9166 = EDGE_LOOP ( 'NONE', ( #5999, #9080, #3146, #439 ) ) ;
#9167 = DIRECTION ( 'NONE',  ( 1.000000000000000000, 0.000000000000000000, 0.000000000000000000 ) ) ;
#9168 = DIRECTION ( 'NONE',  ( 1.000000000000000000, 0.000000000000000000, 0.000000000000000000 ) ) ;
#9169 = VECTOR ( 'NONE', #2719, 1000.000000000000000 ) ;
#9170 = DIRECTION ( 'NONE',  ( 0.000000000000000000, -0.9396926207858973257, -0.3420201433256990220 ) ) ;
#9171 = ORIENTED_EDGE ( 'NONE', *, *, #1440, .F. ) ;
#9172 = ORIENTED_EDGE ( 'NONE', *, *, #138, .F. ) ;
#9173 = CARTESIAN_POINT ( 'NONE',  ( -11.15060000000037199, 1.523999999999999355, -1.329987205696237407 ) ) ;
#9174 = VERTEX_POINT ( 'NONE', #1654 ) ;
#9175 = CARTESIAN_POINT ( 'NONE',  ( -16.00200000000000244, -3.175000000000000711, 2.226310000000002010 ) ) ;
#9176 = ORIENTED_EDGE ( 'NONE', *, *, #425, .T. ) ;
#9177 = DIRECTION ( 'NONE',  ( -1.000000000000000000, 0.000000000000000000, 0.000000000000000000 ) ) ;
#9178 = VERTEX_POINT ( 'NONE', #2419 ) ;
#9179 = VECTOR ( 'NONE', #221, 1000.000000000000227 ) ;
#9180 = CARTESIAN_POINT ( 'NONE',  ( -15.23999999999999666, 15.49954413850670143, -3.911600000000003075 ) ) ;
#9181 = ADVANCED_FACE ( 'NONE', ( #8201 ), #973, .T. ) ;
#9182 = MANIFOLD_SOLID_BREP ( 'Split2[13]', #2695 ) ;
#9183 = ORIENTED_EDGE ( 'NONE', *, *, #1727, .T. ) ;
#9184 = CARTESIAN_POINT ( 'NONE',  ( -12.70000000000000284, 0.000000000000000000, 2.540000000000000480 ) ) ;
#9185 = CARTESIAN_POINT ( 'NONE',  ( -5.640387500000003662, 1.523999999999999355, -2.625089999999998369 ) ) ;
#9186 = EDGE_CURVE ( 'NONE', #7541, #5490, #7578, .T. ) ;
#9187 = VECTOR ( 'NONE', #210, 1000.000000000000114 ) ;
#9188 = DIRECTION ( 'NONE',  ( -1.000000000000000000, 0.000000000000000000, 0.000000000000000000 ) ) ;
#9189 = AXIS2_PLACEMENT_3D ( 'NONE', #1678, #6726, #7307 ) ;
#9190 = ORIENTED_EDGE ( 'NONE', *, *, #8654, .T. ) ;
#9191 = PLANE ( 'NONE',  #9390 ) ;
#9192 = VERTEX_POINT ( 'NONE', #270 ) ;
#9193 = VECTOR ( 'NONE', #9228, 1000.000000000000000 ) ;
#9194 = ADVANCED_FACE ( 'NONE', ( #3193 ), #7627, .T. ) ;
#9195 = EDGE_CURVE ( 'NONE', #6630, #7967, #9064, .T. ) ;
#9196 = CARTESIAN_POINT ( 'NONE',  ( -11.19293335351932051, 1.523999999999999355, -1.459689378452333930 ) ) ;
#9197 = LINE ( 'NONE', #1923, #7860 ) ;
#9198 =( NAMED_UNIT ( * ) PLANE_ANGLE_UNIT ( ) SI_UNIT ( $, .RADIAN. ) );
#9199 = CARTESIAN_POINT ( 'NONE',  ( -9.194800000000002527, 0.000000000000000000, -2.625089999999998369 ) ) ;
#9200 = ORIENTED_EDGE ( 'NONE', *, *, #4072, .T. ) ;
#9201 = LINE ( 'NONE', #3460, #6339 ) ;
#9202 = VECTOR ( 'NONE', #4684, 1000.000000000000000 ) ;
#9203 =( NAMED_UNIT ( * ) SI_UNIT ( $, .STERADIAN. ) SOLID_ANGLE_UNIT ( ) );
#9204 = PRESENTATION_LAYER_ASSIGNMENT (  '', '', ( #5531 ) ) ;
#9205 = DIRECTION ( 'NONE',  ( 0.000000000000000000, -0.9396926207858973257, -0.3420201433256990220 ) ) ;
#9206 = CARTESIAN_POINT ( 'NONE',  ( 9.599612500000034743, 1.523999999999994026, 2.625090000000000146 ) ) ;
#9207 = FACE_OUTER_BOUND ( 'NONE', #7554, .T. ) ;
#9208 = DIRECTION ( 'NONE',  ( 0.000000000000000000, -1.000000000000000000, 0.000000000000000000 ) ) ;
#9209 = DIRECTION ( 'NONE',  ( -1.000000000000000000, 0.000000000000000000, 0.000000000000000000 ) ) ;
#9210 = VERTEX_POINT ( 'NONE', #6176 ) ;
#9211 = LINE ( 'NONE', #4892, #7903 ) ;
#9212 = ADVANCED_FACE ( 'NONE', ( #4511 ), #7426, .T. ) ;
#9213 = MANIFOLD_SOLID_BREP ( 'Split1[21]', #9302 ) ;
#9214 = DIRECTION ( 'NONE',  ( 0.000000000000000000, 1.000000000000000000, 0.000000000000000000 ) ) ;
#9215 = EDGE_LOOP ( 'NONE', ( #2040, #6168, #4593, #9465 ) ) ;
#9216 = VERTEX_POINT ( 'NONE', #2196 ) ;
#9217 = LINE ( 'NONE', #5534, #7577 ) ;
#9218 = ORIENTED_EDGE ( 'NONE', *, *, #8540, .T. ) ;
#9219 = CARTESIAN_POINT ( 'NONE',  ( -16.00200000000000244, 1.523999999999999355, 2.625090000000000146 ) ) ;
#9220 = VERTEX_POINT ( 'NONE', #3502 ) ;
#9221 = DIRECTION ( 'NONE',  ( 0.2567226118398505674, 0.9664851269264961298, 0.000000000000000000 ) ) ;
#9222 = EDGE_LOOP ( 'NONE', ( #1135, #5344, #4533, #2458 ) ) ;
#9223 = DIRECTION ( 'NONE',  ( 1.000000000000000000, 0.000000000000000000, 0.000000000000000000 ) ) ;
#9224 = FILL_AREA_STYLE ('',( #6293 ) ) ;
#9225 = VECTOR ( 'NONE', #5029, 1000.000000000000000 ) ;
#9226 = VECTOR ( 'NONE', #3704, 1000.000000000000000 ) ;
#9227 = ORIENTED_EDGE ( 'NONE', *, *, #3833, .T. ) ;
#9228 = DIRECTION ( 'NONE',  ( -0.000000000000000000, -0.000000000000000000, 1.000000000000000000 ) ) ;
#9229 = CARTESIAN_POINT ( 'NONE',  ( -13.84300000000000175, 6.604000000000000092, 3.810000000000000941 ) ) ;
#9230 = EDGE_CURVE ( 'NONE', #7353, #4596, #7987, .T. ) ;
#9231 = ORIENTED_EDGE ( 'NONE', *, *, #762, .F. ) ;
#9232 = LINE ( 'NONE', #2822, #7565 ) ;
#9233 = ORIENTED_EDGE ( 'NONE', *, *, #6700, .T. ) ;
#9234 = FACE_OUTER_BOUND ( 'NONE', #1913, .T. ) ;
#9235 = DIRECTION ( 'NONE',  ( -1.000000000000000000, -0.000000000000000000, -0.000000000000000000 ) ) ;
#9236 = VERTEX_POINT ( 'NONE', #703 ) ;
#9237 = DIRECTION ( 'NONE',  ( 1.000000000000000000, 0.000000000000000000, 0.000000000000000000 ) ) ;
#9238 = ADVANCED_FACE ( 'NONE', ( #751 ), #2101, .T. ) ;
#9239 = EDGE_CURVE ( 'NONE', #3946, #4852, #9516, .T. ) ;
#9240 = CARTESIAN_POINT ( 'NONE',  ( -11.08710000000000306, 1.397000000000000686, -1.524540434550998969 ) ) ;
#9241 = ADVANCED_FACE ( 'NONE', ( #1389 ), #3694, .F. ) ;
#9242 = AXIS2_PLACEMENT_3D ( 'NONE', #1831, #5749, #9352 ) ;
#9243 = LINE ( 'NONE', #1929, #4349 ) ;
#9244 = MECHANICAL_DESIGN_GEOMETRIC_PRESENTATION_REPRESENTATION (  '', ( #8172 ), #8000 ) ;
#9245 = LINE ( 'NONE', #7717, #1424 ) ;
#9246 = EDGE_CURVE ( 'NONE', #6609, #1860, #3601, .T. ) ;
#9247 = PLANE ( 'NONE',  #3156 ) ;
#9248 = DIRECTION ( 'NONE',  ( -0.000000000000000000, -1.000000000000000000, -0.000000000000000000 ) ) ;
#9249 = LINE ( 'NONE', #7721, #434 ) ;
#9250 = EDGE_LOOP ( 'NONE', ( #6005, #2470, #1028, #8417, #8566, #5441, #1871, #2578, #7648, #8521, #3289, #8253 ) ) ;
#9251 = AXIS2_PLACEMENT_3D ( 'NONE', #3678, #5991, #8922 ) ;
#9252 = VECTOR ( 'NONE', #907, 1000.000000000000000 ) ;
#9253 = LINE ( 'NONE', #2706, #73 ) ;
#9254 = DIRECTION ( 'NONE',  ( -0.9664851269264842504, -0.2567226118398958090, 0.000000000000000000 ) ) ;
#9255 = VECTOR ( 'NONE', #3330, 1000.000000000000114 ) ;
#9256 = UNCERTAINTY_MEASURE_WITH_UNIT (LENGTH_MEASURE( 1.000000000000000082E-05 ), #2400, 'distance_accuracy_value', 'NONE');
#9257 = ORIENTED_EDGE ( 'NONE', *, *, #1722, .F. ) ;
#9258 = VERTEX_POINT ( 'NONE', #5008 ) ;
#9259 = CARTESIAN_POINT ( 'NONE',  ( -9.620250000000003965, 15.49400000000000155, -0.9905999999999994809 ) ) ;
#9260 = CIRCLE ( 'NONE', #8036, 2.158999999999999364 ) ;
#9261 = EDGE_CURVE ( 'NONE', #2901, #551, #7128, .T. ) ;
#9262 = ORIENTED_EDGE ( 'NONE', *, *, #4039, .F. ) ;
#9263 = VERTEX_POINT ( 'NONE', #8749 ) ;
#9264 = DIRECTION ( 'NONE',  ( 0.000000000000000000, 1.000000000000000000, 0.000000000000000000 ) ) ;
#9265 = ORIENTED_EDGE ( 'NONE', *, *, #2426, .F. ) ;
#9266 = DIRECTION ( 'NONE',  ( 0.000000000000000000, 1.000000000000000000, 0.000000000000000000 ) ) ;
#9267 = VECTOR ( 'NONE', #8022, 1000.000000000000000 ) ;
#9268 = VECTOR ( 'NONE', #4964, 1000.000000000000000 ) ;
#9269 = EDGE_LOOP ( 'NONE', ( #8307, #6585, #6662, #3552 ) ) ;
#9270 = CARTESIAN_POINT ( 'NONE',  ( -6.654800000000002491, -3.175000000000000711, -2.625089999999998369 ) ) ;
#9271 = CARTESIAN_POINT ( 'NONE',  ( 4.519612499999999145, 1.523999999999999355, -2.226309999999997125 ) ) ;
#9272 = STYLED_ITEM ( 'NONE', ( #1606 ), #9213 ) ;
#9273 = EDGE_LOOP ( 'NONE', ( #4544, #7778, #6376, #8118 ) ) ;
#9274 =( GEOMETRIC_REPRESENTATION_CONTEXT ( 3 ) GLOBAL_UNCERTAINTY_ASSIGNED_CONTEXT ( ( #2801 ) ) GLOBAL_UNIT_ASSIGNED_CONTEXT ( ( #2151, #7262, #9421 ) ) REPRESENTATION_CONTEXT ( 'NONE', 'WORKASPACE' ) );
#9275 = DIRECTION ( 'NONE',  ( -1.000000000000000000, 0.000000000000000000, 0.000000000000000000 ) ) ;
#9276 = ORIENTED_EDGE ( 'NONE', *, *, #7743, .T. ) ;
#9277 = DIRECTION ( 'NONE',  ( -1.000000000000000000, -0.000000000000000000, -0.000000000000000000 ) ) ;
#9278 = CARTESIAN_POINT ( 'NONE',  ( 4.114799999999994462, -3.175000000000000711, -2.226310000000000233 ) ) ;
#9279 = EDGE_CURVE ( 'NONE', #7395, #5392, #2150, .T. ) ;
#9280 = CARTESIAN_POINT ( 'NONE',  ( -11.44693332323996238, 1.397000000000000686, -1.200285093498206335 ) ) ;
#9281 = COLOUR_RGB ( '',0.7921568627450980005, 0.8196078431372548767, 0.9333333333333333481 ) ;
#9282 = UNCERTAINTY_MEASURE_WITH_UNIT (LENGTH_MEASURE( 1.000000000000000082E-05 ), #3832, 'distance_accuracy_value', 'NONE');
#9283 = PRESENTATION_STYLE_ASSIGNMENT (( #7118 ) ) ;
#9284 = DIRECTION ( 'NONE',  ( -0.000000000000000000, -0.000000000000000000, 1.000000000000000000 ) ) ;
#9285 = ORIENTED_EDGE ( 'NONE', *, *, #2461, .T. ) ;
#9286 = LINE ( 'NONE', #1846, #1260 ) ;
#9287 = VERTEX_POINT ( 'NONE', #563 ) ;
#9288 = PRESENTATION_STYLE_ASSIGNMENT (( #7993 ) ) ;
#9289 = VECTOR ( 'NONE', #1701, 1000.000000000000000 ) ;
#9290 = LINE ( 'NONE', #1973, #8179 ) ;
#9291 = CARTESIAN_POINT ( 'NONE',  ( -6.045200000000000351, -3.175000000000000711, 2.625090000000000146 ) ) ;
#9292 = EDGE_CURVE ( 'NONE', #3634, #3569, #6625, .T. ) ;
#9293 = DIRECTION ( 'NONE',  ( 0.000000000000000000, 1.000000000000000000, 0.000000000000000000 ) ) ;
#9294 = CARTESIAN_POINT ( 'NONE',  ( 4.540249999999995900, 15.49400000000000155, 0.000000000000000000 ) ) ;
#9295 = AXIS2_PLACEMENT_3D ( 'NONE', #3189, #214, #4749 ) ;
#9296 = LINE ( 'NONE', #2703, #9225 ) ;
#9297 = EDGE_CURVE ( 'NONE', #3546, #8754, #611, .T. ) ;
#9298 = EDGE_LOOP ( 'NONE', ( #2146, #5927, #8214, #6460 ) ) ;
#9299 = CARTESIAN_POINT ( 'NONE',  ( 9.194800000000002527, 0.000000000000000000, -2.625089999999998369 ) ) ;
#9300 = CARTESIAN_POINT ( 'NONE',  ( 14.60500000000000043, 4.572000000000000064, -3.047999999999996934 ) ) ;
#9301 = AXIS2_PLACEMENT_3D ( 'NONE', #530, #6313, #3420 ) ;
#9302 = CLOSED_SHELL ( 'NONE', ( #3856, #1995, #3363, #8927, #1384, #3556, #1840, #2757 ) ) ;
#9303 = CARTESIAN_POINT ( 'NONE',  ( 4.114800000000001567, 1.523999999999999355, 2.226310000000002010 ) ) ;
#9304 = EDGE_CURVE ( 'NONE', #877, #1173, #5158, .T. ) ;
#9305 = EDGE_CURVE ( 'NONE', #4954, #1445, #5770, .T. ) ;
#9306 = CARTESIAN_POINT ( 'NONE',  ( -11.32840000000000202, 1.523999999999999355, 1.092200000000001392 ) ) ;
#9307 = ORIENTED_EDGE ( 'NONE', *, *, #2043, .F. ) ;
#9308 = ORIENTED_EDGE ( 'NONE', *, *, #643, .F. ) ;
#9309 = DIRECTION ( 'NONE',  ( 0.000000000000000000, -1.000000000000000000, 0.000000000000000000 ) ) ;
#9310 = ORIENTED_EDGE ( 'NONE', *, *, #4411, .F. ) ;
#9311 = ORIENTED_EDGE ( 'NONE', *, *, #6557, .T. ) ;
#9312 = CARTESIAN_POINT ( 'NONE',  ( -11.12943335351999963, 1.523999999999999355, -1.157051056099001496 ) ) ;
#9313 = ORIENTED_EDGE ( 'NONE', *, *, #3169, .T. ) ;
#9314 = LINE ( 'NONE', #7206, #2979 ) ;
#9315 = CIRCLE ( 'NONE', #5190, 2.158999999999999364 ) ;
#9316 = EDGE_LOOP ( 'NONE', ( #21, #3219, #6421, #7710, #1199, #4317, #8386 ) ) ;
#9317 = CARTESIAN_POINT ( 'NONE',  ( -14.60500000000000043, 0.000000000000000000, -3.047999999999996934 ) ) ;
#9318 = ADVANCED_FACE ( 'NONE', ( #42 ), #2972, .F. ) ;
#9319 = CIRCLE ( 'NONE', #6716, 0.6350000000000001199 ) ;
#9320 = EDGE_LOOP ( 'NONE', ( #5056, #4300, #2550, #2275, #9520, #7204 ) ) ;
#9321 = PLANE ( 'NONE',  #616 ) ;
#9322 = VERTEX_POINT ( 'NONE', #7164 ) ;
#9323 = DIRECTION ( 'NONE',  ( -1.000000000000000000, 0.000000000000000000, 0.000000000000000000 ) ) ;
#9324 = LINE ( 'NONE', #4957, #4378 ) ;
#9325 = EDGE_CURVE ( 'NONE', #2533, #5955, #7214, .T. ) ;
#9326 = CARTESIAN_POINT ( 'NONE',  ( 16.00199999999999889, 4.572000000000000064, 3.048000000000002263 ) ) ;
#9328 = PLANE ( 'NONE',  #783 ) ;
#9327 = AXIS2_PLACEMENT_3D ( 'NONE', #9385, #4503, #6596 ) ;
#9329 = CARTESIAN_POINT ( 'NONE',  ( -4.114800000000001567, 1.523999999999999355, -2.226310000000000233 ) ) ;
#9330 = VECTOR ( 'NONE', #626, 1000.000000000000000 ) ;
#9331 = ORIENTED_EDGE ( 'NONE', *, *, #5698, .T. ) ;
#9332 = DIRECTION ( 'NONE',  ( 1.000000000000000000, 0.000000000000000000, 0.000000000000000000 ) ) ;
#9333 = ORIENTED_EDGE ( 'NONE', *, *, #5666, .F. ) ;
#9334 = PLANE ( 'NONE',  #4616 ) ;
#9335 = EDGE_CURVE ( 'NONE', #5800, #4954, #8992, .T. ) ;
#9336 = VECTOR ( 'NONE', #6973, 1000.000000000000000 ) ;
#9337 = DIRECTION ( 'NONE',  ( 0.000000000000000000, -1.000000000000000000, 0.000000000000000000 ) ) ;
#9338 = PLANE ( 'NONE',  #5716 ) ;
#9339 = LINE ( 'NONE', #1158, #7265 ) ;
#9340 = FACE_OUTER_BOUND ( 'NONE', #4022, .T. ) ;
#9341 = DIRECTION ( 'NONE',  ( 0.000000000000000000, 1.000000000000000000, 0.000000000000000000 ) ) ;
#9342 = VECTOR ( 'NONE', #4339, 1000.000000000000000 ) ;
#9343 = STYLED_ITEM ( 'NONE', ( #4227 ), #7658 ) ;
#9344 = CARTESIAN_POINT ( 'NONE',  ( 0.9651999999999993918, 0.000000000000000000, -2.625089999999998369 ) ) ;
#9345 = EDGE_LOOP ( 'NONE', ( #6964, #4008, #5030, #888, #3007, #1418, #2810, #6578, #2142, #1379 ) ) ;
#9346 = DIRECTION ( 'NONE',  ( 0.2377711385310060377, 0.000000000000000000, -0.9713212062349246834 ) ) ;
#9347 = ADVANCED_FACE ( 'NONE', ( #4586 ), #6770, .T. ) ;
#9348 = LINE ( 'NONE', #8536, #7762 ) ;
#9349 = CARTESIAN_POINT ( 'NONE',  ( -0.5397499999999986198, 11.93800000000000061, -2.438400000000001899 ) ) ;
#9350 = EDGE_CURVE ( 'NONE', #8876, #7202, #9042, .T. ) ;
#9351 = DIRECTION ( 'NONE',  ( 0.000000000000000000, 0.000000000000000000, -1.000000000000000000 ) ) ;
#9352 = DIRECTION ( 'NONE',  ( 0.000000000000000000, -1.000000000000000000, 0.000000000000000000 ) ) ;
#9353 = EDGE_LOOP ( 'NONE', ( #6891, #419, #2012, #7000 ) ) ;
#9354 = CARTESIAN_POINT ( 'NONE',  ( 3.100387500000037377, 1.524000000000004462, -2.625089999999998369 ) ) ;
#9355 = ORIENTED_EDGE ( 'NONE', *, *, #5440, .T. ) ;
#9356 = FACE_OUTER_BOUND ( 'NONE', #2034, .T. ) ;
#9357 = ORIENTED_EDGE ( 'NONE', *, *, #8026, .T. ) ;
#9358 = EDGE_CURVE ( 'NONE', #6237, #2929, #8939, .T. ) ;
#9359 = EDGE_CURVE ( 'NONE', #7620, #4576, #6057, .T. ) ;
#9360 = ORIENTED_EDGE ( 'NONE', *, *, #8422, .T. ) ;
#9361 = DIRECTION ( 'NONE',  ( 1.000000000000000000, 0.000000000000000000, 0.000000000000000000 ) ) ;
#9362 = ORIENTED_EDGE ( 'NONE', *, *, #6379, .F. ) ;
#9363 = EDGE_CURVE ( 'NONE', #6126, #4450, #7397, .T. ) ;
#9364 = ORIENTED_EDGE ( 'NONE', *, *, #7645, .T. ) ;
#9365 = EDGE_CURVE ( 'NONE', #5219, #1084, #1723, .T. ) ;
#9366 = VERTEX_POINT ( 'NONE', #3745 ) ;
#9367 = CARTESIAN_POINT ( 'NONE',  ( -6.654800000000002491, 0.000000000000000000, -2.625089999999998369 ) ) ;
#9368 = VERTEX_POINT ( 'NONE', #8225 ) ;
#9369 = ORIENTED_EDGE ( 'NONE', *, *, #6032, .T. ) ;
#9370 = CARTESIAN_POINT ( 'NONE',  ( 15.24000000000000021, 6.604000000000000092, -3.047999999999996934 ) ) ;
#9371 = CARTESIAN_POINT ( 'NONE',  ( -11.73480000000000345, 0.000000000000000000, -2.625089999999998369 ) ) ;
#9372 = PRESENTATION_STYLE_ASSIGNMENT (( #5721 ) ) ;
#9373 = FACE_OUTER_BOUND ( 'NONE', #4100, .T. ) ;
#9374 = FACE_OUTER_BOUND ( 'NONE', #733, .T. ) ;
#9375 = DIRECTION ( 'NONE',  ( -0.5466227293957726108, 0.000000000000000000, 0.8373790012341580935 ) ) ;
#9376 = LINE ( 'NONE', #5015, #573 ) ;
#9377 = ORIENTED_EDGE ( 'NONE', *, *, #7123, .F. ) ;
#9378 = DIRECTION ( 'NONE',  ( -0.2567226118398958090, -0.9664851269264842504, 0.000000000000000000 ) ) ;
#9379 = ADVANCED_FACE ( 'NONE', ( #846 ), #3794, .F. ) ;
#9380 = EDGE_LOOP ( 'NONE', ( #7770, #3539, #7612, #4525 ) ) ;
#9381 = CARTESIAN_POINT ( 'NONE',  ( -0.9651999999999993918, 0.000000000000000000, -2.625089999999998369 ) ) ;
#9382 = CARTESIAN_POINT ( 'NONE',  ( -0.5397499999999986198, 13.53961048947610912, 0.9905999999999665073 ) ) ;
#9383 = FACE_OUTER_BOUND ( 'NONE', #4631, .T. ) ;
#9384 = DIRECTION ( 'NONE',  ( -0.000000000000000000, -0.000000000000000000, 1.000000000000000000 ) ) ;
#9385 = CARTESIAN_POINT ( 'NONE',  ( -14.60500000000000043, 1.106182791009999500, 2.137382390413999911 ) ) ;
#9386 = CARTESIAN_POINT ( 'NONE',  ( 11.12520000000000131, 0.000000000000000000, 2.625090000000000146 ) ) ;
#9387 = EDGE_LOOP ( 'NONE', ( #2165, #4319, #3965, #988 ) ) ;
#9388 = FACE_OUTER_BOUND ( 'NONE', #3529, .T. ) ;
#9389 = LINE ( 'NONE', #585, #6522 ) ;
#9390 = AXIS2_PLACEMENT_3D ( 'NONE', #1838, #8433, #1095 ) ;
#9391 = CARTESIAN_POINT ( 'NONE',  ( 16.05555164856999895, 13.97000000000000064, 0.9906000000000012573 ) ) ;
#9392 = EDGE_CURVE ( 'NONE', #9366, #4901, #4678, .T. ) ;
#9393 = PLANE ( 'NONE',  #4983 ) ;
#9394 = CARTESIAN_POINT ( 'NONE',  ( -16.00200000000000244, 1.523999999999999355, -2.625089999999998369 ) ) ;
#9395 = EDGE_LOOP ( 'NONE', ( #1564, #6384, #2870, #7819, #7852, #1105, #5673, #2619 ) ) ;
#9397 = DIRECTION ( 'NONE',  ( 0.000000000000000000, -1.000000000000000000, 0.000000000000000000 ) ) ;
#9396 = AXIS2_PLACEMENT_3D ( 'NONE', #1, #57, #5879 ) ;
#9398 = ORIENTED_EDGE ( 'NONE', *, *, #1543, .F. ) ;
#9399 = LINE ( 'NONE', #7291, #6635 ) ;
#9400 = ORIENTED_EDGE ( 'NONE', *, *, #6437, .T. ) ;
#9401 = AXIS2_PLACEMENT_3D ( 'NONE', #7242, #5801, #3581 ) ;
#9402 = ORIENTED_EDGE ( 'NONE', *, *, #9031, .T. ) ;
#9403 = PLANE ( 'NONE',  #8704 ) ;
#9404 = EDGE_LOOP ( 'NONE', ( #9262, #3831, #6622, #6905 ) ) ;
#9405 = VECTOR ( 'NONE', #443, 1000.000000000000000 ) ;
#9406 = FACE_OUTER_BOUND ( 'NONE', #5356, .T. ) ;
#9407 = AXIS2_PLACEMENT_3D ( 'NONE', #1538, #803, #5826 ) ;
#9408 = EDGE_CURVE ( 'NONE', #1540, #5236, #148, .T. ) ;
#9409 = EDGE_LOOP ( 'NONE', ( #392, #1620 ) ) ;
#9410 =( NAMED_UNIT ( * ) SI_UNIT ( $, .STERADIAN. ) SOLID_ANGLE_UNIT ( ) );
#9411 = ORIENTED_EDGE ( 'NONE', *, *, #6962, .T. ) ;
#9412 = MECHANICAL_DESIGN_GEOMETRIC_PRESENTATION_REPRESENTATION (  '', ( #4051 ), #5709 ) ;
#9413 = LINE ( 'NONE', #605, #2659 ) ;
#9414 = EDGE_CURVE ( 'NONE', #6374, #6686, #2391, .T. ) ;
#9415 = ORIENTED_EDGE ( 'NONE', *, *, #609, .F. ) ;
#9416 = DIRECTION ( 'NONE',  ( 0.000000000000000000, 0.000000000000000000, -1.000000000000000000 ) ) ;
#9417 = VERTEX_POINT ( 'NONE', #8273 ) ;
#9418 = VECTOR ( 'NONE', #4911, 1000.000000000000000 ) ;
#9419 = FACE_OUTER_BOUND ( 'NONE', #3725, .T. ) ;
#9420 =( GEOMETRIC_REPRESENTATION_CONTEXT ( 3 ) GLOBAL_UNCERTAINTY_ASSIGNED_CONTEXT ( ( #5615 ) ) GLOBAL_UNIT_ASSIGNED_CONTEXT ( ( #4918, #5635, #4099 ) ) REPRESENTATION_CONTEXT ( 'NONE', 'WORKASPACE' ) );
#9421 =( NAMED_UNIT ( * ) SI_UNIT ( $, .STERADIAN. ) SOLID_ANGLE_UNIT ( ) );
#9422 = LINE ( 'NONE', #517, #8334 ) ;
#9423 = EDGE_CURVE ( 'NONE', #3123, #9366, #2288, .T. ) ;
#9424 = CARTESIAN_POINT ( 'NONE',  ( -12.70000000000000284, 1.523999999999999355, 3.810000000000000941 ) ) ;
#9425 = AXIS2_PLACEMENT_3D ( 'NONE', #822, #219, #5988 ) ;
#9426 = EDGE_LOOP ( 'NONE', ( #3778, #8554, #1385, #3883 ) ) ;
#9427 = CARTESIAN_POINT ( 'NONE',  ( 8.585200000000000387, 0.000000000000000000, -2.226309999999997125 ) ) ;
#9428 = STYLED_ITEM ( 'NONE', ( #2031 ), #4235 ) ;
#9429 = ORIENTED_EDGE ( 'NONE', *, *, #3575, .T. ) ;
#9430 = FACE_OUTER_BOUND ( 'NONE', #5585, .T. ) ;
#9431 = LINE ( 'NONE', #3560, #9478 ) ;
#9432 = PRESENTATION_LAYER_ASSIGNMENT (  '', '', ( #383 ) ) ;
#9433 = DIRECTION ( 'NONE',  ( 0.000000000000000000, 1.000000000000000000, 0.000000000000000000 ) ) ;
#9434 = ADVANCED_FACE ( 'NONE', ( #4487 ), #3066, .T. ) ;
#9435 = FILL_AREA_STYLE ('',( #1401 ) ) ;
#9436 = DIRECTION ( 'NONE',  ( -0.7659742160925783194, 0.000000000000000000, 0.6428712937138818528 ) ) ;
#9437 = DIRECTION ( 'NONE',  ( -0.000000000000000000, -1.000000000000000000, -0.000000000000000000 ) ) ;
#9438 = LINE ( 'NONE', #9386, #916 ) ;
#9439 = ORIENTED_EDGE ( 'NONE', *, *, #5486, .T. ) ;
#9440 = VECTOR ( 'NONE', #1315, 1000.000000000000000 ) ;
#9441 = VECTOR ( 'NONE', #5656, 1000.000000000000000 ) ;
#9442 = DIRECTION ( 'NONE',  ( 0.2567226118398510670, 0.9664851269264960187, 0.000000000000000000 ) ) ;
#9443 = CARTESIAN_POINT ( 'NONE',  ( -12.70000000000000284, 1.523999999999999355, -1.540677576214998235 ) ) ;
#9444 = CARTESIAN_POINT ( 'NONE',  ( -16.00200000000000244, -3.175000000000000711, 0.000000000000000000 ) ) ;
#9445 = AXIS2_PLACEMENT_3D ( 'NONE', #8451, #405, #444 ) ;
#9446 = ADVANCED_FACE ( 'NONE', ( #3893 ), #6822, .T. ) ;
#9447 = VECTOR ( 'NONE', #8915, 1000.000000000000000 ) ;
#9448 =( NAMED_UNIT ( * ) PLANE_ANGLE_UNIT ( ) SI_UNIT ( $, .RADIAN. ) );
#9449 = CARTESIAN_POINT ( 'NONE',  ( -11.15060000000000429, 1.523999999999999355, -1.373221303654000414 ) ) ;
#9450 = ORIENTED_EDGE ( 'NONE', *, *, #6317, .F. ) ;
#9451 = DIRECTION ( 'NONE',  ( -0.000000000000000000, -1.000000000000000000, -0.000000000000000000 ) ) ;
#9452 = ORIENTED_EDGE ( 'NONE', *, *, #131, .F. ) ;
#9453 = CARTESIAN_POINT ( 'NONE',  ( -15.49400000000000155, 15.49400000000000155, 2.514599999999998836 ) ) ;
#9454 = ORIENTED_EDGE ( 'NONE', *, *, #1110, .F. ) ;
#9455 = VECTOR ( 'NONE', #4884, 1000.000000000000000 ) ;
#9456 = CLOSED_SHELL ( 'NONE', ( #8186, #1088, #3415, #3724 ) ) ;
#9457 = ORIENTED_EDGE ( 'NONE', *, *, #150, .F. ) ;
#9458 = FACE_OUTER_BOUND ( 'NONE', #2402, .T. ) ;
#9459 = ORIENTED_EDGE ( 'NONE', *, *, #3715, .F. ) ;
#9460 = CARTESIAN_POINT ( 'NONE',  ( 3.079749999999999321, 13.53961048947610912, -0.9905999999999682837 ) ) ;
#9461 = ORIENTED_EDGE ( 'NONE', *, *, #1949, .T. ) ;
#9462 = CARTESIAN_POINT ( 'NONE',  ( -7.080250000000003041, 10.33638951052389210, -0.9905999999999682837 ) ) ;
#9463 = ORIENTED_EDGE ( 'NONE', *, *, #3670, .F. ) ;
#9464 = LINE ( 'NONE', #8075, #365 ) ;
#9465 = ORIENTED_EDGE ( 'NONE', *, *, #592, .F. ) ;
#9466 = DIRECTION ( 'NONE',  ( -1.000000000000000000, -0.000000000000000000, -0.000000000000000000 ) ) ;
#9467 = EDGE_LOOP ( 'NONE', ( #9000, #8635, #3779, #4379 ) ) ;
#9468 = EDGE_CURVE ( 'NONE', #1072, #5660, #6976, .T. ) ;
#9469 = FACE_OUTER_BOUND ( 'NONE', #3915, .T. ) ;
#9470 = CARTESIAN_POINT ( 'NONE',  ( -4.114800000000001567, 0.000000000000000000, -2.226310000000000233 ) ) ;
#9471 = VECTOR ( 'NONE', #9221, 1000.000000000000227 ) ;
#9472 = ADVANCED_FACE ( 'NONE', ( #3021 ), #3215, .T. ) ;
#9473 = DIRECTION ( 'NONE',  ( -0.000000000000000000, -1.000000000000000000, -0.000000000000000000 ) ) ;
#9474 = DIRECTION ( 'NONE',  ( 0.000000000000000000, -0.000000000000000000, -1.000000000000000000 ) ) ;
#9475 = SURFACE_STYLE_FILL_AREA ( #2199 ) ;
#9476 = ORIENTED_EDGE ( 'NONE', *, *, #7913, .T. ) ;
#9477 = LINE ( 'NONE', #4492, #5588 ) ;
#9478 = VECTOR ( 'NONE', #3292, 1000.000000000000114 ) ;
#9479 = EDGE_LOOP ( 'NONE', ( #4189, #4068, #9333, #1968 ) ) ;
#9480 =( NAMED_UNIT ( * ) PLANE_ANGLE_UNIT ( ) SI_UNIT ( $, .RADIAN. ) );
#9481 = ADVANCED_FACE ( 'NONE', ( #2490 ), #5249, .T. ) ;
#9482 = DIRECTION ( 'NONE',  ( 0.000000000000000000, -1.000000000000000000, 0.000000000000000000 ) ) ;
#9483 = EDGE_CURVE ( 'NONE', #8825, #934, #7826, .T. ) ;
#9484 = VECTOR ( 'NONE', #2611, 1000.000000000000000 ) ;
#9485 = CARTESIAN_POINT ( 'NONE',  ( -11.73480000000000345, -3.175000000000000711, 2.226310000000002010 ) ) ;
#9486 = STYLED_ITEM ( 'NONE', ( #3040 ), #1073 ) ;
#9487 = CARTESIAN_POINT ( 'NONE',  ( -6.654800000000002491, 0.000000000000000000, -2.226310000000000233 ) ) ;
#9488 = CARTESIAN_POINT ( 'NONE',  ( 14.60500000000000043, 0.000000000000000000, 2.540000000000000480 ) ) ;
#9489 = CARTESIAN_POINT ( 'NONE',  ( -11.74326666540767583, 1.523999999999999355, -1.243519130900276881 ) ) ;
#9490 = LINE ( 'NONE', #1404, #460 ) ;
#9491 = AXIS2_PLACEMENT_3D ( 'NONE', #7415, #9009, #3763 ) ;
#9492 = ORIENTED_EDGE ( 'NONE', *, *, #2566, .T. ) ;
#9493 = CARTESIAN_POINT ( 'NONE',  ( -12.70000000000000284, 1.523999999999999355, -1.540677576214998235 ) ) ;
#9494 = CARTESIAN_POINT ( 'NONE',  ( 13.84300000000000175, 0.000000000000000000, 3.048000000000002263 ) ) ;
#9495 = DIRECTION ( 'NONE',  ( -1.000000000000000000, 0.000000000000000000, 0.000000000000000000 ) ) ;
#9496 = AXIS2_PLACEMENT_3D ( 'NONE', #9185, #7830, #1786 ) ;
#9497 = FACE_OUTER_BOUND ( 'NONE', #8337, .T. ) ;
#9498 = DIRECTION ( 'NONE',  ( 0.000000000000000000, -1.000000000000000000, 0.000000000000000000 ) ) ;
#9499 = ORIENTED_EDGE ( 'NONE', *, *, #787, .F. ) ;
#9500 = CARTESIAN_POINT ( 'NONE',  ( -11.65860000000000518, 1.397000000000000686, -1.329987205696001373 ) ) ;
#9501 = ORIENTED_EDGE ( 'NONE', *, *, #5332, .F. ) ;
#9502 = PLANE ( 'NONE',  #5123 ) ;
#9503 = VERTEX_POINT ( 'NONE', #2589 ) ;
#9504 = EDGE_CURVE ( 'NONE', #78, #3336, #7053, .T. ) ;
#9505 = ORIENTED_EDGE ( 'NONE', *, *, #1550, .T. ) ;
#9506 = DIRECTION ( 'NONE',  ( 0.6428712937138818528, 0.000000000000000000, 0.7659742160925783194 ) ) ;
#9507 =( GEOMETRIC_REPRESENTATION_CONTEXT ( 3 ) GLOBAL_UNCERTAINTY_ASSIGNED_CONTEXT ( ( #8873 ) ) GLOBAL_UNIT_ASSIGNED_CONTEXT ( ( #4607, #8049, #3671 ) ) REPRESENTATION_CONTEXT ( 'NONE', 'WORKASPACE' ) );
#9508 = DIRECTION ( 'NONE',  ( -1.000000000000000000, 0.000000000000000000, 0.000000000000000000 ) ) ;
#9509 = VERTEX_POINT ( 'NONE', #1910 ) ;
#9510 = EDGE_LOOP ( 'NONE', ( #5058, #5805, #3011, #711 ) ) ;
#9511 = LINE ( 'NONE', #4286, #8505 ) ;
#9512 = ORIENTED_EDGE ( 'NONE', *, *, #4133, .F. ) ;
#9513 = LINE ( 'NONE', #1485, #2005 ) ;
#9514 = ORIENTED_EDGE ( 'NONE', *, *, #2485, .F. ) ;
#9515 = DIRECTION ( 'NONE',  ( 0.9664851269265090083, -0.2567226118398023837, -0.000000000000000000 ) ) ;
#9516 = LINE ( 'NONE', #3548, #3128 ) ;
#9517 = FACE_OUTER_BOUND ( 'NONE', #3853, .T. ) ;
#9518 = DIRECTION ( 'NONE',  ( 0.000000000000000000, -1.000000000000000000, 0.000000000000000000 ) ) ;
#9519 = EDGE_CURVE ( 'NONE', #4028, #6806, #4037, .T. ) ;
#9520 = ORIENTED_EDGE ( 'NONE', *, *, #327, .F. ) ;
#9521 = DIRECTION ( 'NONE',  ( -1.000000000000000000, 0.000000000000000000, 0.000000000000000000 ) ) ;
#9522 = ORIENTED_EDGE ( 'NONE', *, *, #1651, .F. ) ;
#9523 = SURFACE_STYLE_USAGE ( .BOTH. , #53 ) ;
#9524 = ORIENTED_EDGE ( 'NONE', *, *, #5557, .T. ) ;
#9525 = DIRECTION ( 'NONE',  ( 0.000000000000000000, -1.000000000000000000, 0.000000000000000000 ) ) ;
ENDSEC;
END-ISO-10303-21;
